Rndrng_NPI,Rndrng_Prvdr_Last_Org_Name,Rndrng_Prvdr_First_Name,Rndrng_Prvdr_City,Rndrng_Prvdr_State_Abrvtn,Rndrng_Prvdr_Zip5,Rndrng_Prvdr_RUCA,Rndrng_Prvdr_Type,HCPCS_Cd,HCPCS_Desc,Place_Of_Srvc,Tot_Benes,Tot_Srvcs,Tot_Bene_Day_Srvcs,Avg_Sbmtd_Chrg,Avg_Mdcr_Alowd_Amt,Avg_Mdcr_Pymt_Amt,Avg_Mdcr_Stdzd_Amt
1003043712,Gorokhov,Igor,Beverly Hills,CA,90210,1,Internal Medicine,G2012,"Brief communication technology-based service, e.g. virtual check-in, by a physician or other qualified health care professional who can report evaluation and management services, provided to an established patient, not originating from a related e/m servic",O,202,499.0,499,27.969819639,15.62244489,11.708837675,10.906553106
1003108549,Zhou,Shaoqing,Annapolis,MD,21401,1,Urology,G2012,"Brief communication technology-based service, e.g. virtual check-in, by a physician or other qualified health care professional who can report evaluation and management services, provided to an established patient, not originating from a related e/m servic",O,12,17.0,17,15.68,15.63,12.49,11.58
1003147687,Ackerman,Jessica,Honolulu,HI,96815,1,Nurse Practitioner,G2012,"Brief communication technology-based service, e.g. virtual check-in, by a physician or other qualified health care professional who can report evaluation and management services, provided to an established patient, not originating from a related e/m servic",O,58,65.0,65,33.615384615,12.931538462,9.5446153846,9.1601538462
1003159104,Imam,Mohammed,Arlington,TX,76005,1,Internal Medicine,Q3014,Telehealth originating site facility fee,O,45,52.0,52,96.923076923,25.235192308,20.105769231,20.608653846
1003162736,Calzado,Jimmy,Rio Rancho,NM,87124,1,Nurse Practitioner,Q3014,Telehealth originating site facility fee,O,90,355.0,355,20.0,19.704028169,14.504732394,14.504732394
1003244294,Terry,Sue,Riverton,KS,66770,2,Nurse Practitioner,Q3014,Telehealth originating site facility fee,O,33,41.0,41,30.0,25.969512195,8.8173170732,8.8173170732
1003801309,Schneyer,Barton,Southport,NC,28461,4,Pulmonary Disease,99091,"Collection and interpretation of physical parameters stored in computers and/or transmitted by the patient and/or caregiver to qualified health care professional, requiring 30 minutes or more, per 30 days",O,239,851.0,851,100.0,55.652432432,42.172479436,43.650434783
1003831959,Demuri,Bernadette,Wauwatosa,WI,53226,1,Psychiatry,Q3014,Telehealth originating site facility fee,O,17,60.0,60,30.47,25.779,18.108333333,18.108333333
1003841503,Kapoor,Ashika,Phila,PA,19141,1,Psychiatry,Q3014,Telehealth originating site facility fee,O,18,60.0,60,24.0,23.663666667,16.646666667,16.646666667
1003847450,Turner,Richard,Paradise,CA,95969,4.1,Family Practice,99453,"Remote monitoring of physiologic parameters, initial set-up and patient education on use of equipment",O,22,22.0,22,21.0,20.42,16.28,15.26
1003847450,Turner,Richard,Paradise,CA,95969,4.1,Family Practice,99454,"Remote monitoring of physiologic parameters, initial supply of devices with daily recordings or programmed alerts transmission, each 30 days",O,22,72.0,72,69.0,67.72,53.98,50.29
1003851395,Defeo,David,Winston Salem,NC,27103,1,Critical Care (Intensivists),99457,"Remote monitoring of physiologic parameters management services, 20 minutes or more of qualified health care professional time per calendar month",O,59,67.0,67,55.0,48.810746269,37.806716418,39.26358209
1003859158,Cannon,Sheila,Shallotte,NC,28470,1,Nurse Practitioner,Q3014,Telehealth originating site facility fee,O,25,72.0,72,21.25,21.000277778,12.233194444,12.233194444
1003859596,Barr,Mary,Grand Rapids,MI,49546,1,Nurse Practitioner,Q3014,Telehealth originating site facility fee,O,78,102.0,102,43.941176471,25.745098039,19.76245098,19.76245098
1003875923,Robertson,Bruce,San Leandro,CA,94578,1,Family Practice,99453,"Remote monitoring of physiologic parameters, initial set-up and patient education on use of equipment",O,41,41.0,41,30.0,24.289268293,18.702439024,14.887804878
1003875923,Robertson,Bruce,San Leandro,CA,94578,1,Family Practice,99454,"Remote monitoring of physiologic parameters, initial supply of devices with daily recordings or programmed alerts transmission, each 30 days",O,45,196.0,196,75.0,71.45,56.45,50.29
1003897380,Gaston,Robert,Hermitage,TN,37076,1,General Practice,99453,"Remote monitoring of physiologic parameters, initial set-up and patient education on use of equipment",O,34,34.0,34,20.0,17.381176471,13.082352941,14.481176471
1003897380,Gaston,Robert,Hermitage,TN,37076,1,General Practice,99454,"Remote monitoring of physiologic parameters, initial supply of devices with daily recordings or programmed alerts transmission, each 30 days",O,36,76.0,76,65.0,57.591842105,44.847894737,49.133947368
1003897380,Gaston,Robert,Hermitage,TN,37076,1,General Practice,99457,"Remote monitoring of physiologic parameters management services, 20 minutes or more of qualified health care professional time per calendar month",O,21,42.0,42,55.0,48.010714286,37.901666667,39.920952381
1003901810,Paila,Kalavati,Richland,WA,99352,1,Hospitalist,Q3014,Telehealth originating site facility fee,O,12,14.0,14,50.0,25.73,20.5,20.5
1003931742,Zia,Khursheed,Kansas City,MO,64124,1,Psychiatry,Q3014,Telehealth originating site facility fee,O,26,81.0,81,50.740740741,25.766296296,18.728888889,18.728888889
1003966359,Sah,Alexander,Fremont,CA,94536,1,Orthopedic Surgery,G2010,"Remote evaluation of recorded video and/or images submitted by an established patient (e.g., store and forward), including interpretation with follow-up with the patient within 24 business hours, not originating from a related e/m service provided within t",O,20,20.0,20,30.0,14.64,11.69,9.89
1003966359,Sah,Alexander,Fremont,CA,94536,1,Orthopedic Surgery,G2012,"Brief communication technology-based service, e.g. virtual check-in, by a physician or other qualified health care professional who can report evaluation and management services, provided to an established patient, not originating from a related e/m servic",O,20,20.0,20,50.0,16.52,13.19,11.59
1003975467,Jensen,Sandra,Rapid City,SD,57702,1,"Psychologist, Clinical",Q3014,Telehealth originating site facility fee,O,75,174.0,174,52.0,25.73,20.5,20.5
1003977836,Li,Yong,Menasha,WI,54952,1,Psychiatry,Q3014,Telehealth originating site facility fee,O,59,103.0,103,36.8,25.74223301,19.902912621,19.902912621
1003990896,Budreau,Tina,Clinton,IA,52732,4,Nurse Practitioner,Q3014,Telehealth originating site facility fee,O,23,73.0,73,100.0,25.813835616,16.407945205,16.407945205
1013069442,Morrow,Vicki,Westfield,NC,27053,2,Psychiatry,Q3014,Telehealth originating site facility fee,O,29,186.0,186,35.0,25.752580645,19.397849462,19.397849462
1013097831,Foxman,Alex,Beverly Hills,CA,90210,1,Internal Medicine,G2010,"Remote evaluation of recorded video and/or images submitted by an established patient (e.g., store and forward), including interpretation with follow-up with the patient within 24 business hours, not originating from a related e/m service provided within t",O,11,11.0,11,15.0,13.64,8.8690909091,8.0918181818
1013097831,Foxman,Alex,Beverly Hills,CA,90210,1,Internal Medicine,G2012,"Brief communication technology-based service, e.g. virtual check-in, by a physician or other qualified health care professional who can report evaluation and management services, provided to an established patient, not originating from a related e/m servic",O,471,1721.0,1721,32.996606624,15.62030215,11.760377687,10.958006973
1013129105,Flowers,Brian,Birmingham,AL,35235,1,Cardiology,99454,"Remote monitoring of physiologic parameters, initial supply of devices with daily recordings or programmed alerts transmission, each 30 days",O,14,37.0,37,85.0,56.62,45.23,50.29
1013129105,Flowers,Brian,Birmingham,AL,35235,1,Cardiology,99457,"Remote monitoring of physiologic parameters management services, 20 minutes or more of qualified health care professional time per calendar month",O,17,33.0,33,70.0,47.44,37.9,40.4
1013147990,Esin,Esiri,Nashville,TN,37208,1,Psychiatry,Q3014,Telehealth originating site facility fee,O,58,106.0,106,25.76,25.504716981,12.571509434,12.571509434
1013167170,Joseph,Louis,West Palm Beach,FL,33405,1,Psychiatry,Q3014,Telehealth originating site facility fee,O,74,381.0,381,26.15,25.76664042,18.711286089,18.711286089
1013180793,Ahmed,Raees,Sugar Land,TX,77479,1,Psychiatry,Q3014,Telehealth originating site facility fee,O,75,87.0,87,26.017816092,25.648275862,18.05045977,18.05045977
1013207778,Dutler,Lindsey,Sioux City,IA,51103,1,Nurse Practitioner,Q3014,Telehealth originating site facility fee,O,50,69.0,67,137.89855072,25.357101449,20.202898551,20.581884058
1013232453,Zomerlei,Amy,Grand Rapids,MI,49546,1,Nurse Practitioner,Q3014,Telehealth originating site facility fee,O,42,44.0,44,43.909090909,24.671590909,18.084090909,19.191818182
1013247915,Varughese,Christopher,Staten Island,NY,10314,1,Cardiology,99457,"Remote monitoring of physiologic parameters management services, 20 minutes or more of qualified health care professional time per calendar month",O,12,12.0,12,150.0,51.37,40.9475,41.251666667
1013275478,Garoon,Robert,Des Plaines,IL,60016,1,Ophthalmology,G2010,"Remote evaluation of recorded video and/or images submitted by an established patient (e.g., store and forward), including interpretation with follow-up with the patient within 24 business hours, not originating from a related e/m service provided within t",O,22,30.0,30,13.748,12.991666667,9.6483333333,9.2283333333
1013416718,Madden,Tara,West Columbia,SC,29169,1,Nurse Practitioner,G2012,"Brief communication technology-based service, e.g. virtual check-in, by a physician or other qualified health care professional who can report evaluation and management services, provided to an established patient, not originating from a related e/m servic",O,17,25.0,25,15.31,11.72,9.34,9.85
1013462738,Mullins,Alex,Louisville,KY,40202,1,Nurse Practitioner,Q3014,Telehealth originating site facility fee,O,43,127.0,127,40.0,25.78511811,17.808740157,17.808740157
1013905157,Criner,Gerard,Philadelphia,PA,19140,1,Pulmonary Disease,99454,"Remote monitoring of physiologic parameters, initial supply of devices with daily recordings or programmed alerts transmission, each 30 days",O,24,99.0,99,140.0,68.7,54.9,50.29
1013914597,Olson,Mary,Vermillion,SD,57069,4,Family Practice,Q3014,Telehealth originating site facility fee,O,16,27.0,27,45.0,25.751481481,19.459259259,19.459259259
1013919604,Reed,Charles,Winnsboro,LA,71295,7,Family Practice,99453,"Remote monitoring of physiologic parameters, initial set-up and patient education on use of equipment",O,18,18.0,18,187.77777778,17.09,13.62,15.26
1013920362,Thomas,Corwin,Lafayette,LA,70508,1,Cardiology,99453,"Remote monitoring of physiologic parameters, initial set-up and patient education on use of equipment",O,30,30.0,30,45.0,17.22,13.75,15.26
1013920362,Thomas,Corwin,Lafayette,LA,70508,1,Cardiology,99457,"Remote monitoring of physiologic parameters management services, 20 minutes or more of qualified health care professional time per calendar month",O,31,64.0,64,80.0,47.80078125,38.1534375,40.40015625
1013929132,Gersappe,Anand,Seattle,WA,98122,1,Neurology,99457,"Remote monitoring of physiologic parameters management services, 20 minutes or more of qualified health care professional time per calendar month",O,12,12.0,12,116.0,54.8175,43.81,40.4
1013938844,Plumage,Darrell,Pierre,SD,57501,4,Internal Medicine,Q3014,Telehealth originating site facility fee,O,25,40.0,40,35.95,25.34425,17.78625,18.22775
1023008547,Hodous,Bert,Arcadia,WI,54612,7,Family Practice,Q3014,Telehealth originating site facility fee,O,15,17.0,17,45.0,25.828823529,15.676470588,15.676470588
1023020484,Schubert,Daniel,Marshall,MN,56258,4,Certified Clinical Nurse Specialist,Q3014,Telehealth originating site facility fee,O,39,89.0,89,51.0,25.792134831,17.469101124,17.469101124
1023045358,Terentiev,Andrei,Edgewater,NJ,7020,1,Internal Medicine,G2012,"Brief communication technology-based service, e.g. virtual check-in, by a physician or other qualified health care professional who can report evaluation and management services, provided to an established patient, not originating from a related e/m servic",O,72,131.0,131,52.442748092,15.802977099,10.842824427,9.997480916
1023049079,Sachdeva,Ashish,Peoria,AZ,85381,1,Internal Medicine,99453,"Remote monitoring of physiologic parameters, initial set-up and patient education on use of equipment",O,96,97.0,97,40.0,18.403298969,14.516701031,15.14814433
1023049079,Sachdeva,Ashish,Peoria,AZ,85381,1,Internal Medicine,99454,"Remote monitoring of physiologic parameters, initial supply of devices with daily recordings or programmed alerts transmission, each 30 days",O,98,191.0,191,170.0,60.743979058,48.113193717,50.118795812
1023049079,Sachdeva,Ashish,Peoria,AZ,85381,1,Internal Medicine,99457,"Remote monitoring of physiologic parameters management services, 20 minutes or more of qualified health care professional time per calendar month",O,97,214.0,214,125.0,49.310140187,39.115841121,40.310514019
1023052578,Saulle,Leonardo,New Hyde Park,NY,11042,1,Cardiology,99453,"Remote monitoring of physiologic parameters, initial set-up and patient education on use of equipment",O,15,15.0,15,100.0,23.76,19.0,15.26
1023052578,Saulle,Leonardo,New Hyde Park,NY,11042,1,Cardiology,99454,"Remote monitoring of physiologic parameters, initial supply of devices with daily recordings or programmed alerts transmission, each 30 days",O,31,78.0,78,100.0,77.535769231,62.006666667,50.29
1023052578,Saulle,Leonardo,New Hyde Park,NY,11042,1,Cardiology,99457,"Remote monitoring of physiologic parameters management services, 20 minutes or more of qualified health care professional time per calendar month",O,30,56.0,56,100.0,59.78,47.81,40.4
1023053279,Von Sohsten,Roberto,Atlantis,FL,33462,1,Cardiology,99453,"Remote monitoring of physiologic parameters, initial set-up and patient education on use of equipment",O,15,16.0,16,40.0,19.9,15.9,15.290625
1023053279,Von Sohsten,Roberto,Atlantis,FL,33462,1,Cardiology,99454,"Remote monitoring of physiologic parameters, initial supply of devices with daily recordings or programmed alerts transmission, each 30 days",O,27,150.0,150,130.39333333,64.756466667,51.0546,49.619466667
1023053279,Von Sohsten,Roberto,Atlantis,FL,33462,1,Cardiology,99457,"Remote monitoring of physiologic parameters management services, 20 minutes or more of qualified health care professional time per calendar month",O,28,152.0,152,107.0,52.801447368,41.914013158,40.135986842
1023057213,Brown,Kimberly,Charleston,SC,29414,1,"Psychologist, Clinical",Q3014,Telehealth originating site facility fee,O,126,773.0,773,27.966364812,25.736856404,19.691733506,19.691733506
1023074341,Zhang,Douglas,San Leandro,CA,94578,1,General Practice,99453,"Remote monitoring of physiologic parameters, initial set-up and patient education on use of equipment",O,93,94.0,94,30.0,24.301914894,18.498510638,14.710957447
1023074341,Zhang,Douglas,San Leandro,CA,94578,1,General Practice,99454,"Remote monitoring of physiologic parameters, initial supply of devices with daily recordings or programmed alerts transmission, each 30 days",O,92,337.0,337,75.0,71.257329377,56.210504451,50.2315727
1023089851,Jensen,Regina,Wilmington,NC,28405,1,Internal Medicine,G2012,"Brief communication technology-based service, e.g. virtual check-in, by a physician or other qualified health care professional who can report evaluation and management services, provided to an established patient, not originating from a related e/m servic",O,24,267.0,267,56.0,13.984307116,10.931385768,11.383258427
1023092020,Liang,Wen,Henderson,NV,89052,1,Internal Medicine,G2012,"Brief communication technology-based service, e.g. virtual check-in, by a physician or other qualified health care professional who can report evaluation and management services, provided to an established patient, not originating from a related e/m servic",O,21,22.0,22,20.12,14.790909091,11.292272727,11.063181818
1023113610,Chen,Haifan,Flushing,NY,11354,1,Family Practice,99457,"Remote monitoring of physiologic parameters management services, 20 minutes or more of qualified health care professional time per calendar month",O,47,74.0,74,80.0,59.19,46.562162162,39.955675676
1023121837,Dysinger,Wayne,Riverside,CA,92506,1,Family Practice,99453,"Remote monitoring of physiologic parameters, initial set-up and patient education on use of equipment",O,16,16.0,16,35.0,20.46,16.3,16.3
1023128980,Zwald,Arlene,Round Rock,TX,78664,1,Nurse Practitioner,Q3014,Telehealth originating site facility fee,O,27,101.0,101,26.0,25.617227723,18.576039604,18.576039604
1023165610,Moore,Jacob,Honolulu,HI,96813,1,Nurse Practitioner,G2012,"Brief communication technology-based service, e.g. virtual check-in, by a physician or other qualified health care professional who can report evaluation and management services, provided to an established patient, not originating from a related e/m servic",O,60,71.0,71,33.816901408,12.933098592,8.738028169,8.323943662
1023192721,Reyzelman,Alexander,San Francisco,CA,94115,1,Podiatry,99453,"Remote monitoring of physiologic parameters, initial set-up and patient education on use of equipment",O,14,18.0,18,125.0,22.705,18.180555556,15.683333333
1023192721,Reyzelman,Alexander,San Francisco,CA,94115,1,Podiatry,99454,"Remote monitoring of physiologic parameters, initial supply of devices with daily recordings or programmed alerts transmission, each 30 days",O,12,27.0,27,125.0,78.111111111,62.435185185,51.221851852
1023192721,Reyzelman,Alexander,San Francisco,CA,94115,1,Podiatry,99457,"Remote monitoring of physiologic parameters management services, 20 minutes or more of qualified health care professional time per calendar month",O,20,51.0,51,200.0,57.586862745,45.045882353,40.20254902
1023272036,Goyal,Monika,Lebanon,MO,65536,4,Psychiatry,Q3014,Telehealth originating site facility fee,O,57,174.0,174,50.735632184,25.791494253,17.501724138,17.501724138
1023385531,Sneed,Dennis,Houston,TX,77030,1,Nurse Practitioner,Q3014,Telehealth originating site facility fee,O,45,68.0,68,40.294117647,25.506470588,18.217647059,18.217647059
1023413556,Taylor,Sarah,Houston,TX,77045,1,Nurse Practitioner,Q3014,Telehealth originating site facility fee,O,11,18.0,18,30.0,25.8,17.083333333,17.083333333
1023416781,Gillum,Codey,Roxbury Crossing,MA,2120,1,Physician Assistant,99091,"Collection and interpretation of physical parameters stored in computers and/or transmitted by the patient and/or caregiver to qualified health care professional, requiring 30 minutes or more, per 30 days",O,13,13.0,13,200.0,52.49,41.82,38.9
1023446457,Albright,Natalia,Dallas,TX,75252,1,Nurse Practitioner,Q3014,Telehealth originating site facility fee,O,37,70.0,70,25.509285714,25.175571429,16.32,16.32
1023487576,Sellek,Randi,Champaign,IL,61820,1,Licensed Clinical Social Worker,Q3014,Telehealth originating site facility fee,O,21,26.0,26,41.0,25.73,20.5,20.5
1023494226,Pedersen,Sarah,Centralia,WA,98531,4,Physician Assistant,Q3014,Telehealth originating site facility fee,O,30,35.0,35,50.0,25.742,19.914285714,19.914285714
1023517125,Labertew,Holly,Indianola,IA,50125,2,Nurse Practitioner,Q3014,Telehealth originating site facility fee,O,291,999.0,999,30.176176176,25.752132132,19.420840841,19.420840841
1023522737,Hagan,Alison,Lawrenceburg,TN,38464,4,Nurse Practitioner,Q3014,Telehealth originating site facility fee,O,52,52.0,52,80.0,25.754230769,19.317307692,19.317307692
1033134143,Davies,Tracy,Topeka,KS,66606,1,Nurse Practitioner,Q3014,Telehealth originating site facility fee,O,17,37.0,37,30.0,25.843513514,14.959459459,14.959459459
1033136999,Goven,Genevieve,Valley City,ND,58072,7,Family Practice,Q3014,Telehealth originating site facility fee,O,23,27.0,27,50.0,25.765185185,18.785925926,18.785925926
1033148176,Mata,Rodrigo,Kenosha,WI,53142,1.1,Internal Medicine,99453,"Remote monitoring of physiologic parameters, initial set-up and patient education on use of equipment",O,96,105.0,105,21.095333333,18.186,14.260666667,14.843904762
1033148176,Mata,Rodrigo,Kenosha,WI,53142,1.1,Internal Medicine,99454,"Remote monitoring of physiologic parameters, initial supply of devices with daily recordings or programmed alerts transmission, each 30 days",O,63,153.0,153,57.706143791,57.570784314,46.030915033,49.870392157
1033148176,Mata,Rodrigo,Kenosha,WI,53142,1.1,Internal Medicine,99457,"Remote monitoring of physiologic parameters management services, 20 minutes or more of qualified health care professional time per calendar month",O,63,158.0,158,80.799050633,48.954810127,39.14056962,40.208860759
1033152103,Snitzer,Jack,Salisbury,MD,21804,1,Endocrinology,Q3014,Telehealth originating site facility fee,O,31,38.0,38,35.0,25.741052632,19.960526316,19.960526316
1033231188,Samadder,Gautam,Columbus,OH,43213,1,Internal Medicine,99091,"Collection and interpretation of physical parameters stored in computers and/or transmitted by the patient and/or caregiver to qualified health care professional, requiring 30 minutes or more, per 30 days",O,168,189.0,189,150.0,55.669100529,44.012698413,45.532751323
1033268065,Sodhi,Preeti,Dallas,TX,75235,1,Psychiatry,Q3014,Telehealth originating site facility fee,O,35,102.0,102,146.11647059,25.779803922,15.872352941,15.872352941
1033363676,Amin,Amina,Columbia,MO,65203,1,Psychiatry,Q3014,Telehealth originating site facility fee,O,36,154.0,154,50.727272727,25.78525974,17.804155844,17.804155844
1033373329,Mathias,Jason,Chicago,IL,60611,1,Internal Medicine,G2012,"Brief communication technology-based service, e.g. virtual check-in, by a physician or other qualified health care professional who can report evaluation and management services, provided to an established patient, not originating from a related e/m servic",O,26,30.0,30,24.0,15.670666667,12.112333333,11.194
1033455365,Lyon,Virginia,Willimantic,CT,6226,4.1,Licensed Clinical Social Worker,Q3014,Telehealth originating site facility fee,O,26,122.0,122,27.808196721,25.705819672,18.978032787,18.978032787
1033522396,Siedler,Robert,Cleveland,OH,44106,1,Psychiatry,Q3014,Telehealth originating site facility fee,O,59,98.0,98,26.15,25.737755102,20.119591837,20.119591837
1033585286,Thompson,Deidra,Pearl,MS,39208,1,Nurse Practitioner,Q3014,Telehealth originating site facility fee,O,347,2244.0,2244,30.0,25.752945633,19.380824421,19.380828877
1043211758,Palmer,Clemmie,Montgomery,AL,36116,1,Psychiatry,Q3014,Telehealth originating site facility fee,O,71,116.0,116,25.4,25.146551724,12.308103448,12.308103448
1043269632,Dorris,Geraldine,Naples,FL,34110,1,Nurse Practitioner,Q3014,Telehealth originating site facility fee,O,39,88.0,88,25.0,24.652386364,17.035340909,17.035340909
1043275696,Strong,Jennifer,Menomonie,WI,54751,4,Family Practice,Q3014,Telehealth originating site facility fee,O,22,27.0,27,40.0,25.776666667,18.222222222,18.222222222
1043311293,Williams,Kenneth,Elk City,KS,67344,8,Psychiatry,Q3014,Telehealth originating site facility fee,O,70,80.0,80,50.0,25.500625,19.5515,19.800375
1043335946,Okeke,Emmanuel,Larned,KS,67550,7,Psychiatry,Q3014,Telehealth originating site facility fee,O,17,63.0,63,50.0,25.75,19.523809524,19.523809524
1043367204,Liguori,Michael,New York,NY,10011,1,Internal Medicine,G2012,"Brief communication technology-based service, e.g. virtual check-in, by a physician or other qualified health care professional who can report evaluation and management services, provided to an established patient, not originating from a related e/m servic",O,84,132.0,132,18.14,16.355681818,12.733863636,11.316818182
1043389273,Colombo,Paula,Traverse City,MI,49684,4,Psychiatry,Q3014,Telehealth originating site facility fee,O,32,66.0,66,55.0,25.756969697,19.186666667,19.186666667
1043406069,Samuels,Angella,Snellville,GA,30078,1,Nurse Practitioner,99457,"Remote monitoring of physiologic parameters management services, 20 minutes or more of qualified health care professional time per calendar month",O,16,34.0,34,47.454705882,40.892647059,32.619411765,34.338235294
1043432669,Harms,Monica,Lake Forest,CA,92630,1.1,General Practice,99457,"Remote monitoring of physiologic parameters management services, 20 minutes or more of qualified health care professional time per calendar month",O,23,114.0,114,81.0,56.39,44.97,40.4
1043500598,Vu,Khiem,Victoria,TX,77901,1,Internal Medicine,G2012,"Brief communication technology-based service, e.g. virtual check-in, by a physician or other qualified health care professional who can report evaluation and management services, provided to an established patient, not originating from a related e/m servic",O,12,12.0,12,20.0,14.164166667,10.349166667,10.636666667
1043511215,Jones,Olivia,Wentzville,MO,63385,1,Nurse Practitioner,Q3014,Telehealth originating site facility fee,O,13,49.0,49,51.306122449,25.730204082,20.488571429,20.488571429
1043532369,Sanchez Chavez,Jose,Coral Gables,FL,33134,1,General Practice,99091,"Collection and interpretation of physical parameters stored in computers and/or transmitted by the patient and/or caregiver to qualified health care professional, requiring 30 minutes or more, per 30 days",O,97,160.0,160,75.0,55.8821875,44.61725,45.5708125
1043564636,Morris,Traci,Beckley,WV,25801,1,Nurse Practitioner,Q3014,Telehealth originating site facility fee,O,15,22.0,22,26.4,25.73,20.5,20.5
1043631344,Grossman-Orr,Mareida,Greensboro,NC,27401,1,Licensed Clinical Social Worker,Q3014,Telehealth originating site facility fee,O,15,15.0,15,27.0,25.73,20.5,20.5
1043684897,Mwangi,Duncan,Dallas,TX,75211,1,Nurse Practitioner,Q3014,Telehealth originating site facility fee,O,81,159.0,159,26.007735849,25.572641509,16.54591195,16.54591195
1043703887,Jeppeson,Tenaea,Fort Dodge,IA,50501,4,Nurse Practitioner,Q3014,Telehealth originating site facility fee,O,47,115.0,115,30.234782609,25.767826087,18.656,18.656
1043744501,Bates,Katie,Wenatchee,WA,98801,1,Nurse Practitioner,Q3014,Telehealth originating site facility fee,O,61,61.0,61,53.0,25.837540984,15.25442623,15.25442623
1043753403,Jackson,Nicole,Columbus,OH,43215,1,Nurse Practitioner,Q3014,Telehealth originating site facility fee,O,106,285.0,285,30.0,25.766491228,18.717929825,18.717964912
1043767122,Barber,Mindy,Kennewick,WA,99336,1,Nurse Practitioner,Q3014,Telehealth originating site facility fee,O,29,39.0,39,50.0,25.73,20.5,20.5
1053303461,Vaughan,Mark,Auburn,CA,95602,3,General Practice,99453,"Remote monitoring of physiologic parameters, initial set-up and patient education on use of equipment",O,51,51.0,51,37.352941176,21.042352941,14.85,13.464705882
1053303461,Vaughan,Mark,Auburn,CA,95602,3,General Practice,99454,"Remote monitoring of physiologic parameters, initial supply of devices with daily recordings or programmed alerts transmission, each 30 days",O,45,269.0,269,76.431226766,69.77,55.8,50.29
1053303461,Vaughan,Mark,Auburn,CA,95602,3,General Practice,99457,"Remote monitoring of physiologic parameters management services, 20 minutes or more of qualified health care professional time per calendar month",O,45,259.0,259,60.077220077,54.01,43.19,40.4
1053353946,Root,Kenneth,Grand Rapids,MI,49546,1,Physician Assistant,Q3014,Telehealth originating site facility fee,O,14,15.0,15,43.0,25.798,17.170666667,17.170666667
1053373662,Ozborn,Charles,Eupora,MS,39744,10,Family Practice,Q3014,Telehealth originating site facility fee,O,13,18.0,18,36.333333333,25.73,20.5,20.5
1053376475,Gillette,Daniel,Sioux City,IA,51106,1,Psychiatry,Q3014,Telehealth originating site facility fee,O,22,27.0,27,50.0,25.73,20.5,20.5
1053392985,Roden,Raymond,Grand Rapids,MI,49525,1,Cardiology,Q3014,Telehealth originating site facility fee,O,17,17.0,17,43.0,25.73,20.5,20.5
1053399915,Mahal,Satnam,Osage Beach,MO,65065,7,Psychiatry,Q3014,Telehealth originating site facility fee,O,154,463.0,463,50.825053996,25.808596112,16.66775378,16.66775378
1053457127,Mehdian,Ramin,Newbury Park,CA,91320,1,Pulmonary Disease,99091,"Collection and interpretation of physical parameters stored in computers and/or transmitted by the patient and/or caregiver to qualified health care professional, requiring 30 minutes or more, per 30 days",O,59,79.0,79,100.0,60.47,48.2,45.78
1053486035,Maeshiro,Joan,Honolulu,HI,96813,1,Nurse Practitioner,G2012,"Brief communication technology-based service, e.g. virtual check-in, by a physician or other qualified health care professional who can report evaluation and management services, provided to an established patient, not originating from a related e/m servic",O,71,88.0,88,33.727272727,12.931704545,9.4767045455,9.0375
1053494831,Mchenry,David,Jackson,MS,39216,1,Neurology,Q3014,Telehealth originating site facility fee,O,56,66.0,66,18.0,17.527272727,11.948484848,12.175757576
1053569897,Shiralkar,Namita,New Orleans,LA,70112,1,Psychiatry,Q3014,Telehealth originating site facility fee,O,43,151.0,151,26.0,25.635695364,17.679139073,17.679139073
1053574376,Mclaughlin,Michael,Tulsa,OK,74136,1,Sleep Medicine,99091,"Collection and interpretation of physical parameters stored in computers and/or transmitted by the patient and/or caregiver to qualified health care professional, requiring 30 minutes or more, per 30 days",O,231,382.0,382,120.0,56.323481675,42.687539267,43.499450262
1053609586,Bassi,Roopsi,Hattiesburg,MS,39402,1,Psychiatry,Q3014,Telehealth originating site facility fee,O,50,190.0,190,32.0,25.058105263,17.929105263,18.653842105
1053612697,Hackney,Kendra,Thief River Falls,MN,56701,7,Nurse Practitioner,Q3014,Telehealth originating site facility fee,O,19,25.0,25,35.0,25.7468,19.68,19.68
1053630806,Haynes,Joanne,Jackson,MS,39216,1,Nurse Practitioner,Q3014,Telehealth originating site facility fee,O,24,48.0,48,15.0,14.795,10.045,10.045
1053654541,Nichols,Chloe,Frederick,MD,21702,1.1,Nurse Practitioner,Q3014,Telehealth originating site facility fee,O,20,49.0,49,50.0,25.73,20.5,20.5
1053835637,Huckett,Lindsey,Santa Ana,CA,92705,1,Nurse Practitioner,Q3014,Telehealth originating site facility fee,O,18,22.0,22,50.0,25.749090909,19.568181818,19.568181818
1063408870,Mcgee,Paul,Newton,IA,50208,4,Physician Assistant,Q3014,Telehealth originating site facility fee,O,153,565.0,565,30.451327434,25.766920354,17.73619469,17.73619469
1063424307,Allen,James,Columbus,OH,43221,1,Pulmonary Disease,G2012,"Brief communication technology-based service, e.g. virtual check-in, by a physician or other qualified health care professional who can report evaluation and management services, provided to an established patient, not originating from a related e/m servic",O,29,33.0,33,50.0,14.27,11.4,11.59
1063440105,Susano,Michael,Shreveport,LA,71107,1,Psychiatry,Q3014,Telehealth originating site facility fee,O,28,86.0,86,60.0,24.836046512,18.389767442,19.326976744
1063455780,Jain,Sanjay,Hackettstown,NJ,7840,1,Family Practice,99453,"Remote monitoring of physiologic parameters, initial set-up and patient education on use of equipment",O,12,12.0,12,150.0,22.69,18.11,15.25
1063497469,Crosson,Denise,Charlottesville,VA,22901,1,Nurse Practitioner,Q3014,Telehealth originating site facility fee,O,42,177.0,177,30.0,25.756101695,19.225988701,19.225988701
1063498384,Prieto,Enio,Sebastian,FL,32958,1,Internal Medicine,G2012,"Brief communication technology-based service, e.g. virtual check-in, by a physician or other qualified health care professional who can report evaluation and management services, provided to an established patient, not originating from a related e/m servic",O,15,16.0,16,25.0,15.26625,7.5625,7.24375
1063522811,Johnson,Anthony,New Orleans,LA,70122,1,Psychiatry,Q3014,Telehealth originating site facility fee,O,18,22.0,22,30.0,25.768181818,18.636363636,18.636363636
1063525608,Burrows,Stephanie,Wakefield,MI,49968,10,Psychiatry,Q3014,Telehealth originating site facility fee,O,79,244.0,244,15.62795082,15.397622951,11.229016393,11.229016393
1063525624,Aleem,Sarker,Starkville,MS,39759,4,Psychiatry,Q3014,Telehealth originating site facility fee,O,14,14.0,14,35.571428571,25.73,20.5,20.5
1063535664,Patel,Pulin,Edison,NJ,08820,1,Internal Medicine,99453,"Remote monitoring of physiologic parameters, initial set-up and patient education on use of equipment",O,40,41.0,41,30.0,22.7,18.12,15.25
1063535664,Patel,Pulin,Edison,NJ,08820,1,Internal Medicine,99454,"Remote monitoring of physiologic parameters, initial supply of devices with daily recordings or programmed alerts transmission, each 30 days",O,30,47.0,47,120.0,75.01,59.89,50.29
1063535664,Patel,Pulin,Edison,NJ,08820,1,Internal Medicine,99457,"Remote monitoring of physiologic parameters management services, 20 minutes or more of qualified health care professional time per calendar month",O,34,53.0,53,80.0,56.95,45.47,40.4
1063603256,Moreno,Alvaro,Dickinson,TX,77539,2,Psychiatry,Q3014,Telehealth originating site facility fee,O,42,44.0,44,44.940909091,25.401136364,13.293181818,13.293181818
1063631760,Mcminn,Sylvia,Phoenix,AZ,85007,1,Physician Assistant,Q3014,Telehealth originating site facility fee,O,85,280.0,280,26.0,25.6085,18.997071429,18.997071429
1063671147,Stanton,Kristopher,Spokane,WA,99204,1,Family Practice,Q3014,Telehealth originating site facility fee,O,25,28.0,28,50.0,25.73,20.5,20.5
1063704641,Gibbs,Michael,Los Angeles,CA,90095,1,Neurology,G2012,"Brief communication technology-based service, e.g. virtual check-in, by a physician or other qualified health care professional who can report evaluation and management services, provided to an established patient, not originating from a related e/m servic",O,27,30.0,30,16.8,14.38,11.46,11.59
1063853935,Thompson,Katelyn,Omaha,NE,68198,1,Psychiatry,Q3014,Telehealth originating site facility fee,O,143,324.0,324,33.0,25.787623457,17.688858025,17.690740741
1073060364,Beck,Natalie,Freeport,IL,61032,4,Licensed Clinical Social Worker,Q3014,Telehealth originating site facility fee,O,151,491.0,491,48.0,25.733421589,20.33299389,20.33299389
1073061321,Lemieux,Bonnie,Pahrump,NV,89048,4.1,Nurse Practitioner,Q3014,Telehealth originating site facility fee,O,14,41.0,41,56.244634146,25.734146341,20.298536585,20.298536585
1073064200,Stuck,Svetlana,Moncks Corner,SC,29461,1,Physician Assistant,Q3014,Telehealth originating site facility fee,O,285,1147.0,1147,27.931996513,25.72505667,19.782946818,19.782946818
1073500344,Smith,Kimberly,New Iberia,LA,70563,1,Internal Medicine,99453,"Remote monitoring of physiologic parameters, initial set-up and patient education on use of equipment",O,17,18.0,18,40.0,16.24,12.94,15.26
1073500344,Smith,Kimberly,New Iberia,LA,70563,1,Internal Medicine,99457,"Remote monitoring of physiologic parameters management services, 20 minutes or more of qualified health care professional time per calendar month",O,24,44.0,44,80.0,45.48,36.24,40.41
1073506119,Ludwikowski,Kathleen,Portage,WI,53901,4,Nurse Practitioner,Q3014,Telehealth originating site facility fee,O,51,83.0,83,50.0,25.84060241,15.09939759,15.09939759
1073513156,Wong,Tsung,Livermore,CA,94550,2,Family Practice,99091,"Collection and interpretation of physical parameters stored in computers and/or transmitted by the patient and/or caregiver to qualified health care professional, requiring 30 minutes or more, per 30 days",O,25,62.0,62,77.080645161,64.163548387,49.451612903,44.47483871
1073513156,Wong,Tsung,Livermore,CA,94550,2,Family Practice,99453,"Remote monitoring of physiologic parameters, initial set-up and patient education on use of equipment",O,11,11.0,11,21.0,20.66,16.46,15.26
1073513156,Wong,Tsung,Livermore,CA,94550,2,Family Practice,99454,"Remote monitoring of physiologic parameters, initial supply of devices with daily recordings or programmed alerts transmission, each 30 days",O,16,21.0,21,120.23809524,79.812857143,63.595238095,64.856666667
1073537643,Sam,Ronald,Oak Lawn,IL,60453,1,Internal Medicine,99453,"Remote monitoring of physiologic parameters, initial set-up and patient education on use of equipment",O,41,55.0,55,24.0,20.39,16.3,15.297818182
1073537643,Sam,Ronald,Oak Lawn,IL,60453,1,Internal Medicine,99454,"Remote monitoring of physiologic parameters, initial supply of devices with daily recordings or programmed alerts transmission, each 30 days",O,47,74.0,74,70.0,66.47027027,53.059459459,50.326351351
1073537643,Sam,Ronald,Oak Lawn,IL,60453,1,Internal Medicine,99457,"Remote monitoring of physiologic parameters management services, 20 minutes or more of qualified health care professional time per calendar month",O,47,73.0,73,56.0,53.852054795,42.460273973,39.919178082
1073569398,Manchon,Kenneth,Atlantis,FL,33462,1,Internal Medicine,99454,"Remote monitoring of physiologic parameters, initial supply of devices with daily recordings or programmed alerts transmission, each 30 days",O,101,441.0,441,75.0,64.241791383,51.105238095,50.19537415
1073569398,Manchon,Kenneth,Atlantis,FL,33462,1,Internal Medicine,99457,"Remote monitoring of physiologic parameters management services, 20 minutes or more of qualified health care professional time per calendar month",O,93,327.0,327,75.0,52.24,41.64,40.41
1073587663,Hawkins,Brandon,Bakersfield,CA,93309,1,Podiatry,99453,"Remote monitoring of physiologic parameters, initial set-up and patient education on use of equipment",O,14,14.0,14,30.0,20.41,16.26,15.26
1073587663,Hawkins,Brandon,Bakersfield,CA,93309,1,Podiatry,99454,"Remote monitoring of physiologic parameters, initial supply of devices with daily recordings or programmed alerts transmission, each 30 days",O,14,24.0,24,90.0,67.63,53.88,50.29
1073587663,Hawkins,Brandon,Bakersfield,CA,93309,1,Podiatry,99457,"Remote monitoring of physiologic parameters management services, 20 minutes or more of qualified health care professional time per calendar month",O,21,47.0,47,70.0,51.529787234,41.057446809,40.615106383
1073680146,Wahba,Marianne,Bothell,WA,98011,1,Physician Assistant,Q3014,Telehealth originating site facility fee,O,24,32.0,32,50.0,25.73,20.5,20.5
1073695755,Dickert,Jim,Crystal River,FL,34429,2,Internal Medicine,99457,"Remote monitoring of physiologic parameters management services, 20 minutes or more of qualified health care professional time per calendar month",O,46,284.0,284,75.0,50.275880282,36.968908451,37.308309859
1073764734,Hesler,Janice,Albany,NY,12205,1,Nurse Practitioner,Q3014,Telehealth originating site facility fee,O,30,99.0,99,35.0,25.756464646,19.212525253,19.212525253
1073824470,Goel,Sumeet,Stevens Point,WI,54482,4,Family Practice,Q3014,Telehealth originating site facility fee,O,122,262.0,262,40.0,25.724503817,18.431335878,18.479236641
1073832044,Sadeghi,Kaveh,Laurel,MD,20707,1,Family Practice,99453,"Remote monitoring of physiologic parameters, initial set-up and patient education on use of equipment",O,57,58.0,58,95.0,23.16,18.47,15.26
1073832044,Sadeghi,Kaveh,Laurel,MD,20707,1,Family Practice,99454,"Remote monitoring of physiologic parameters, initial supply of devices with daily recordings or programmed alerts transmission, each 30 days",O,35,48.0,48,140.625,76.31,60.85,50.29
1073832044,Sadeghi,Kaveh,Laurel,MD,20707,1,Family Practice,99457,"Remote monitoring of physiologic parameters management services, 20 minutes or more of qualified health care professional time per calendar month",O,35,48.0,48,125.0,57.89,46.16,40.4
1073899167,Stanley,Amber,Lake Mary,FL,32746,1,Licensed Clinical Social Worker,Q3014,Telehealth originating site facility fee,O,42,172.0,172,50.0,25.73,20.5,20.5
1073919726,Porter,Trisha-Leigh,Anchorage,AK,99501,1,Nurse Practitioner,Q3014,Telehealth originating site facility fee,O,40,44.0,44,50.0,25.737045455,20.154545455,20.154545455
1073991477,Tougas,James,Fenton,MI,48430,1,Nurse Practitioner,G2012,"Brief communication technology-based service, e.g. virtual check-in, by a physician or other qualified health care professional who can report evaluation and management services, provided to an established patient, not originating from a related e/m servic",O,51,79.0,79,32.0,12.02,9.58,9.85
1083143580,Tebay,Ashley,Fargo,ND,58104,1,Nurse Practitioner,Q3014,Telehealth originating site facility fee,O,25,34.0,34,50.0,25.73,20.5,20.5
1083156012,Balmer,Cari,Elkhart,IN,46516,1,Nurse Practitioner,99453,"Remote monitoring of physiologic parameters, initial set-up and patient education on use of equipment",O,45,46.0,46,35.16173913,14.8,11.79,12.97
1083156012,Balmer,Cari,Elkhart,IN,46516,1,Nurse Practitioner,99454,"Remote monitoring of physiologic parameters, initial supply of devices with daily recordings or programmed alerts transmission, each 30 days",O,73,113.0,113,111.93964602,49.15,39.16,42.74
1083156012,Balmer,Cari,Elkhart,IN,46516,1,Nurse Practitioner,99457,"Remote monitoring of physiologic parameters management services, 20 minutes or more of qualified health care professional time per calendar month",O,72,108.0,108,92.146111111,40.45,32.23,34.34
1083167142,Edwards,Leslee,Oklahoma City,OK,73135,1,Nurse Practitioner,Q3014,Telehealth originating site facility fee,O,22,42.0,42,40.0,25.88,13.178571429,13.178571429
1083614176,Montoya,Gregory,Texarkana,TX,75503,1,Psychiatry,Q3014,Telehealth originating site facility fee,O,28,42.0,42,30.0,25.497380952,18.897619048,19.163095238
1083626519,Brown,Joshua,Santa Fe,NM,87505,1,Internal Medicine,99453,"Remote monitoring of physiologic parameters, initial set-up and patient education on use of equipment",O,44,44.0,44,54.0,17.78,14.17,15.26
1083626519,Brown,Joshua,Santa Fe,NM,87505,1,Internal Medicine,99454,"Remote monitoring of physiologic parameters, initial supply of devices with daily recordings or programmed alerts transmission, each 30 days",O,34,34.0,34,180.0,58.34,46.5,50.29
1083626519,Brown,Joshua,Santa Fe,NM,87505,1,Internal Medicine,99457,"Remote monitoring of physiologic parameters management services, 20 minutes or more of qualified health care professional time per calendar month",O,34,34.0,34,150.0,48.94,39.01,40.41
1083626519,Brown,Joshua,Santa Fe,NM,87505,1,Internal Medicine,G2012,"Brief communication technology-based service, e.g. virtual check-in, by a physician or other qualified health care professional who can report evaluation and management services, provided to an established patient, not originating from a related e/m servic",O,108,149.0,149,32.44966443,14.351409396,11.363221477,11.513624161
1083686372,Samuels,Bruce,Beverly Hills,CA,90210,1,Cardiology,99091,"Collection and interpretation of physical parameters stored in computers and/or transmitted by the patient and/or caregiver to qualified health care professional, requiring 30 minutes or more, per 30 days",O,22,107.0,107,126.0,61.97317757,49.04728972,45.387009346
1083686372,Samuels,Bruce,Beverly Hills,CA,90210,1,Cardiology,99453,"Remote monitoring of physiologic parameters, initial set-up and patient education on use of equipment",O,11,11.0,11,46.0,22.602727273,17.729090909,14.932727273
1083704613,Villarreal,Marcelo,Eagle Pass,TX,78852,4,Psychiatry,Q3014,Telehealth originating site facility fee,O,81,187.0,187,23.72,23.425614973,14.410481283,14.410481283
1083705487,Shivley,Marsha,Poplar Bluff,MO,63901,4,Nurse Practitioner,Q3014,Telehealth originating site facility fee,O,12,15.0,15,15.266666667,15.054666667,10.401333333,10.401333333
1083717201,Dankof,Mary,Papillion,NE,68046,1,Internal Medicine,99453,"Remote monitoring of physiologic parameters, initial set-up and patient education on use of equipment",F,29,34.0,34,47.58,21.015294118,16.744411765,15.26
1083717201,Dankof,Mary,Papillion,NE,68046,1,Internal Medicine,99457,"Remote monitoring of physiologic parameters management services, 20 minutes or more of qualified health care professional time per calendar month",F,23,23.0,23,73.68,34.389130435,27.39826087,25.43
1083730907,Madala,Ravichand,Grand Rapids,MI,49546,1,Sleep Medicine,Q3014,Telehealth originating site facility fee,O,127,141.0,141,44.134751773,25.747801418,19.630567376,19.630567376
1083745335,Coly,Erasme,Johnson City,TN,37604,1,Cardiology,99453,"Remote monitoring of physiologic parameters, initial set-up and patient education on use of equipment",O,18,18.0,18,53.0,16.621111111,13.334444444,15.471666667
1083745335,Coly,Erasme,Johnson City,TN,37604,1,Cardiology,99454,"Remote monitoring of physiologic parameters, initial supply of devices with daily recordings or programmed alerts transmission, each 30 days",O,39,139.0,139,173.0,56.588201439,44.360863309,49.652661871
1083745335,Coly,Erasme,Johnson City,TN,37604,1,Cardiology,99457,"Remote monitoring of physiologic parameters management services, 20 minutes or more of qualified health care professional time per calendar month",O,40,133.0,133,145.0,47.141879699,36.88112782,39.803007519
1083748727,Chai,Michael,Upland,CA,91786,1,Internal Medicine,G2012,"Brief communication technology-based service, e.g. virtual check-in, by a physician or other qualified health care professional who can report evaluation and management services, provided to an established patient, not originating from a related e/m servic",O,19,75.0,75,50.0,15.14,12.11,12.11
1083752224,Lew,Allan,Los Angeles,CA,90048,1,Cardiology,99091,"Collection and interpretation of physical parameters stored in computers and/or transmitted by the patient and/or caregiver to qualified health care professional, requiring 30 minutes or more, per 30 days",O,24,143.0,143,126.0,61.314615385,48.623636364,45.553566434
1083752224,Lew,Allan,Los Angeles,CA,90048,1,Cardiology,99453,"Remote monitoring of physiologic parameters, initial set-up and patient education on use of equipment",O,20,20.0,20,46.0,22.406,16.038,13.725
1083793863,Gee,Allen,Cody,WY,82414,7,Neurology,Q3014,Telehealth originating site facility fee,O,43,49.0,49,25.0,24.608163265,19.2,19.2
1083805915,Perez-Cadena,Zandra,Houston,TX,77002,1,Internal Medicine,Q3014,Telehealth originating site facility fee,O,16,21.0,21,120.23809524,25.77,18.547619048,18.547619048
1083877658,Fitzgerald,Carrie,Iowa City,IA,52242,1,Urology,G2012,"Brief communication technology-based service, e.g. virtual check-in, by a physician or other qualified health care professional who can report evaluation and management services, provided to an established patient, not originating from a related e/m servic",O,24,29.0,29,38.0,15.22,12.17,11.58
1083923049,Berndt,Kimberly,Pewaukee,WI,53072,1,Nurse Practitioner,Q3014,Telehealth originating site facility fee,O,52,162.0,162,46.820987654,22.636234568,17.740123457,17.740123457
1083931919,Hossain,Mohd,Jamaica,NY,11432,1,Internal Medicine,G2012,"Brief communication technology-based service, e.g. virtual check-in, by a physician or other qualified health care professional who can report evaluation and management services, provided to an established patient, not originating from a related e/m servic",O,23,62.0,62,100.0,16.794354839,13.164193548,11.403064516
1093033789,Wakim,Ryan,Wheeling,WV,26003,1,Psychiatry,Q3014,Telehealth originating site facility fee,O,32,108.0,108,50.0,25.766111111,18.738425926,18.738425926
1093078479,Irmen,Christopher,Jamestown,ND,58401,4,Family Practice,Q3014,Telehealth originating site facility fee,O,20,22.0,22,50.0,25.768181818,18.636363636,18.636363636
1093114290,Durr,Kimberley,Rio Rancho,NM,87124,1,Nurse Practitioner,Q3014,Telehealth originating site facility fee,O,12,20.0,20,23.0,22.6485,17.1285,17.1285
1093186603,Presler,Alexandra,Phoenix,AZ,85027,1,Physician Assistant,Q3014,Telehealth originating site facility fee,O,28,52.0,52,25.76,25.385769231,18.434423077,18.434423077
1093258998,Nguh,Florence,Silver Spring,MD,20902,1,Nurse Practitioner,Q3014,Telehealth originating site facility fee,O,37,64.0,64,50.0,25.7365625,20.1796875,20.1796875
1093271165,Walsh,Cassandra,West Columbia,SC,29169,1,Nurse Practitioner,G2012,"Brief communication technology-based service, e.g. virtual check-in, by a physician or other qualified health care professional who can report evaluation and management services, provided to an established patient, not originating from a related e/m servic",O,23,35.0,35,15.31,11.72,9.34,9.85
1093701880,Kopelman,Robin,Iowa City,IA,52242,1,Psychiatry,Q3014,Telehealth originating site facility fee,O,84,256.0,256,24.140625,23.704414062,17.125390625,17.125390625
1093707366,Jacobson,Kirk,Eugene,OR,97401,1,Internal Medicine,99091,"Collection and interpretation of physical parameters stored in computers and/or transmitted by the patient and/or caregiver to qualified health care professional, requiring 30 minutes or more, per 30 days",O,14,17.0,17,132.68,56.434117647,42.277647059,43.14
1093707366,Jacobson,Kirk,Eugene,OR,97401,1,Internal Medicine,99453,"Remote monitoring of physiologic parameters, initial set-up and patient education on use of equipment",O,13,13.0,13,45.9,18.45,14.7,15.26
1093727943,Fishkind,Avrim,Houston,TX,77002,1,Psychiatry,Q3014,Telehealth originating site facility fee,O,11,11.0,11,36.821818182,24.939090909,17.976363636,17.976363636
1093771396,Erickson,Robert,Orchard Park,NY,14127,1,Family Practice,99091,"Collection and interpretation of physical parameters stored in computers and/or transmitted by the patient and/or caregiver to qualified health care professional, requiring 30 minutes or more, per 30 days",O,29,31.0,31,80.0,55.65,44.34,45.77
1093787939,Coleman,Deborah,Louisville,KY,40222,1,"Psychologist, Clinical",Q3014,Telehealth originating site facility fee,O,27,97.0,97,28.0,25.73,20.5,20.5
1093836009,Brodeur,Laurie,Conway,NH,3818,7,"Psychologist, Clinical",Q3014,Telehealth originating site facility fee,O,20,20.0,20,24.165,23.802,17.965,17.965
1093844771,Houser,Scott,Wilmington,DE,19801,1,Family Practice,Q3014,Telehealth originating site facility fee,O,41,124.0,124,30.0,25.73,20.5,20.5
1093853368,Duffy,Walter,Lincoln,NE,68510,1,Psychiatry,Q3014,Telehealth originating site facility fee,O,30,156.0,156,25.0,23.969166667,17.40525641,18.080897436
1093902413,Perry,Chadwick,Kennewick,WA,99336,1,Physician Assistant,Q3014,Telehealth originating site facility fee,O,21,22.0,22,50.0,25.73,20.5,20.5
1093909145,Story,Deborah,Winton,NC,27986,8,"Psychologist, Clinical",Q3014,Telehealth originating site facility fee,O,233,1409.0,1409,31.467707594,25.747750177,19.63364088,19.63364088
1093919672,Pugh,Mark,Houston,TX,77074,1,Psychiatry,Q3014,Telehealth originating site facility fee,O,62,245.0,245,25.0,24.655020408,16.907591837,16.907591837
1093956476,Tao,Qingguo,Houston,TX,77074,1,Internal Medicine,Q3014,Telehealth originating site facility fee,O,38,40.0,40,31.1175,25.7825,17.9375,17.9375
1093977126,Scott,William,Warner Robins,GA,31093,1,Psychiatry,Q3014,Telehealth originating site facility fee,O,21,39.0,39,25.0,24.677948718,15.79,15.79
1093990368,Wolbrink,Rose,Sparta,WI,54656,7,Family Practice,Q3014,Telehealth originating site facility fee,O,15,19.0,19,39.0,25.781052632,18.011052632,18.011052632
1093997173,Kempke,Camille,Dallas,TX,75207,1,Psychiatry,Q3014,Telehealth originating site facility fee,O,59,134.0,134,36.71,25.804179104,16.877014925,16.877014925
1093998973,Davis,Susan,Delray Beach,FL,33446,1,Nurse Practitioner,G2012,"Brief communication technology-based service, e.g. virtual check-in, by a physician or other qualified health care professional who can report evaluation and management services, provided to an established patient, not originating from a related e/m servic",O,11,11.0,11,30.0,13.05,10.43,9.85
1104051168,Adams,Tresselyn,Rome,GA,30165,1,Nurse Practitioner,Q3014,Telehealth originating site facility fee,O,38,81.0,81,28.0,25.73,20.5,20.5
1104099662,Lavelle,Rebecca,Maryville,TN,37804,1,Urology,G2012,"Brief communication technology-based service, e.g. virtual check-in, by a physician or other qualified health care professional who can report evaluation and management services, provided to an established patient, not originating from a related e/m servic",O,14,17.0,17,20.905882353,12.52,9.99,11.58
1104390087,Steinherz,Ariel,Brooklyn,NY,11204,1,Nurse Practitioner,99453,"Remote monitoring of physiologic parameters, initial set-up and patient education on use of equipment",O,40,53.0,53,25.926037736,19.9,15.86,12.97
1104390087,Steinherz,Ariel,Brooklyn,NY,11204,1,Nurse Practitioner,99454,"Remote monitoring of physiologic parameters, initial supply of devices with daily recordings or programmed alerts transmission, each 30 days",O,33,89.0,89,82.335617978,64.93,51.73,42.74
1104803808,Preskenis,William,Glastonbury,CT,6033,1,Pulmonary Disease,99091,"Collection and interpretation of physical parameters stored in computers and/or transmitted by the patient and/or caregiver to qualified health care professional, requiring 30 minutes or more, per 30 days",O,84,98.0,98,165.0,61.230612245,43.033877551,40.293979592
1104809532,Sclafani,Karen,Minot Afb,ND,58705,7,Nurse Practitioner,Q3014,Telehealth originating site facility fee,O,14,14.0,14,30.0,25.76,19.035714286,19.035714286
1104814524,Gibson,Sara,Flagstaff,AZ,86001,1,Psychiatry,Q3014,Telehealth originating site facility fee,O,49,149.0,149,26.068389262,25.703355705,17.829060403,17.829060403
1104823954,Hone,Jennifer,Santa Barbara,CA,93110,1,Endocrinology,99454,"Remote monitoring of physiologic parameters, initial supply of devices with daily recordings or programmed alerts transmission, each 30 days",O,14,14.0,14,70.0,59.046428571,47.042857143,50.29
1104832013,Kaura,Manjit,Petaluma,CA,94952,1,"Psychologist, Clinical",Q3014,Telehealth originating site facility fee,O,45,362.0,362,28.0,25.733480663,20.330110497,20.330110497
1104845197,Murray,William,Wenatchee,WA,98801,1,Interventional Cardiology,Q3014,Telehealth originating site facility fee,O,30,30.0,30,53.0,25.786,17.766666667,17.766666667
1104853134,Beyer,Alan,Newport Beach,CA,92660,1,Orthopedic Surgery,99091,"Collection and interpretation of physical parameters stored in computers and/or transmitted by the patient and/or caregiver to qualified health care professional, requiring 30 minutes or more, per 30 days",O,32,36.0,36,170.0,61.619722222,47.778611111,44.508333333
1104866227,Monteith,Scott,Traverse City,MI,49684,4,Psychiatry,Q3014,Telehealth originating site facility fee,O,48,65.0,65,55.0,25.793692308,17.389384615,17.389384615
1104895267,Kelly,Charles,Fulton,MS,38843,7,Family Practice,Q3014,Telehealth originating site facility fee,O,66,166.0,166,36.144578313,25.354819277,18.392228916,18.81060241
1104913854,Anderson,Lee,Phillips,WI,54555,10,Family Practice,Q3014,Telehealth originating site facility fee,O,28,44.0,44,40.0,25.740454545,19.990909091,19.990909091
1104917111,Erickson,Deborah,Warroad,MN,56763,10,Family Practice,Q3014,Telehealth originating site facility fee,O,45,96.0,96,35.0,25.418645833,17.184791667,17.5640625
1104926310,Balinghasay,Celestino,Marshfield,WI,54449,4,Psychiatry,Q3014,Telehealth originating site facility fee,O,12,27.0,27,40.0,25.796666667,17.249259259,17.249259259
1104927896,Fossen,Richard,Minocqua,WI,54548,10,Internal Medicine,Q3014,Telehealth originating site facility fee,O,18,18.0,18,40.0,25.823333333,15.944444444,15.944444444
1104929587,Khusro,Huma,Gadsden,AL,35901,1,Psychiatry,Q3014,Telehealth originating site facility fee,O,36,61.0,61,40.0,25.797213115,17.227213115,17.227213115
1104972025,Devaul - Eshleman,Mary,St Marys,GA,31558,2,Psychiatry,Q3014,Telehealth originating site facility fee,O,36,64.0,64,26.07,25.663125,19.80125,19.80125
1104993369,Southwest Sleep Inc,,Farmington,NM,87401,1,Independent Diagnostic Testing Facility (IDTF),99091,"Collection and interpretation of physical parameters stored in computers and/or transmitted by the patient and/or caregiver to qualified health care professional, requiring 30 minutes or more, per 30 days",O,11,12.0,12,175.0,56.963333333,37.716666667,38.248333333
1104998251,Mascaro,Jimmy,Ottumwa,IA,52501,4,Psychiatry,Q3014,Telehealth originating site facility fee,O,163,561.0,561,30.0,25.798199643,17.172531194,17.172531194
1114016615,Sorouri,Bijan,Newark,DE,19711,1,Internal Medicine,G2012,"Brief communication technology-based service, e.g. virtual check-in, by a physician or other qualified health care professional who can report evaluation and management services, provided to an established patient, not originating from a related e/m servic",O,38,46.0,46,20.0,14.971086957,11.709782609,11.338043478
1114024304,Nemcek,John,Minocqua,WI,54548,10,Internal Medicine,Q3014,Telehealth originating site facility fee,O,47,53.0,53,40.0,25.253018868,19.703962264,20.197358491
1114029329,Bhaduri,Aditi,Roseville,CA,95661,1,Endocrinology,Q3014,Telehealth originating site facility fee,O,13,17.0,17,55.764705882,25.73,20.5,20.5
1114095981,Pastor,Larry,Annandale,VA,22003,1,Psychiatry,Q3014,Telehealth originating site facility fee,O,36,178.0,178,50.0,25.742359551,19.900224719,19.900224719
1114105897,Vega,Linesse,Del Rio,TX,78840,4,Psychiatry,Q3014,Telehealth originating site facility fee,O,115,507.0,507,35.118343195,25.745187377,19.758422091,19.758422091
1114148202,Tipton,George,Brownwood,TX,76801,5,Psychiatry,Q3014,Telehealth originating site facility fee,O,29,41.0,41,19.49,19.343414634,7.2204878049,7.2204878049
1114162666,Kasirye,Yusuf,Park Falls,WI,54552,10,Internal Medicine,Q3014,Telehealth originating site facility fee,O,64,78.0,78,40.0,25.762307692,18.923076923,18.923076923
1114166980,Pineda-Muyir,Claudia,Brooklyn,NY,11220,1,Physician Assistant,99091,"Collection and interpretation of physical parameters stored in computers and/or transmitted by the patient and/or caregiver to qualified health care professional, requiring 30 minutes or more, per 30 days",O,12,13.0,13,117.23076923,55.4,44.14,38.9
1114265949,Pan,Wayne,South San Francisco,CA,94080,1,Preventive Medicine,99457,"Remote monitoring of physiologic parameters management services, 20 minutes or more of qualified health care professional time per calendar month",O,13,13.0,13,66.307692308,57.49,45.81,42.071538462
1114331063,Alicea,Carlos,Weslaco,TX,78596,1,Psychiatry,Q3014,Telehealth originating site facility fee,O,23,44.0,44,52.47,25.787272727,17.704545455,17.704545455
1114335064,Rao,Girish,Clinton,MD,20735,1,Internal Medicine,99453,"Remote monitoring of physiologic parameters, initial set-up and patient education on use of equipment",O,27,27.0,27,50.0,23.171481481,17.785925926,14.694814815
1114335064,Rao,Girish,Clinton,MD,20735,1,Internal Medicine,99454,"Remote monitoring of physiologic parameters, initial supply of devices with daily recordings or programmed alerts transmission, each 30 days",O,28,75.0,75,100.0,76.323466667,60.038666667,49.619466667
1114335064,Rao,Girish,Clinton,MD,20735,1,Internal Medicine,99457,"Remote monitoring of physiologic parameters management services, 20 minutes or more of qualified health care professional time per calendar month",O,19,56.0,56,100.0,57.909821429,44.976785714,39.320892857
1114357571,Kanyongo,Edith,Dallas,TX,75247,1,Nurse Practitioner,Q3014,Telehealth originating site facility fee,O,13,14.0,14,45.0,25.76,19.035714286,19.035714286
1114380870,Hutchison,Hunter,Montgomery,AL,36117,1,Nurse Practitioner,Q3014,Telehealth originating site facility fee,O,59,93.0,93,25.4,25.140752688,12.59,12.59
1114483534,Betan,Ephi,Atlanta,GA,30345,1,"Psychologist, Clinical",Q3014,Telehealth originating site facility fee,O,52,186.0,186,28.0,25.73,20.5,20.5
1114917754,Ditto,Kara,Portsmouth,VA,23704,1,Psychiatry,Q3014,Telehealth originating site facility fee,O,23,28.0,28,26.15,25.732857143,20.355357143,20.355357143
1114918265,Hamid,Basem,Houston,TX,77089,1,Neurology,Q3014,Telehealth originating site facility fee,O,34,36.0,36,1.0,0.9805555556,0.7583333333,0.7583333333
1114920998,Chen,Yu-Cheng Jeffrey,Lafayette,LA,70508,1,Cardiology,99453,"Remote monitoring of physiologic parameters, initial set-up and patient education on use of equipment",O,267,269.0,269,52.0,17.298141264,13.78936803,15.225055762
1114920998,Chen,Yu-Cheng Jeffrey,Lafayette,LA,70508,1,Cardiology,99454,"Remote monitoring of physiologic parameters, initial supply of devices with daily recordings or programmed alerts transmission, each 30 days",O,119,385.0,385,170.0,56.94,45.54,49.956883117
1114920998,Chen,Yu-Cheng Jeffrey,Lafayette,LA,70508,1,Cardiology,99457,"Remote monitoring of physiologic parameters management services, 20 minutes or more of qualified health care professional time per calendar month",O,119,398.0,398,145.0,48.59,38.86,40.295527638
1114945797,Muhs,David,Jamestown,ND,58401,4,Family Practice,Q3014,Telehealth originating site facility fee,O,19,21.0,21,50.0,25.79,17.571428571,17.571428571
1114959442,Mire,Geoffrey,Lafayette,LA,70506,1,Family Practice,99091,"Collection and interpretation of physical parameters stored in computers and/or transmitted by the patient and/or caregiver to qualified health care professional, requiring 30 minutes or more, per 30 days",F,43,77.0,77,65.0,56.874545455,39.85961039,40.304935065
1114991767,Cohen,Benjamin,West Hills,CA,91307,1,Clinical Cardiac Electrophysiology,99091,"Collection and interpretation of physical parameters stored in computers and/or transmitted by the patient and/or caregiver to qualified health care professional, requiring 30 minutes or more, per 30 days",O,11,41.0,41,120.0,62.16,49.7,45.78
1114999257,Praturi,Rajasree,Decatur,GA,30030,1,Psychiatry,Q3014,Telehealth originating site facility fee,O,68,181.0,181,20.52,20.242375691,13.536906077,13.536906077
1124021225,Pai,Sangeeth,Las Cruces,NM,88011,1,Internal Medicine,99453,"Remote monitoring of physiologic parameters, initial set-up and patient education on use of equipment",O,28,28.0,28,40.0,17.85,14.24,15.26
1124039755,Braverman,Ira,National City,CA,91950,1,Internal Medicine,99453,"Remote monitoring of physiologic parameters, initial set-up and patient education on use of equipment",O,17,17.0,17,50.0,21.18,16.88,15.26
1124039755,Braverman,Ira,National City,CA,91950,1,Internal Medicine,99457,"Remote monitoring of physiologic parameters management services, 20 minutes or more of qualified health care professional time per calendar month",O,17,29.0,29,75.0,53.81,42.87,40.4
1124090618,Dukes,Erik,Booneville,MS,38829,7,Family Practice,Q3014,Telehealth originating site facility fee,O,45,80.0,80,36.45,25.751,19.475,19.475
1124100508,Parker,John,Grand Rapids,MI,49546,1,Physician Assistant,Q3014,Telehealth originating site facility fee,O,134,151.0,151,44.072847682,25.099271523,18.622384106,19.291589404
1124107453,Feist,Fredric,Attalla,AL,35954,1,Psychiatry,Q3014,Telehealth originating site facility fee,O,18,18.0,18,40.0,25.957222222,9.4366666667,9.4366666667
1124136627,Gogek,Ed,Prescott,AZ,86303,1,Psychiatry,Q3014,Telehealth originating site facility fee,O,38,109.0,109,25.76,25.365045872,19.458715596,19.458715596
1124167242,Leinen,Jason,Oklahoma City,OK,73159,1,Sports Medicine,G2012,"Brief communication technology-based service, e.g. virtual check-in, by a physician or other qualified health care professional who can report evaluation and management services, provided to an established patient, not originating from a related e/m servic",O,15,25.0,25,101.0,13.9692,10.6752,11.1396
1124167531,Chandran,Dilip,Elkins,WV,26241,4,Psychiatry,Q3014,Telehealth originating site facility fee,O,88,299.0,299,27.735351171,25.772876254,17.866956522,17.866956522
1124229091,Kromo,Olga,South Miami,FL,33143,1,Rheumatology,G2012,"Brief communication technology-based service, e.g. virtual check-in, by a physician or other qualified health care professional who can report evaluation and management services, provided to an established patient, not originating from a related e/m servic",O,24,29.0,29,37.0,15.98,12.77,11.58
1124298849,Young,Regina,Corinth,MS,38834,4,Nurse Practitioner,Q3014,Telehealth originating site facility fee,O,195,1196.0,1196,31.342809365,25.73,20.5,20.5
1124438338,Holtzer,Caleb,Chewelah,WA,99109,10,Family Practice,Q3014,Telehealth originating site facility fee,O,27,69.0,69,34.0,24.906956522,19.60115942,20.442463768
1124469986,Marshall,Jessica,Marshfield,WI,54449,4,Internal Medicine,Q3014,Telehealth originating site facility fee,O,16,21.0,21,40.0,25.77,18.547619048,18.547619048
1124538764,Charles,Patrick,Fort Myers,FL,33966,1,Nurse Practitioner,Q3014,Telehealth originating site facility fee,O,68,91.0,91,42.527472527,25.739230769,20.049450549,20.049450549
1124565668,Robinette,Linda,Independence,KS,67301,7,Nurse Practitioner,Q3014,Telehealth originating site facility fee,O,66,75.0,75,50.0,25.7356,20.226666667,20.226666667
1124577895,Johnson,Stephanie,Townsend,DE,19734,2,Nurse Practitioner,Q3014,Telehealth originating site facility fee,O,33,60.0,60,30.0,25.73,20.5,20.5
1124599394,Thornburgh,Adria,Indianapolis,IN,46260,1,Nurse Practitioner,Q3014,Telehealth originating site facility fee,O,26,39.0,39,50.0,25.73,20.5,20.5
1134127483,Harroun,Douglass,Federal Way,WA,98023,1,Internal Medicine,G2012,"Brief communication technology-based service, e.g. virtual check-in, by a physician or other qualified health care professional who can report evaluation and management services, provided to an established patient, not originating from a related e/m servic",O,39,51.0,51,18.0,14.913137255,11.541568627,11.362745098
1134144215,France,Cheryl,Morgantown,WV,26505,1,Psychiatry,Q3014,Telehealth originating site facility fee,O,78,403.0,403,30.873449132,25.741141439,19.955831266,19.955831266
1134196223,Sekar,Anupama,New York,NY,10003,1,Physician Assistant,99453,"Remote monitoring of physiologic parameters, initial set-up and patient education on use of equipment",O,12,12.0,12,25.99,20.06,16.02,12.97
1134196223,Sekar,Anupama,New York,NY,10003,1,Physician Assistant,99454,"Remote monitoring of physiologic parameters, initial supply of devices with daily recordings or programmed alerts transmission, each 30 days",O,11,14.0,14,80.99,65.46,52.26,42.74
1134211568,Peterson,Timothy,Grand Forks,ND,58201,1,Family Practice,Q3014,Telehealth originating site facility fee,O,58,133.0,133,51.0,25.573007519,18.567744361,18.764360902
1134248859,Rogers,John,Bethlehem,PA,18018,1,Psychiatry,Q3014,Telehealth originating site facility fee,O,28,59.0,59,30.0,25.798135593,17.177288136,17.177288136
1134268436,Abernethy,Brett,Oklahoma City,OK,73104,1,Psychiatry,Q3014,Telehealth originating site facility fee,O,32,134.0,134,32.477014925,25.761567164,18.957985075,18.957985075
1134268501,Pearlstein,Alec,Beverly Hills,CA,90210,1,Internal Medicine,G2012,"Brief communication technology-based service, e.g. virtual check-in, by a physician or other qualified health care professional who can report evaluation and management services, provided to an established patient, not originating from a related e/m servic",O,57,99.0,99,100.0,15.630606061,11.413333333,10.623535354
1134284904,Nowotny,Thomas,St Louis,MO,63127,1,Psychiatry,Q3014,Telehealth originating site facility fee,O,17,27.0,27,24.0,23.695185185,15.082592593,15.082592593
1134385040,Kodela,Sreekant,Rolla,MO,65401,4,Psychiatry,Q3014,Telehealth originating site facility fee,O,119,389.0,389,50.853470437,25.813084833,16.445501285,16.445501285
1134387699,Shamim,Noman,Brooklyn,NY,11203,1,Psychiatry,Q3014,Telehealth originating site facility fee,O,114,327.0,327,25.488073394,25.042324159,15.996360856,15.996360856
1134440829,Van Meter,Sherry,Lufkin,TX,75901,4,Nurse Practitioner,Q3014,Telehealth originating site facility fee,O,54,166.0,166,45.0,25.806445783,16.769036145,16.769036145
1134450067,Shreeve,Marikje,Roanoke,VA,24016,1,Nurse Practitioner,Q3014,Telehealth originating site facility fee,O,38,163.0,163,25.245398773,24.88791411,17.475276074,17.475276074
1134530926,Johnson,David,Tallahassee,FL,32308,1,Pain Management,99453,"Remote monitoring of physiologic parameters, initial set-up and patient education on use of equipment",O,95,95.0,95,56.0,16.925368421,13.482315789,15.250105263
1134530926,Johnson,David,Tallahassee,FL,32308,1,Pain Management,99454,"Remote monitoring of physiologic parameters, initial supply of devices with daily recordings or programmed alerts transmission, each 30 days",O,73,116.0,116,184.0,56.112413793,44.707758621,50.29
1134530926,Johnson,David,Tallahassee,FL,32308,1,Pain Management,99457,"Remote monitoring of physiologic parameters management services, 20 minutes or more of qualified health care professional time per calendar month",O,73,117.0,117,152.0,47.00025641,37.45,40.4
1134533599,Thomas,Nicole,Le Mars,IA,51031,7,Nurse Practitioner,Q3014,Telehealth originating site facility fee,O,69,218.0,218,62.747706422,25.640504587,19.01293578,19.132889908
1134594310,Babcock,Dawn,Saint Paul,MN,55130,1,Nurse Practitioner,G2012,"Brief communication technology-based service, e.g. virtual check-in, by a physician or other qualified health care professional who can report evaluation and management services, provided to an established patient, not originating from a related e/m servic",O,15,16.0,16,35.440625,11.78125,9.388125,9.67
1134615834,Mammen,Mary,Kokomo,IN,46902,1,Nurse Practitioner,99453,"Remote monitoring of physiologic parameters, initial set-up and patient education on use of equipment",O,45,46.0,46,35.30173913,14.8,11.79,12.97
1134615834,Mammen,Mary,Kokomo,IN,46902,1,Nurse Practitioner,99454,"Remote monitoring of physiologic parameters, initial supply of devices with daily recordings or programmed alerts transmission, each 30 days",O,115,161.0,161,113.95981366,49.15,39.16,42.74
1134615834,Mammen,Mary,Kokomo,IN,46902,1,Nurse Practitioner,99457,"Remote monitoring of physiologic parameters management services, 20 minutes or more of qualified health care professional time per calendar month",O,112,156.0,156,94.397884615,40.45,32.23,34.34
1134622541,Nelson,Jessica,Wintersville,OH,43953,1,Nurse Practitioner,99454,"Remote monitoring of physiologic parameters, initial supply of devices with daily recordings or programmed alerts transmission, each 30 days",O,14,14.0,14,50.0,49.2,39.2,42.74
1134665334,Vichorek,Katherine,Park Rapids,MN,56470,7,Nurse Practitioner,Q3014,Telehealth originating site facility fee,O,11,33.0,33,50.0,25.73,20.5,20.5
1134782543,Reis-Eibara,Nicole,Everett,WA,98201,1,Nurse Practitioner,Q3014,Telehealth originating site facility fee,O,12,12.0,12,53.0,17.845833333,14.359166667,22.369166667
1144201781,Berner,Jason,Jasper,GA,30143,2,Endocrinology,99091,"Collection and interpretation of physical parameters stored in computers and/or transmitted by the patient and/or caregiver to qualified health care professional, requiring 30 minutes or more, per 30 days",O,22,107.0,107,100.0,57.663925234,43.764672897,43.640747664
1144201781,Berner,Jason,Jasper,GA,30143,2,Endocrinology,99457,"Remote monitoring of physiologic parameters management services, 20 minutes or more of qualified health care professional time per calendar month",O,14,22.0,22,100.0,50.787727273,38.592272727,38.563636364
1144229196,Naccarato,Fredrick,Pittsburgh,PA,15243,1,Physician Assistant,Q3014,Telehealth originating site facility fee,O,40,41.0,41,35.0,25.904146341,12.0,12.0
1144239138,Pohl,James,Austin,TX,78734,1,Pulmonary Disease,Q3014,Telehealth originating site facility fee,O,55,118.0,118,60.0,25.73,20.5,20.5
1144252131,Martinez,Maria,Phoenix,AZ,85020,1,Pediatric Medicine,99453,"Remote monitoring of physiologic parameters, initial set-up and patient education on use of equipment",O,85,94.0,94,20.0,18.55,14.78,15.26
1144262346,Vaidya,Sunil,Mansfield,OH,44903,1,Pulmonary Disease,99091,"Collection and interpretation of physical parameters stored in computers and/or transmitted by the patient and/or caregiver to qualified health care professional, requiring 30 minutes or more, per 30 days",F,35,38.0,38,88.05,56.58,45.17,45.77
1144262346,Vaidya,Sunil,Mansfield,OH,44903,1,Pulmonary Disease,99091,"Collection and interpretation of physical parameters stored in computers and/or transmitted by the patient and/or caregiver to qualified health care professional, requiring 30 minutes or more, per 30 days",O,114,135.0,135,88.022666667,55.899481481,44.47762963,45.76037037
1144280009,Tilyou,Paul,Prescott,AZ,86205,,Psychiatry,Q3014,Telehealth originating site facility fee,O,60,180.0,180,25.76,25.386444444,18.403055556,18.403055556
1144317744,Schatz,Sarah,Jamestown,ND,58401,4,Family Practice,Q3014,Telehealth originating site facility fee,O,15,19.0,19,50.0,25.840526316,15.105263158,15.105263158
1144348954,Wiesehan,Paula,Lebanon,MO,65536,4,Nurse Practitioner,Q3014,Telehealth originating site facility fee,O,19,28.0,28,50.0,25.925,10.982142857,10.982142857
1144381005,Karabach,Maxim,Whiting,NJ,8759,1,Internal Medicine,G2012,"Brief communication technology-based service, e.g. virtual check-in, by a physician or other qualified health care professional who can report evaluation and management services, provided to an established patient, not originating from a related e/m servic",O,24,30.0,30,20.0,14.83,11.72,11.59
1144390980,Cummins,Curtis,Traverse City,MI,49684,4,Psychiatry,Q3014,Telehealth originating site facility fee,O,32,45.0,45,55.0,25.814,16.4,16.4
1144397845,Beld,John,Menasha,WI,54952,1,Psychiatry,Q3014,Telehealth originating site facility fee,O,40,167.0,167,36.616766467,24.849341317,16.048203593,17.01994012
1144535030,Russell,Julie,Evansville,IN,47714,1,Nurse Practitioner,Q3014,Telehealth originating site facility fee,O,75,240.0,240,50.0,25.737625,20.127875,20.127875
1144717307,Adebiyi,Oluwatosin,Houston,TX,77067,1,Nurse Practitioner,Q3014,Telehealth originating site facility fee,O,74,86.0,86,25.581395349,24.751511628,13.490116279,13.490116279
1144778135,Walker,Kendra,Le Mars,IA,51031,7,Nurse Practitioner,Q3014,Telehealth originating site facility fee,O,98,264.0,264,30.0,25.774583333,18.324734848,18.324734848
1144792110,Wolf,Andrew,Brooklyn,NY,11204,1,Nurse Practitioner,99453,"Remote monitoring of physiologic parameters, initial set-up and patient education on use of equipment",O,12,12.0,12,25.99,19.9,15.86,12.97
1144792110,Wolf,Andrew,Brooklyn,NY,11204,1,Nurse Practitioner,99454,"Remote monitoring of physiologic parameters, initial supply of devices with daily recordings or programmed alerts transmission, each 30 days",O,12,26.0,26,80.99,64.93,51.73,42.74
1154331346,Ray,Tiney,Port Jefferson Station,NY,11776,1,Nurse Practitioner,Q3014,Telehealth originating site facility fee,O,232,1570.0,1570,30.056050955,25.779070064,18.104515924,18.104535032
1154346435,Caudill,Robert,Louisville,KY,40202,1,Psychiatry,Q3014,Telehealth originating site facility fee,O,64,215.0,215,30.5,25.753488372,19.352744186,19.352790698
1154383008,Chacon,Javier,Staten Island,NY,10314,1,Internal Medicine,99454,"Remote monitoring of physiologic parameters, initial supply of devices with daily recordings or programmed alerts transmission, each 30 days",O,11,63.0,63,135.0,76.523650794,59.706666667,49.196666667
1154383008,Chacon,Javier,Staten Island,NY,10314,1,Internal Medicine,99457,"Remote monitoring of physiologic parameters management services, 20 minutes or more of qualified health care professional time per calendar month",O,11,71.0,71,115.0,58.992394366,46.347887324,39.830985915
1154390227,Bracken,Thomas,Onamia,MN,56359,10,Family Practice,Q3014,Telehealth originating site facility fee,O,27,29.0,29,42.0,25.73,20.5,20.5
1154393742,Allison,Robert,Pierre,SD,57501,4,Internal Medicine,Q3014,Telehealth originating site facility fee,O,34,50.0,50,36.0,25.772,18.45,18.45
1154408268,Vasquez,Victor,North Miami,FL,33161,1,Psychiatry,Q3014,Telehealth originating site facility fee,O,57,225.0,225,26.15,25.788888889,17.628711111,17.628711111
1154410967,Singh,Haramandeep,San Ramon,CA,94583,1,Psychiatry,99454,"Remote monitoring of physiologic parameters, initial supply of devices with daily recordings or programmed alerts transmission, each 30 days",O,90,112.0,112,250.0,83.719017857,66.940178571,50.860892857
1154410967,Singh,Haramandeep,San Ramon,CA,94583,1,Psychiatry,99457,"Remote monitoring of physiologic parameters management services, 20 minutes or more of qualified health care professional time per calendar month",O,12,12.0,12,250.0,61.25,48.95,40.4
1154437457,Kazim,Salman,Spokane,WA,99207,1,Psychiatry,Q3014,Telehealth originating site facility fee,O,27,70.0,70,50.0,25.73,20.5,20.5
1154437846,Brown,Rena,Charleston,SC,29401,1,Nurse Practitioner,Q3014,Telehealth originating site facility fee,O,13,13.0,13,28.0,25.73,20.5,20.5
1154462257,Breaden,Radhika,Portland,OR,97225,1,Internal Medicine,Q3014,Telehealth originating site facility fee,O,33,39.0,39,51.0,25.351538462,18.646410256,19.062820513
1154582369,Pandit,Jagadamba,Covington,VA,24426,7,Psychiatry,Q3014,Telehealth originating site facility fee,O,72,191.0,191,23.316492147,22.973664921,16.757486911,16.757486911
1154593259,Middendorf,Christopher,Pensacola,FL,32504,1,Anesthesiology,99453,"Remote monitoring of physiologic parameters, initial set-up and patient education on use of equipment",O,130,130.0,130,56.005,18.640461538,14.680615385,15.034538462
1154593259,Middendorf,Christopher,Pensacola,FL,32504,1,Anesthesiology,99454,"Remote monitoring of physiologic parameters, initial supply of devices with daily recordings or programmed alerts transmission, each 30 days",O,147,648.0,648,183.90660494,61.120601852,48.586666667,50.00462963
1154593259,Middendorf,Christopher,Pensacola,FL,32504,1,Anesthesiology,99457,"Remote monitoring of physiologic parameters management services, 20 minutes or more of qualified health care professional time per calendar month",O,147,646.0,646,152.02801858,50.610309598,40.329659443,40.262693498
1154641975,Ayengar,Shubh,Bellevue,WA,98004,1,Family Practice,99091,"Collection and interpretation of physical parameters stored in computers and/or transmitted by the patient and/or caregiver to qualified health care professional, requiring 30 minutes or more, per 30 days",O,345,395.0,395,200.0,55.583367089,36.257898734,38.202708861
1154710283,Byrd,Jessica,Liberty,KY,42539,10,Licensed Clinical Social Worker,Q3014,Telehealth originating site facility fee,O,17,22.0,22,30.5,25.768181818,18.636363636,18.636363636
1154757045,Roth,Melinda,Bloomington,IL,61701,1,Nurse Practitioner,Q3014,Telehealth originating site facility fee,O,16,27.0,27,32.0,25.807777778,16.703703704,16.703703704
1154789154,Gill,Yardana,Pleasanton,CA,94566,1,Nurse Practitioner,99453,"Remote monitoring of physiologic parameters, initial set-up and patient education on use of equipment",O,13,13.0,13,60.4,20.21,16.1,12.97
1154789154,Gill,Yardana,Pleasanton,CA,94566,1,Nurse Practitioner,99454,"Remote monitoring of physiologic parameters, initial supply of devices with daily recordings or programmed alerts transmission, each 30 days",O,11,11.0,11,200.7,67.15,53.5,42.74
1164403382,Jones,Gary,Alexandria,LA,71301,1,Thoracic Surgery,99453,"Remote monitoring of physiologic parameters, initial set-up and patient education on use of equipment",O,121,124.0,124,20.0,17.24,13.77,15.26
1164403382,Jones,Gary,Alexandria,LA,71301,1,Thoracic Surgery,99454,"Remote monitoring of physiologic parameters, initial supply of devices with daily recordings or programmed alerts transmission, each 30 days",O,60,163.0,163,65.0,56.59,45.19,50.29
1164403382,Jones,Gary,Alexandria,LA,71301,1,Thoracic Surgery,99457,"Remote monitoring of physiologic parameters management services, 20 minutes or more of qualified health care professional time per calendar month",O,116,429.0,429,55.0,48.28,38.55,40.4
1164406914,Heimark,Rebecca,Brainerd,MN,56401,4,Physician Assistant,Q3014,Telehealth originating site facility fee,O,19,21.0,21,50.0,25.73,20.5,20.5
1164414561,Johns,Cheryl,Summersville,WV,26651,7,Nurse Practitioner,Q3014,Telehealth originating site facility fee,O,191,197.0,197,30.0,26.002436548,7.2055837563,7.2055837563
1164464665,Roell,Diane,Kingsford,MI,49802,4,Nurse Practitioner,Q3014,Telehealth originating site facility fee,O,35,75.0,75,5.54,5.4650666667,3.6144,3.6144
1164470068,Henry,Jonathan,East Lansing,MI,48823,1,Psychiatry,Q3014,Telehealth originating site facility fee,O,38,103.0,103,26.15,25.79,17.572718447,17.572718447
1164477691,Harrison,Myleme,Raleigh,NC,27615,1,Psychiatry,Q3014,Telehealth originating site facility fee,O,32,133.0,133,44.879699248,25.752857143,19.387744361,19.387744361
1164484358,Burdick,Claude,Fremont,CA,94538,1,Pathology,99453,"Remote monitoring of physiologic parameters, initial set-up and patient education on use of equipment",O,82,82.0,82,52.5,17.436219512,13.892682927,15.257195122
1164484358,Burdick,Claude,Fremont,CA,94538,1,Pathology,99454,"Remote monitoring of physiologic parameters, initial supply of devices with daily recordings or programmed alerts transmission, each 30 days",O,183,1034.0,1034,172.5,59.59467118,47.399158607,50.203249516
1164507869,Hsiao,Ray,Hacienda Heights,CA,91745,1,Internal Medicine,99453,"Remote monitoring of physiologic parameters, initial set-up and patient education on use of equipment",O,56,57.0,57,35.0,22.68,18.13,15.25
1164507869,Hsiao,Ray,Hacienda Heights,CA,91745,1,Internal Medicine,99454,"Remote monitoring of physiologic parameters, initial supply of devices with daily recordings or programmed alerts transmission, each 30 days",O,37,51.0,51,85.0,75.153529412,58.901960784,49.303921569
1164507869,Hsiao,Ray,Hacienda Heights,CA,91745,1,Internal Medicine,99457,"Remote monitoring of physiologic parameters management services, 20 minutes or more of qualified health care professional time per calendar month",O,37,65.0,65,65.0,56.941076923,45.191230769,40.076769231
1164570172,Danforth,Rebecca,Missoula,MT,59802,1,Rheumatology,Q3014,Telehealth originating site facility fee,O,14,36.0,36,42.0,25.765,18.791666667,18.791666667
1164575536,Hrach,Barbara,Santa Barbara,CA,93101,1,Internal Medicine,G2012,"Brief communication technology-based service, e.g. virtual check-in, by a physician or other qualified health care professional who can report evaluation and management services, provided to an established patient, not originating from a related e/m servic",O,51,78.0,78,50.0,14.65,11.57,11.579871795
1164620480,Mclellan,Jennifer,Prairie Du Chien,WI,53821,7,General Surgery,Q3014,Telehealth originating site facility fee,O,19,23.0,23,39.0,25.73,20.5,20.5
1164696506,Hall,Laura,Columbia Falls,MT,59912,7.2,Nurse Practitioner,99454,"Remote monitoring of physiologic parameters, initial supply of devices with daily recordings or programmed alerts transmission, each 30 days",O,11,36.0,36,63.971111111,53.855833333,42.127222222,41.977222222
1164735619,Khan,Erum,Salem,MO,65560,8,Psychiatry,Q3014,Telehealth originating site facility fee,O,37,110.0,110,50.581818182,25.775,18.308090909,18.308090909
1164802534,Edwards,Kathleen,Neptune City,NJ,7753,1,Nurse Practitioner,99091,"Collection and interpretation of physical parameters stored in computers and/or transmitted by the patient and/or caregiver to qualified health care professional, requiring 30 minutes or more, per 30 days",O,90,160.0,160,149.0,51.2320625,37.2201875,35.511375
1164806535,Leon,Catheryne,Greenvale,NY,11548,1,Nurse Practitioner,G2012,"Brief communication technology-based service, e.g. virtual check-in, by a physician or other qualified health care professional who can report evaluation and management services, provided to an established patient, not originating from a related e/m servic",O,12,13.0,13,20.0,13.363846154,9.0553846154,8.33
1164806634,Tsai,Hsiangfeng,Vancouver,WA,98663,1,Nurse Practitioner,Q3014,Telehealth originating site facility fee,O,39,68.0,68,30.0,25.731470588,20.427352941,20.427352941
1164823092,Gregersen,Jamey,Fort Dodge,IA,50501,4,Nurse Practitioner,Q3014,Telehealth originating site facility fee,O,32,102.0,102,30.029411765,25.835686275,15.34254902,15.346764706
1164836862,Ammons,Jade,Duluth,MN,55805,1,Nurse Practitioner,Q3014,Telehealth originating site facility fee,O,29,82.0,82,50.0,24.910121951,19.871463415,20.704268293
1164869988,Peay,James,Grandview,WA,98930,4,Nurse Practitioner,Q3014,Telehealth originating site facility fee,O,33,51.0,51,50.0,25.73,20.5,20.5
1164885778,Agomessou,Ablavi,Lawrenceville,GA,30045,1,Nurse Practitioner,Q3014,Telehealth originating site facility fee,O,22,26.0,26,28.0,25.794615385,17.346153846,17.346153846
1174073381,Johnston,Stoni,Tomball,TX,77375,1,Nurse Practitioner,Q3014,Telehealth originating site facility fee,O,32,48.0,48,50.0,25.73875,20.072916667,20.072916667
1174502173,Westenfelder,Karl,Missoula,MT,59808,1,Urology,99453,"Remote monitoring of physiologic parameters, initial set-up and patient education on use of equipment",O,25,26.0,26,40.0,19.67,15.73,15.621538462
1174511208,Waters,Leslie,Colville,WA,99114,7,Family Practice,Q3014,Telehealth originating site facility fee,O,24,44.0,44,34.0,24.412045455,17.106818182,18.494090909
1174542047,Anagnos,Angela,San Jose,CA,95128,1,Neurology,99091,"Collection and interpretation of physical parameters stored in computers and/or transmitted by the patient and/or caregiver to qualified health care professional, requiring 30 minutes or more, per 30 days",O,259,319.0,319,90.031347962,62.789028213,48.959435737,45.170376176
1174542047,Anagnos,Angela,San Jose,CA,95128,1,Neurology,99457,"Remote monitoring of physiologic parameters management services, 20 minutes or more of qualified health care professional time per calendar month",O,103,105.0,105,90.0,59.47,46.98,40.4
1174543193,Williams,Kimberly,Hammond,LA,70403,1,Nephrology,99454,"Remote monitoring of physiologic parameters, initial supply of devices with daily recordings or programmed alerts transmission, each 30 days",O,31,46.0,46,100.0,56.79,45.39,50.29
1174543193,Williams,Kimberly,Hammond,LA,70403,1,Nephrology,99457,"Remote monitoring of physiologic parameters management services, 20 minutes or more of qualified health care professional time per calendar month",O,23,29.0,29,75.0,48.47,38.74,40.4
1174580336,Kodl,Christopher,St. Paul,MN,55130,1,Endocrinology,G2012,"Brief communication technology-based service, e.g. virtual check-in, by a physician or other qualified health care professional who can report evaluation and management services, provided to an established patient, not originating from a related e/m servic",O,11,11.0,11,41.0,14.36,11.49,11.59
1174618375,Sangal,R,Sterling Heights,MI,48314,1,Sleep Medicine,99091,"Collection and interpretation of physical parameters stored in computers and/or transmitted by the patient and/or caregiver to qualified health care professional, requiring 30 minutes or more, per 30 days",O,250,562.0,562,100.0,59.751174377,45.19930605,43.316601423
1174633457,Cappiello,Linda,Wilmington,NC,28403,1,Nurse Practitioner,Q3014,Telehealth originating site facility fee,O,793,3482.0,3482,27.891728891,25.717073521,19.604862148,19.604862148
1174646012,Demas,Anita,San Francisco,CA,94115,1,Internal Medicine,G2012,"Brief communication technology-based service, e.g. virtual check-in, by a physician or other qualified health care professional who can report evaluation and management services, provided to an established patient, not originating from a related e/m servic",O,26,33.0,33,26.96969697,16.65,13.32,11.59
1174688121,Brown,James,Demorest,GA,30535,4.1,Internal Medicine,99453,"Remote monitoring of physiologic parameters, initial set-up and patient education on use of equipment",O,39,39.0,39,35.384615385,17.374871795,13.504615385,14.916410256
1174697684,Sarafa,Gary,Northville,MI,48167,1,Family Practice,99453,"Remote monitoring of physiologic parameters, initial set-up and patient education on use of equipment",O,64,67.0,67,44.402985075,19.376268657,15.495373134,15.407910448
1174697684,Sarafa,Gary,Northville,MI,48167,1,Family Practice,99454,"Remote monitoring of physiologic parameters, initial supply of devices with daily recordings or programmed alerts transmission, each 30 days",O,22,23.0,23,143.52173913,63.62,50.88,50.572173913
1174697684,Sarafa,Gary,Northville,MI,48167,1,Family Practice,99457,"Remote monitoring of physiologic parameters management services, 20 minutes or more of qualified health care professional time per calendar month",O,16,16.0,16,99.6875,52.16,41.72,41.146875
1174710545,Mayle,Robert,Stanford,CA,94305,1,Orthopedic Surgery,99454,"Remote monitoring of physiologic parameters, initial supply of devices with daily recordings or programmed alerts transmission, each 30 days",O,12,19.0,19,169.34,84.19,67.26,50.29
1174719462,Anunobi,Echezona,Raymore,MO,64083,1,Psychiatry,Q3014,Telehealth originating site facility fee,O,38,126.0,126,50.936507937,25.786666667,17.734126984,17.734126984
1174761217,Farris,Deanann,Lewisburg,WV,24901,7,Psychiatry,Q3014,Telehealth originating site facility fee,O,58,229.0,229,26.072052402,25.683100437,18.992489083,18.992489083
1174764385,Adams,Charlotte,Bardstown,KY,40004,4,Nurse Practitioner,Q3014,Telehealth originating site facility fee,F,33,34.0,34,25.0,24.805588235,9.5355882353,9.5355882353
1174764385,Adams,Charlotte,Bardstown,KY,40004,4,Nurse Practitioner,Q3014,Telehealth originating site facility fee,O,93,159.0,159,25.0,24.622264151,18.509937107,18.509937107
1174789663,Brar,Manjinder,Naperville,IL,60563,1,Psychiatry,Q3014,Telehealth originating site facility fee,O,43,44.0,44,32.0,25.5425,6.1927272727,6.6734090909
1174937379,Rotzler,Georgina,Sahuarita,AZ,85629,2,Nurse Practitioner,Q3014,Telehealth originating site facility fee,O,45,100.0,100,29.16,22.9792,13.2959,13.2959
1174953368,Therrell,Alice,Fairfield,CA,94534,1,Nurse Practitioner,99453,"Remote monitoring of physiologic parameters, initial set-up and patient education on use of equipment",O,128,131.0,131,26.027480916,21.227480916,16.910381679,12.97
1174953368,Therrell,Alice,Fairfield,CA,94534,1,Nurse Practitioner,99454,"Remote monitoring of physiologic parameters, initial supply of devices with daily recordings or programmed alerts transmission, each 30 days",O,193,687.0,687,43.328282387,41.518544396,33.080407569,42.663085881
1174953368,Therrell,Alice,Fairfield,CA,94534,1,Nurse Practitioner,99457,"Remote monitoring of physiologic parameters management services, 20 minutes or more of qualified health care professional time per calendar month",O,174,649.0,649,61.513143297,51.43,40.98,34.401386749
1174968283,Padmalayam,Dipti,San Francisco,CA,94115,1,General Practice,G2012,"Brief communication technology-based service, e.g. virtual check-in, by a physician or other qualified health care professional who can report evaluation and management services, provided to an established patient, not originating from a related e/m servic",O,25,28.0,28,27.142857143,16.4,13.07,11.59
1184060980,Kaiser,Nathan,Shakopee,MN,55379,1,Nurse Practitioner,Q3014,Telehealth originating site facility fee,O,62,90.0,90,50.0,25.734666667,20.272222222,20.272222222
1184064347,Gosalia,Tanmay,North Bergen,NJ,7047,1,Internal Medicine,99453,"Remote monitoring of physiologic parameters, initial set-up and patient education on use of equipment",O,24,24.0,24,45.0,22.51,17.93,15.25
1184617995,Saintfort,Ralph,Moline,IL,61265,1,Psychiatry,Q3014,Telehealth originating site facility fee,O,101,431.0,431,25.76,25.388607889,18.297981439,18.297981439
1184633901,Yuo,Hae Sook,Napa,CA,94558,1,Psychiatry,Q3014,Telehealth originating site facility fee,O,54,81.0,81,56.29,25.788888889,17.627037037,17.627037037
1184652224,Gabert,Thomas,Minocqua,WI,54548,10,Internal Medicine,Q3014,Telehealth originating site facility fee,O,49,54.0,54,40.0,25.746666667,19.688333333,19.688333333
1184666000,Dunlap,Laura,Wilmington,NC,28405,1,"Psychologist, Clinical",Q3014,Telehealth originating site facility fee,O,108,653.0,653,30.101071975,25.735620214,20.225543645,20.225543645
1184666539,Raju,Penumetsa,Waterloo,IA,50702,1,Psychiatry,Q3014,Telehealth originating site facility fee,O,121,231.0,231,55.0,25.64025974,19.355974026,19.469177489
1184669905,Gordon,Michael,Newport Beach,CA,92660,1,Orthopedic Surgery,99091,"Collection and interpretation of physical parameters stored in computers and/or transmitted by the patient and/or caregiver to qualified health care professional, requiring 30 minutes or more, per 30 days",O,11,12.0,12,170.0,61.6,49.14,45.78
1184675688,Rovzar,Michael,San Juan Capistrano,CA,92675,1.1,Pulmonary Disease,99453,"Remote monitoring of physiologic parameters, initial set-up and patient education on use of equipment",O,19,19.0,19,23.0,22.44,17.89,15.388947368
1184675688,Rovzar,Michael,San Juan Capistrano,CA,92675,1.1,Pulmonary Disease,99454,"Remote monitoring of physiologic parameters, initial supply of devices with daily recordings or programmed alerts transmission, each 30 days",O,19,58.0,58,75.0,74.06,59.06,50.29
1184675688,Rovzar,Michael,San Juan Capistrano,CA,92675,1.1,Pulmonary Disease,99457,"Remote monitoring of physiologic parameters management services, 20 minutes or more of qualified health care professional time per calendar month",O,11,22.0,22,57.0,56.29,44.89,40.4
1184690984,Farid-Moayer,Mehran,Burlingame,CA,94010,1,Sleep Medicine,99091,"Collection and interpretation of physical parameters stored in computers and/or transmitted by the patient and/or caregiver to qualified health care professional, requiring 30 minutes or more, per 30 days",O,13,18.0,18,150.0,64.92,51.89,45.78
1184701856,Andersen,Jeffrey,Detroit Lakes,MN,56501,7,Family Practice,Q3014,Telehealth originating site facility fee,O,19,21.0,21,50.0,25.75,19.523809524,19.523809524
1184707820,Yount,Steven,Bastrop,TX,78602,2,Family Practice,G2012,"Brief communication technology-based service, e.g. virtual check-in, by a physician or other qualified health care professional who can report evaluation and management services, provided to an established patient, not originating from a related e/m servic",O,14,19.0,19,15.0,13.38,10.66,11.58
1184717209,Day,Jonathan,Beatrice,NE,68310,4,Licensed Clinical Social Worker,Q3014,Telehealth originating site facility fee,O,17,17.0,17,24.1,23.760588235,16.448235294,16.448235294
1184726523,Snoke,Geri,Lexington,NC,27292,1,Psychiatry,Q3014,Telehealth originating site facility fee,O,14,40.0,40,25.0,24.66375,16.4715,16.4715
1184739708,Hickman,Michele,Wilmington,NC,28412,1,Physician Assistant,Q3014,Telehealth originating site facility fee,O,11,11.0,11,20.83,20.5,16.33,16.33
1184773400,Hansen,Douglas,Littleton,CO,80127,1,Family Practice,99457,"Remote monitoring of physiologic parameters management services, 20 minutes or more of qualified health care professional time per calendar month",O,39,50.0,50,130.0,52.03,41.61,40.4
1184779803,Hilleman,Robert,Fairbanks,AK,99701,1,Physician Assistant,Q3014,Telehealth originating site facility fee,O,22,73.0,73,50.0,25.73,20.5,20.5
1184822850,Silvey,Allen,Linwood,NJ,8221,1,Pulmonary Disease,99453,"Remote monitoring of physiologic parameters, initial set-up and patient education on use of equipment",O,12,12.0,12,28.6,21.47,17.11,15.26
1184822850,Silvey,Allen,Linwood,NJ,8221,1,Pulmonary Disease,99457,"Remote monitoring of physiologic parameters management services, 20 minutes or more of qualified health care professional time per calendar month",O,87,137.0,137,68.67,54.620072993,43.528540146,40.398540146
1184834848,Arora,Anita,Detroit,MI,48202,1,Psychiatry,Q3014,Telehealth originating site facility fee,O,65,134.0,134,25.0,24.672761194,16.033283582,16.033283582
1184907289,Saunders,James,Deming,NM,88030,4,Nurse Practitioner,Q3014,Telehealth originating site facility fee,O,149,324.0,324,23.051728395,22.712376543,14.963179012,14.963179012
1184941668,Rivera,Steve,Honolulu,HI,96813,1,Urology,G2012,"Brief communication technology-based service, e.g. virtual check-in, by a physician or other qualified health care professional who can report evaluation and management services, provided to an established patient, not originating from a related e/m servic",F,18,23.0,23,36.304347826,13.572608696,9.4347826087,9.0869565217
1184955767,Cohen,David,La Jolla,CA,92037,1,Clinical Cardiac Electrophysiology,99091,"Collection and interpretation of physical parameters stored in computers and/or transmitted by the patient and/or caregiver to qualified health care professional, requiring 30 minutes or more, per 30 days",O,167,328.0,328,90.0,59.13,47.11,45.77
1184982290,Tatsuno,Brent,Honolulu,HI,96813,1,Hospitalist,Q3014,Telehealth originating site facility fee,O,11,11.0,11,119.0,25.73,20.5,20.5
1194210898,Rezac,Lanona,Hobbs,NM,88240,4,Nurse Practitioner,Q3014,Telehealth originating site facility fee,O,19,68.0,68,33.0,25.379852941,18.819411765,19.203970588
1194720110,Ezeugwu,Camellus,Baltimore,MD,21201,1,Internal Medicine,99453,"Remote monitoring of physiologic parameters, initial set-up and patient education on use of equipment",O,222,300.0,300,30.0,20.9054,16.368933333,15.0213
1194720110,Ezeugwu,Camellus,Baltimore,MD,21201,1,Internal Medicine,99454,"Remote monitoring of physiologic parameters, initial supply of devices with daily recordings or programmed alerts transmission, each 30 days",O,145,604.0,480,99.958609272,69.141374172,55.103774834,50.311490066
1194720110,Ezeugwu,Camellus,Baltimore,MD,21201,1,Internal Medicine,99457,"Remote monitoring of physiologic parameters management services, 20 minutes or more of qualified health care professional time per calendar month",O,93,252.0,224,70.0,54.259722222,43.229960317,40.40047619
1194739938,Thornton,Ted,Charleston,WV,25303,1,Psychiatry,Q3014,Telehealth originating site facility fee,O,52,114.0,114,26.07,25.717807018,17.14122807,17.14122807
1194747618,Griffith,Joel,Bloomington,IN,47403,1,Psychiatry,Q3014,Telehealth originating site facility fee,O,12,27.0,27,40.0,25.73,20.5,20.5
1194750612,Qiu,Yumin,Camarillo,CA,93010,1,Cardiology,99453,"Remote monitoring of physiologic parameters, initial set-up and patient education on use of equipment",O,22,22.0,22,69.0,22.34,17.8,15.26
1194777276,Powell,Laura,Temple,TX,76502,1,Physician Assistant,Q3014,Telehealth originating site facility fee,O,96,292.0,292,45.0,25.786609589,17.737636986,17.737636986
1194790857,Abraham,Sunoj,Crystal River,FL,34429,2,Internal Medicine,99457,"Remote monitoring of physiologic parameters management services, 20 minutes or more of qualified health care professional time per calendar month",O,13,13.0,13,65.0,50.61,40.47,40.4
1194851857,Lo,Timothy,Emeryville,CA,94608,1,Interventional Pain Management,G2012,"Brief communication technology-based service, e.g. virtual check-in, by a physician or other qualified health care professional who can report evaluation and management services, provided to an established patient, not originating from a related e/m servic",O,42,58.0,58,68.72,15.907241379,12.117241379,11.190344828
1194911453,Mettetal,Kimberly,Lufkin,TX,75901,4,Nurse Practitioner,Q3014,Telehealth originating site facility fee,O,11,31.0,31,45.0,25.757096774,19.177419355,19.177419355
1194966895,Morrill,Laurel,Rice Lake,WI,54868,7,Licensed Clinical Social Worker,Q3014,Telehealth originating site facility fee,O,19,79.0,79,40.0,25.76721519,18.683544304,18.683544304
1194967216,Gill,Gurkiran,Akron,OH,44303,1,Psychiatry,Q3014,Telehealth originating site facility fee,O,92,150.0,150,35.0,25.792133333,17.468,17.468
1194989491,Huang,Wenyu,Chicago,IL,60611,1,Endocrinology,G2012,"Brief communication technology-based service, e.g. virtual check-in, by a physician or other qualified health care professional who can report evaluation and management services, provided to an established patient, not originating from a related e/m servic",O,11,15.0,15,35.0,15.671333333,11.694666667,10.808
1205015906,Widitz,David,Iowa City,IA,52245,1,Psychiatry,Q3014,Telehealth originating site facility fee,O,22,59.0,59,100.0,25.806779661,16.751864407,16.752033898
1205072063,Wight,Virginia,Macon,GA,31201,1,Psychiatry,Q3014,Telehealth originating site facility fee,O,12,13.0,13,30.0,26.020769231,6.3076923077,6.3076923077
1205082120,Bradford,Rachel,Grove Hill,AL,36451,10.1,Licensed Clinical Social Worker,Q3014,Telehealth originating site facility fee,O,67,313.0,313,24.83,24.477795527,17.134728435,17.134728435
1205082237,Manzon,Hector Rey,Colby,WI,54421,7,Family Practice,Q3014,Telehealth originating site facility fee,O,46,60.0,60,40.0,25.744,19.816666667,19.816666667
1205083425,Knight,Cathey,Stateline,NV,89449,4,Nurse Practitioner,Q3014,Telehealth originating site facility fee,O,33,48.0,48,196.0,25.79125,17.510416667,17.510416667
1205163920,Parish,Latasha,Milwaukee,WI,53225,1,Nurse Practitioner,Q3014,Telehealth originating site facility fee,O,57,118.0,118,30.0,25.760508475,19.012711864,19.012711864
1205255767,Shuster,Corrine,Apex,NC,27502,1,Licensed Clinical Social Worker,Q3014,Telehealth originating site facility fee,O,14,14.0,14,27.0,25.73,20.5,20.5
1205271897,Zhong,Rocksheng,Clinton,MO,64735,7,Psychiatry,Q3014,Telehealth originating site facility fee,O,35,127.0,127,51.149606299,25.756535433,19.206929134,19.206929134
1205321973,Morgan,Kristie,Sandusky,MI,48471,7,Nurse Practitioner,Q3014,Telehealth originating site facility fee,O,100,106.0,106,26.0,25.631415094,17.885471698,17.885471698
1205393386,Hudspeth,Jessica,Le Mars,IA,51031,7,Nurse Practitioner,Q3014,Telehealth originating site facility fee,O,14,17.0,17,30.0,25.754705882,19.294117647,19.294117647
1205804911,Sanchez,Mario,Raymondville,TX,78580,2,Family Practice,99453,"Remote monitoring of physiologic parameters, initial set-up and patient education on use of equipment",O,36,36.0,36,50.0,18.01,14.37,15.26
1205804911,Sanchez,Mario,Raymondville,TX,78580,2,Family Practice,99454,"Remote monitoring of physiologic parameters, initial supply of devices with daily recordings or programmed alerts transmission, each 30 days",O,34,128.0,128,100.0,59.47,47.45,50.29
1205813920,Neelagaru,Suresh,San Antonio,TX,78224,1,Cardiology,99453,"Remote monitoring of physiologic parameters, initial set-up and patient education on use of equipment",O,28,29.0,29,80.0,17.339655172,12.318965517,13.941034483
1205813920,Neelagaru,Suresh,San Antonio,TX,78224,1,Cardiology,99454,"Remote monitoring of physiologic parameters, initial supply of devices with daily recordings or programmed alerts transmission, each 30 days",O,45,173.0,173,150.0,58.64716763,45.378901734,49.094393064
1205813920,Neelagaru,Suresh,San Antonio,TX,78224,1,Cardiology,99457,"Remote monitoring of physiologic parameters management services, 20 minutes or more of qualified health care professional time per calendar month",O,45,172.0,172,120.0,48.781453488,38.261802326,39.7975
1205852290,Mittle,Sumit,New Hyde Park,NY,11042,1,Cardiology,99453,"Remote monitoring of physiologic parameters, initial set-up and patient education on use of equipment",O,57,59.0,59,100.0,23.428305085,18.668644068,15.26
1205852290,Mittle,Sumit,New Hyde Park,NY,11042,1,Cardiology,99454,"Remote monitoring of physiologic parameters, initial supply of devices with daily recordings or programmed alerts transmission, each 30 days",O,234,809.0,809,100.0,76.470482077,60.303584672,49.756254635
1205852290,Mittle,Sumit,New Hyde Park,NY,11042,1,Cardiology,99457,"Remote monitoring of physiologic parameters management services, 20 minutes or more of qualified health care professional time per calendar month",O,242,724.0,724,100.0,58.954696133,46.754447514,40.199212707
1205866696,Darveaux,Rene,Bellaire,TX,77401,1,Family Practice,99453,"Remote monitoring of physiologic parameters, initial set-up and patient education on use of equipment",O,37,41.0,41,35.365853659,18.41,14.67,15.015365854
1205866696,Darveaux,Rene,Bellaire,TX,77401,1,Family Practice,99454,"Remote monitoring of physiologic parameters, initial supply of devices with daily recordings or programmed alerts transmission, each 30 days",O,38,180.0,180,79.888888889,60.73,48.4,49.345
1205866696,Darveaux,Rene,Bellaire,TX,77401,1,Family Practice,99457,"Remote monitoring of physiologic parameters management services, 20 minutes or more of qualified health care professional time per calendar month",O,43,97.0,97,77.319587629,48.875876289,38.640515464,39.418247423
1205875564,White,Thomas,Richland,WA,99352,1,Physician Assistant,Q3014,Telehealth originating site facility fee,O,13,78.0,78,50.0,25.73,20.5,20.5
1205896743,Shen,Michael,Weston,FL,33331,1,Cardiology,99091,"Collection and interpretation of physical parameters stored in computers and/or transmitted by the patient and/or caregiver to qualified health care professional, requiring 30 minutes or more, per 30 days",F,56,93.0,93,151.48,53.559247312,42.671935484,41.774193548
1205896743,Shen,Michael,Weston,FL,33331,1,Cardiology,99091,"Collection and interpretation of physical parameters stored in computers and/or transmitted by the patient and/or caregiver to qualified health care professional, requiring 30 minutes or more, per 30 days",O,35,170.0,170,151.48,57.938588235,46.160294118,45.769588235
1205937646,Eisenberg,Peter,Greenbrae,CA,94904,1,Medical Oncology,G2010,"Remote evaluation of recorded video and/or images submitted by an established patient (e.g., store and forward), including interpretation with follow-up with the patient within 24 business hours, not originating from a related e/m service provided within t",O,13,17.0,17,25.0,14.39,11.49,9.89
1205937687,Jarvis,Pamela,Virginia,MN,55792,4,Nurse Practitioner,Q3014,Telehealth originating site facility fee,O,132,394.0,394,36.0,25.802817259,16.949720812,16.949720812
1205968757,Shah,Neeraj,Austin,TX,78753,1,Internal Medicine,99453,"Remote monitoring of physiologic parameters, initial set-up and patient education on use of equipment",O,73,73.0,73,19.765890411,19.591369863,15.663150685,15.26
1205968757,Shah,Neeraj,Austin,TX,78753,1,Internal Medicine,99454,"Remote monitoring of physiologic parameters, initial supply of devices with daily recordings or programmed alerts transmission, each 30 days",O,73,82.0,82,65.338902439,64.822804878,51.836219512,50.29
1205968757,Shah,Neeraj,Austin,TX,78753,1,Internal Medicine,99457,"Remote monitoring of physiologic parameters management services, 20 minutes or more of qualified health care professional time per calendar month",O,74,83.0,83,52.173373494,51.77,41.4,40.4
1205981750,Patel,Chirag,Merrillville,IN,46410,1,Internal Medicine,99454,"Remote monitoring of physiologic parameters, initial supply of devices with daily recordings or programmed alerts transmission, each 30 days",O,44,44.0,44,96.0,61.990909091,48.975909091,48.912727273
1215032826,Richmond,Mary,Chicago,IL,60611,1,Internal Medicine,G2012,"Brief communication technology-based service, e.g. virtual check-in, by a physician or other qualified health care professional who can report evaluation and management services, provided to an established patient, not originating from a related e/m servic",O,33,34.0,34,24.558823529,15.671764706,11.424411765,10.558235294
1215133392,Focht,Amanda,Seattle,WA,98105,1,Geriatric Psychiatry,Q3014,Telehealth originating site facility fee,O,17,23.0,23,52.5,25.74826087,19.608695652,19.608695652
1215167895,Salau,Muskinni,Columbia,MO,65212,1,Psychiatry,Q3014,Telehealth originating site facility fee,O,60,162.0,162,50.716049383,25.789320988,17.606666667,17.606666667
1215259841,Aldape,Aaron,Southlake,TX,76092,1,Family Practice,99091,"Collection and interpretation of physical parameters stored in computers and/or transmitted by the patient and/or caregiver to qualified health care professional, requiring 30 minutes or more, per 30 days",O,16,80.0,80,124.0,57.16975,45.72125,45.77725
1215259841,Aldape,Aaron,Southlake,TX,76092,1,Family Practice,99453,"Remote monitoring of physiologic parameters, initial set-up and patient education on use of equipment",O,15,17.0,17,55.294117647,18.222941176,14.572352941,15.26
1215259841,Aldape,Aaron,Southlake,TX,76092,1,Family Practice,99454,"Remote monitoring of physiologic parameters, initial supply of devices with daily recordings or programmed alerts transmission, each 30 days",O,16,94.0,94,158.29787234,60.824468085,48.133829787,49.797021277
1215259841,Aldape,Aaron,Southlake,TX,76092,1,Family Practice,99457,"Remote monitoring of physiologic parameters management services, 20 minutes or more of qualified health care professional time per calendar month",O,15,86.0,86,120.04651163,49.846976744,39.863255814,40.4
1215300736,Barr,Keri,Meridian,MS,39307,4,Nurse Practitioner,Q3014,Telehealth originating site facility fee,O,59,200.0,200,50.0,25.82315,15.95385,15.95385
1215312335,Gillespie,Timothy,Mantachie,MS,38855,5,Licensed Clinical Social Worker,Q3014,Telehealth originating site facility fee,O,41,131.0,131,50.0,25.793053435,17.425267176,17.425267176
1215362546,Woodside,Rhonda,Bismarck,ND,58504,1,Nurse Practitioner,Q3014,Telehealth originating site facility fee,O,55,73.0,73,50.0,25.379041096,20.148082192,20.50630137
1215471859,Mollay,Miah,Las Vegas,NV,89102,1,Physician Assistant,Q3014,Telehealth originating site facility fee,O,33,105.0,105,24.24,23.864857143,18.276190476,18.276190476
1215483300,Rose,Harmony,Madison,AL,35758,1,Nurse Practitioner,Q3014,Telehealth originating site facility fee,O,14,19.0,19,80.0,25.73,20.5,20.5
1215903877,Alonzo,Luis,Greensburg,KS,67054,10,Psychiatry,Q3014,Telehealth originating site facility fee,O,57,99.0,99,30.0,25.75989899,19.042323232,19.042323232
1215920160,Traub,Todd,Tampa,FL,33613,1,Anesthesiology,99454,"Remote monitoring of physiologic parameters, initial supply of devices with daily recordings or programmed alerts transmission, each 30 days",O,12,20.0,20,306.0,60.29,48.05,50.29
1215921044,Girsky,Marc,Los Angeles,CA,90015,1,Cardiology,99453,"Remote monitoring of physiologic parameters, initial set-up and patient education on use of equipment",O,16,16.0,16,45.0,22.37,17.82,15.25
1215923255,Kalkstein,David,Wilmington,DE,19810,1,Psychiatry,Q3014,Telehealth originating site facility fee,O,180,349.0,349,50.0,25.540028653,20.200114613,20.396246418
1215932926,Kronner,Kevin,Missoula,MT,59808,1,Urology,99453,"Remote monitoring of physiologic parameters, initial set-up and patient education on use of equipment",O,25,25.0,25,40.0,19.67,15.73,15.5608
1215956321,Chustecka,Margaret,Hamden,CT,6517,1,Internal Medicine,99453,"Remote monitoring of physiologic parameters, initial set-up and patient education on use of equipment",O,17,18.0,18,45.0,21.59,17.25,15.26
1215956321,Chustecka,Margaret,Hamden,CT,6517,1,Internal Medicine,99454,"Remote monitoring of physiologic parameters, initial supply of devices with daily recordings or programmed alerts transmission, each 30 days",O,18,32.0,32,95.0,71.06,56.78,50.8984375
1215956321,Chustecka,Margaret,Hamden,CT,6517,1,Internal Medicine,99457,"Remote monitoring of physiologic parameters management services, 20 minutes or more of qualified health care professional time per calendar month",O,19,37.0,37,80.0,55.26,44.16,40.704864865
1215956321,Chustecka,Margaret,Hamden,CT,6517,1,Internal Medicine,G2012,"Brief communication technology-based service, e.g. virtual check-in, by a physician or other qualified health care professional who can report evaluation and management services, provided to an established patient, not originating from a related e/m servic",O,16,21.0,21,35.0,15.63,12.49,11.59
1225008188,Beals,Norman,Seneca,PA,16346,4,Family Practice,Q3014,Telehealth originating site facility fee,O,12,12.0,12,35.0,25.8,17.083333333,17.083333333
1225065410,Moor,John,Sarasota,FL,34239,1,Orthopedic Surgery,99091,"Collection and interpretation of physical parameters stored in computers and/or transmitted by the patient and/or caregiver to qualified health care professional, requiring 30 minutes or more, per 30 days",O,40,74.0,74,69.324324324,57.673243243,44.708108108,44.542702703
1225078314,Schwechter,Leon,Greenvale,NY,11548,1,Internal Medicine,G2012,"Brief communication technology-based service, e.g. virtual check-in, by a physician or other qualified health care professional who can report evaluation and management services, provided to an established patient, not originating from a related e/m servic",O,23,24.0,24,20.0,16.4175,8.8725,7.7266666667
1225081060,Reid,Pamela,Chapel Hill,NC,27514,1,Psychiatry,Q3014,Telehealth originating site facility fee,O,39,40.0,40,27.0,25.828,15.722,15.722
1225095714,Jani,Sushma,Columbia,MD,21044,1,Psychiatry,Q3014,Telehealth originating site facility fee,O,154,267.0,267,35.0,25.739700375,20.026404494,20.026404494
1225097702,Pitera,Matthew,Toms River,NJ,8753,1,Psychiatry,Q3014,Telehealth originating site facility fee,O,68,294.0,294,51.0,25.608469388,18.026598639,18.19877551
1225111941,Mora,Alexander,San Antonio,TX,78221,1,Internal Medicine,99454,"Remote monitoring of physiologic parameters, initial supply of devices with daily recordings or programmed alerts transmission, each 30 days",O,12,47.0,47,275.0,59.3,47.28,50.29
1225111941,Mora,Alexander,San Antonio,TX,78221,1,Internal Medicine,99457,"Remote monitoring of physiologic parameters management services, 20 minutes or more of qualified health care professional time per calendar month",O,12,47.0,47,275.0,48.83,38.93,40.4
1225131014,Rubio,Sandra,Cottonwood,AZ,86326,4,Endocrinology,Q3014,Telehealth originating site facility fee,O,46,54.0,54,80.0,25.768888889,18.601851852,18.601851852
1225144140,Khanna,Rohit,Marietta,GA,30067,1,Psychiatry,Q3014,Telehealth originating site facility fee,O,60,225.0,225,50.0,25.767422222,18.671288889,18.671288889
1225226756,Chernoglaz,Inna,Brooklyn,NY,11229,1,Physician Assistant,99091,"Collection and interpretation of physical parameters stored in computers and/or transmitted by the patient and/or caregiver to qualified health care professional, requiring 30 minutes or more, per 30 days",O,11,11.0,11,70.0,55.4,44.14,38.9
1225254568,Jalbuena,Tracy,Columbus,OH,43210,1,Emergency Medicine,99453,"Remote monitoring of physiologic parameters, initial set-up and patient education on use of equipment",F,99,103.0,103,45.963203883,22.316893204,17.780291262,15.26
1225254568,Jalbuena,Tracy,Columbus,OH,43210,1,Emergency Medicine,99457,"Remote monitoring of physiologic parameters management services, 20 minutes or more of qualified health care professional time per calendar month",F,83,85.0,85,70.646117647,35.207294118,27.804705882,25.188941176
1225285380,Newton,Jennifer,Wenatchee,WA,98801,1,Gastroenterology,Q3014,Telehealth originating site facility fee,O,11,14.0,14,53.0,25.82,16.107142857,16.107142857
1225290315,Young,Delena,Richmond,KY,40475,4,Nurse Practitioner,Q3014,Telehealth originating site facility fee,F,43,154.0,154,15.0,14.788831169,10.350974026,10.350974026
1225310873,Moser,Patrick,Sartell,MN,56377,1,Nurse Practitioner,Q3014,Telehealth originating site facility fee,O,128,302.0,302,30.0,25.80384106,13.035695364,13.11486755
1225310881,Tyner,Belinda,Fort Worth,TX,76102,1,Nurse Practitioner,Q3014,Telehealth originating site facility fee,O,137,424.0,424,32.95754717,25.73,20.5,20.5
1225330384,Walton,Nurah,Peachtree City,GA,30269,1,Nurse Practitioner,Q3014,Telehealth originating site facility fee,O,75,98.0,98,28.0,25.73,20.5,20.5
1225495807,Minja,Anthony,Newton,KS,67114,4,Nurse Practitioner,Q3014,Telehealth originating site facility fee,O,57,66.0,66,28.051212121,25.749393939,19.558181818,19.558181818
1225508542,Leon,Breonna,Rome,GA,30165,1,Nurse Practitioner,Q3014,Telehealth originating site facility fee,O,92,156.0,156,28.0,25.73,20.5,20.5
1225573249,Hicks,Casey,Springfield,MO,65806,1,Nurse Practitioner,Q3014,Telehealth originating site facility fee,O,203,882.0,882,30.0,25.755521542,19.255464853,19.255464853
1235121153,Gordon,Sarah,Birmingham,AL,35242,1,Optometry,G2012,"Brief communication technology-based service, e.g. virtual check-in, by a physician or other qualified health care professional who can report evaluation and management services, provided to an established patient, not originating from a related e/m servic",O,16,18.0,18,14.0,13.65,10.88,11.58
1235129719,Hyland,Julia,Carmel,IN,46032,1,Psychiatry,Q3014,Telehealth originating site facility fee,O,37,53.0,53,45.0,25.773962264,18.355283019,18.355283019
1235138579,Jampala,Venkata,Crystal Lake,IL,60014,1,Psychiatry,Q3014,Telehealth originating site facility fee,O,36,131.0,131,34.730381679,25.757022901,19.183740458,19.183740458
1235148826,Nazarani,Mehboob,Houston,TX,77074,1,Psychiatry,Q3014,Telehealth originating site facility fee,O,177,480.0,480,42.34375,25.437645833,17.595583333,17.595583333
1235154063,Rhyner,Joel,Wenatchee,WA,98801,1,Physician Assistant,Q3014,Telehealth originating site facility fee,O,31,34.0,34,53.0,25.844411765,14.922058824,14.922058824
1235178898,Brooks,Steven,Rhinelander,WI,54501,7,Internal Medicine,Q3014,Telehealth originating site facility fee,O,23,25.0,25,46.2,22.6424,18.04,21.178
1235226598,Goldberg,Murray,West Palm Beach,FL,33401,1,Urology,G2012,"Brief communication technology-based service, e.g. virtual check-in, by a physician or other qualified health care professional who can report evaluation and management services, provided to an established patient, not originating from a related e/m servic",O,44,49.0,49,21.0,15.18,12.1,11.600408163
1235227778,Richards,James,Los Angeles,CA,90045,1,Internal Medicine,99453,"Remote monitoring of physiologic parameters, initial set-up and patient education on use of equipment",O,170,430.0,430,25.0,21.655023256,17.020465116,15.179069767
1235227778,Richards,James,Los Angeles,CA,90045,1,Internal Medicine,99454,"Remote monitoring of physiologic parameters, initial supply of devices with daily recordings or programmed alerts transmission, each 30 days",O,183,1486.0,1486,100.0,71.822550471,55.696682369,49.385323015
1235227778,Richards,James,Los Angeles,CA,90045,1,Internal Medicine,99457,"Remote monitoring of physiologic parameters management services, 20 minutes or more of qualified health care professional time per calendar month",O,181,1723.0,1723,84.692396982,54.37,42.95,40.423679629
1235264854,Zwerin,Glenn,Long Branch,NJ,7740,1,Geriatric Medicine,99457,"Remote monitoring of physiologic parameters management services, 20 minutes or more of qualified health care professional time per calendar month",O,16,18.0,18,100.45,53.101111111,37.084444444,35.911111111
1235270836,Lakireddy,Vikram,Merced,CA,95340,1,Cardiology,99453,"Remote monitoring of physiologic parameters, initial set-up and patient education on use of equipment",O,186,186.0,186,46.225806452,20.65,16.51,15.26
1235298779,Dunbar,Erin,Atlanta,GA,30309,1,Hematology-Oncology,G2012,"Brief communication technology-based service, e.g. virtual check-in, by a physician or other qualified health care professional who can report evaluation and management services, provided to an established patient, not originating from a related e/m servic",O,12,20.0,20,49.4,14.77,11.81,11.612
1235331125,Novis,Norman,Lady Lake,FL,32159,1.1,Internal Medicine,99091,"Collection and interpretation of physical parameters stored in computers and/or transmitted by the patient and/or caregiver to qualified health care professional, requiring 30 minutes or more, per 30 days",O,31,31.0,31,115.0,58.078709677,37.645806452,37.236774194
1235331125,Novis,Norman,Lady Lake,FL,32159,1.1,Internal Medicine,99453,"Remote monitoring of physiologic parameters, initial set-up and patient education on use of equipment",O,33,33.0,33,30.0,18.099393939,12.218787879,13.181515152
1235331125,Novis,Norman,Lady Lake,FL,32159,1.1,Internal Medicine,99454,"Remote monitoring of physiologic parameters, initial supply of devices with daily recordings or programmed alerts transmission, each 30 days",O,67,443.0,443,90.0,60.444018059,46.594424379,48.596388262
1235331125,Novis,Norman,Lady Lake,FL,32159,1.1,Internal Medicine,99457,"Remote monitoring of physiologic parameters management services, 20 minutes or more of qualified health care professional time per calendar month",O,64,427.0,427,75.0,50.068758782,39.296159251,39.783653396
1235426172,Winfrey,Christie,Beaumont,TX,77701,1,Nurse Practitioner,Q3014,Telehealth originating site facility fee,O,148,538.0,538,27.546226766,25.271914498,17.492750929,17.492750929
1235426487,Gorantla,Sasikanth,Galesburg,IL,61401,4,Sleep Medicine,Q3014,Telehealth originating site facility fee,O,43,47.0,47,27.0,25.758723404,19.092978723,19.092978723
1235438417,Grundeman,Christine,Gibson City,IL,60936,7,Psychiatry,Q3014,Telehealth originating site facility fee,O,20,58.0,58,125.31034483,25.503103448,20.002586207,20.239655172
1235494329,Lamer,Tamra,Springdale,AR,72762,1,Nurse Practitioner,Q3014,Telehealth originating site facility fee,O,19,48.0,48,58.333333333,25.7775,18.179791667,18.179791667
1235496191,Dubosque,Kari,Louisville,KY,40223,1,Psychiatry,Q3014,Telehealth originating site facility fee,O,29,38.0,38,51.0,25.73,20.5,20.5
1235509548,Bentley,Robert,Ashland,KY,41101,1,Nurse Practitioner,Q3014,Telehealth originating site facility fee,F,16,19.0,19,30.0,25.752105263,19.421052632,19.421052632
1235516352,Carter,Kizzyann,Fargo,ND,58104,1,Nurse Practitioner,Q3014,Telehealth originating site facility fee,O,48,74.0,74,50.0,25.74027027,19.996756757,19.996756757
1235576661,Traverse,Chelsea,Rochester,MN,55905,1,Family Practice,Q3014,Telehealth originating site facility fee,O,18,23.0,23,50.0,25.766521739,18.717391304,18.717391304
1235579301,Santacruz,Ana,Lancaster,CA,93534,1,Psychiatry,Q3014,Telehealth originating site facility fee,O,88,370.0,370,24.259459459,23.73327027,17.803540541,17.803540541
1235683624,Milder,Mary,Le Mars,IA,51031,7,Licensed Clinical Social Worker,Q3014,Telehealth originating site facility fee,O,64,64.0,64,30.0,25.58875,17.1771875,17.38671875
1245203223,Hutchinson,Mary,Fort Dodge,IA,50501,4,Nurse Practitioner,Q3014,Telehealth originating site facility fee,O,85,337.0,337,33.0,25.787121662,17.71305638,17.717299703
1245227099,Dobson-Tobin,Donna,Waterloo,IA,50702,1,Nurse Practitioner,Q3014,Telehealth originating site facility fee,O,99,283.0,283,30.0,25.812685512,16.465265018,16.468833922
1245228675,Schoondyke,Jeffrey,Johnson City,TN,37604,1,Cardiology,99453,"Remote monitoring of physiologic parameters, initial set-up and patient education on use of equipment",O,67,75.0,75,53.0,17.188266667,13.509733333,15.076133333
1245228675,Schoondyke,Jeffrey,Johnson City,TN,37604,1,Cardiology,99454,"Remote monitoring of physiologic parameters, initial supply of devices with daily recordings or programmed alerts transmission, each 30 days",O,173,1007.0,1007,173.0,57.505958292,45.527775571,49.858421053
1245228675,Schoondyke,Jeffrey,Johnson City,TN,37604,1,Cardiology,99457,"Remote monitoring of physiologic parameters management services, 20 minutes or more of qualified health care professional time per calendar month",O,172,966.0,966,145.0,47.941977226,37.839306418,39.933540373
1245233782,Witten,Daniel,Denver,CO,80220,1,Internal Medicine,99453,"Remote monitoring of physiologic parameters, initial set-up and patient education on use of equipment",O,14,14.0,14,30.0,19.5,15.54,15.26
1245233782,Witten,Daniel,Denver,CO,80220,1,Internal Medicine,99457,"Remote monitoring of physiologic parameters management services, 20 minutes or more of qualified health care professional time per calendar month",O,12,14.0,14,70.0,51.27,40.85,40.4
1245258383,Wallen,Jane,Louisa,KY,41230,2,Licensed Clinical Social Worker,Q3014,Telehealth originating site facility fee,O,12,19.0,19,30.0,25.73,20.5,20.5
1245261163,Gresalfi,Thomas,Archdale,NC,27203,4,Psychiatry,Q3014,Telehealth originating site facility fee,O,20,46.0,46,25.0,24.643478261,17.469565217,17.469565217
1245311000,George,Cecil,Greenbelt,MD,20770,1,Internal Medicine,99453,"Remote monitoring of physiologic parameters, initial set-up and patient education on use of equipment",O,105,106.0,106,50.0,23.165849057,18.121509434,15.002358491
1245311000,George,Cecil,Greenbelt,MD,20770,1,Internal Medicine,99454,"Remote monitoring of physiologic parameters, initial supply of devices with daily recordings or programmed alerts transmission, each 30 days",O,108,461.0,461,100.0,76.312863341,60.676767896,50.117462039
1245311000,George,Cecil,Greenbelt,MD,20770,1,Internal Medicine,99457,"Remote monitoring of physiologic parameters management services, 20 minutes or more of qualified health care professional time per calendar month",O,91,240.0,240,100.0,57.89,46.16,40.4
1245327899,Thompson,Susan,Cavalier,ND,58220,10,Internal Medicine,Q3014,Telehealth originating site facility fee,O,77,139.0,139,35.0,25.764748201,18.804100719,18.804100719
1245336544,Bach,Russell,Austin,TX,78702,1,Psychiatry,Q3014,Telehealth originating site facility fee,O,100,157.0,157,105.96942675,25.859235669,14.194203822,14.194203822
1245338029,Shnaydman,Rimma,Brooklyn,NY,11223,1,Family Practice,99453,"Remote monitoring of physiologic parameters, initial set-up and patient education on use of equipment",O,12,12.0,12,150.0,23.7625,17.416666667,16.17
1245338029,Shnaydman,Rimma,Brooklyn,NY,11223,1,Family Practice,99454,"Remote monitoring of physiologic parameters, initial supply of devices with daily recordings or programmed alerts transmission, each 30 days",O,12,26.0,26,200.0,77.543846154,59.625,51.511153846
1245338029,Shnaydman,Rimma,Brooklyn,NY,11223,1,Family Practice,99457,"Remote monitoring of physiologic parameters management services, 20 minutes or more of qualified health care professional time per calendar month",O,12,26.0,26,250.0,59.784230769,45.242692308,40.126153846
1245462712,Johnson,Lisa,Cedar Rapids,IA,52402,1,Nurse Practitioner,Q3014,Telehealth originating site facility fee,O,111,387.0,387,99.974160207,25.799534884,17.109069767,17.109069767
1245609957,White,Cynthia,Las Vegas,NV,89178,1,Psychiatry,Q3014,Telehealth originating site facility fee,O,16,43.0,43,30.11627907,25.73,20.5,20.5
1245677145,Gilthorpe,Stefan,Houston,TX,77066,1,Pain Management,99453,"Remote monitoring of physiologic parameters, initial set-up and patient education on use of equipment",O,29,29.0,29,56.00137931,18.37,14.64,15.26
1245677145,Gilthorpe,Stefan,Houston,TX,77066,1,Pain Management,99454,"Remote monitoring of physiologic parameters, initial supply of devices with daily recordings or programmed alerts transmission, each 30 days",O,89,345.0,345,183.88666667,60.24,48.0,50.29
1245677145,Gilthorpe,Stefan,Houston,TX,77066,1,Pain Management,99457,"Remote monitoring of physiologic parameters management services, 20 minutes or more of qualified health care professional time per calendar month",O,89,346.0,346,152.03439306,49.89,39.75,40.4
1255322996,Mittauer,Mark,Groton,CT,6349,1,Psychiatry,Q3014,Telehealth originating site facility fee,O,154,319.0,319,100.0,25.799090909,17.126645768,17.126645768
1255337689,Engel,Joel,Roseville,MI,48066,1,Cardiology,Q3014,Telehealth originating site facility fee,O,11,11.0,11,26.06,25.64,20.43,20.43
1255342234,Hill,Anya,Portland,OR,97239,1,Physician Assistant,Q3014,Telehealth originating site facility fee,O,24,70.0,70,50.0,25.396285714,20.241,20.58
1255358156,Delio,Philip,Santa Barbara,CA,93105,1,Neurology,G2012,"Brief communication technology-based service, e.g. virtual check-in, by a physician or other qualified health care professional who can report evaluation and management services, provided to an established patient, not originating from a related e/m servic",O,113,158.0,158,16.8,14.315379747,11.043924051,11.246582278
1255383501,Dawes,David,Lafayette,LA,70508,1,Psychiatry,Q3014,Telehealth originating site facility fee,O,13,32.0,32,31.89,25.73,20.5,20.5
1255386538,Warsi,Syed Shah,Aurora,IL,60506,1,Internal Medicine,99091,"Collection and interpretation of physical parameters stored in computers and/or transmitted by the patient and/or caregiver to qualified health care professional, requiring 30 minutes or more, per 30 days",O,12,12.0,12,100.0,58.14,45.93,45.77
1255389342,Rushden,Raymond,Logan,WV,25601,2,Gastroenterology,Q3014,Telehealth originating site facility fee,O,17,24.0,24,33.0,25.905,11.958333333,11.958333333
1255398293,Manquero-Butler,Martha,El Paso,TX,79925,1,Family Practice,G2010,"Remote evaluation of recorded video and/or images submitted by an established patient (e.g., store and forward), including interpretation with follow-up with the patient within 24 business hours, not originating from a related e/m service provided within t",O,167,477.0,477,25.0,11.99,9.55,9.88
1255402160,Wallace,Susan,Panorama City,CA,91402,1,Psychiatry,Q3014,Telehealth originating site facility fee,O,20,37.0,37,196.0,25.73,20.5,20.5
1255412912,Lowy,Sam,Chattanooga,TN,37405,1,Psychiatry,Q3014,Telehealth originating site facility fee,O,53,160.0,160,23.72,23.4589375,12.7769375,12.7769375
1255444105,Pinhas,Stella,Elmhurst,NY,11373,1,Internal Medicine,G2012,"Brief communication technology-based service, e.g. virtual check-in, by a physician or other qualified health care professional who can report evaluation and management services, provided to an established patient, not originating from a related e/m servic",O,27,66.0,66,150.0,17.030909091,13.207272727,11.238787879
1255472999,Martinez,Ricardo,Farmers Branch,TX,75234,1,Family Practice,99453,"Remote monitoring of physiologic parameters, initial set-up and patient education on use of equipment",O,27,37.0,37,39.810810811,19.36,15.43,15.26
1255472999,Martinez,Ricardo,Farmers Branch,TX,75234,1,Family Practice,99454,"Remote monitoring of physiologic parameters, initial supply of devices with daily recordings or programmed alerts transmission, each 30 days",O,29,67.0,67,136.70686567,64.02,51.03,50.29
1255472999,Martinez,Ricardo,Farmers Branch,TX,75234,1,Family Practice,99457,"Remote monitoring of physiologic parameters management services, 20 minutes or more of qualified health care professional time per calendar month",O,29,67.0,67,109.13820896,51.11,40.74,40.4
1255494142,Lekhwani,Manoj,Kittanning,PA,16201,4.1,Psychiatry,Q3014,Telehealth originating site facility fee,O,38,52.0,52,25.0,24.6,19.6,19.6
1255516522,Uddin,Azeza,Fort Worth,TX,76104,1,Psychiatry,Q3014,Telehealth originating site facility fee,O,99,265.0,265,32.01509434,25.715886792,18.926339623,18.975132075
1255547055,Hill,Elizabeth,Giddings,TX,78942,7,Psychiatry,Q3014,Telehealth originating site facility fee,O,32,104.0,104,26.0,25.671538462,15.940769231,15.940769231
1255560181,Semenovskaya,Zina,Palo Alto,CA,94304,1,Emergency Medicine,99453,"Remote monitoring of physiologic parameters, initial set-up and patient education on use of equipment",F,35,36.0,36,46.919166667,22.053055556,17.570833333,15.26
1255560181,Semenovskaya,Zina,Palo Alto,CA,94304,1,Emergency Medicine,99457,"Remote monitoring of physiologic parameters management services, 20 minutes or more of qualified health care professional time per calendar month",F,26,26.0,26,72.263076923,34.789230769,27.716923077,25.430384615
1255667812,Lee,Jeffery,Houston,TX,77089,1,Pain Management,Q3014,Telehealth originating site facility fee,O,102,123.0,123,1.0,0.9801626016,0.7736585366,0.7736585366
1255700142,Davis,Katherine,Brooklyn,NY,11201,1,Nurse Practitioner,99453,"Remote monitoring of physiologic parameters, initial set-up and patient education on use of equipment",F,32,32.0,32,47.58,18.615625,14.3321875,12.5646875
1255700142,Davis,Katherine,Brooklyn,NY,11201,1,Nurse Practitioner,99457,"Remote monitoring of physiologic parameters management services, 20 minutes or more of qualified health care professional time per calendar month",F,26,26.0,26,73.68,29.211153846,23.274230769,21.616153846
1255777215,Gavito,David,Round Rock,TX,78664,1,Psychiatry,Q3014,Telehealth originating site facility fee,O,11,11.0,11,40.0,25.73,20.5,20.5
1255800926,Hamlin,Raina,Oklahoma City,OK,73159,1,Nurse Practitioner,G2012,"Brief communication technology-based service, e.g. virtual check-in, by a physician or other qualified health care professional who can report evaluation and management services, provided to an established patient, not originating from a related e/m servic",O,24,42.0,42,101.0,11.879285714,8.99,9.3757142857
1255863767,Kosicek,Carmen,Pewaukee,WI,53072,1,Nurse Practitioner,Q3014,Telehealth originating site facility fee,O,116,437.0,437,75.0,25.747871854,19.627299771,19.627299771
1265430649,Gerstenberg,K,Port Neches,TX,77651,1,Family Practice,99453,"Remote monitoring of physiologic parameters, initial set-up and patient education on use of equipment",O,22,22.0,22,50.0,17.83,14.24,15.26
1265430649,Gerstenberg,K,Port Neches,TX,77651,1,Family Practice,99454,"Remote monitoring of physiologic parameters, initial supply of devices with daily recordings or programmed alerts transmission, each 30 days",O,22,35.0,35,95.0,58.83,46.98,50.29
1265430649,Gerstenberg,K,Port Neches,TX,77651,1,Family Practice,99457,"Remote monitoring of physiologic parameters management services, 20 minutes or more of qualified health care professional time per calendar month",O,21,41.0,41,75.0,48.83,39.0,40.375609756
1265432611,Velusamy,Muthusamy,Tampa,FL,33625,1,Interventional Cardiology,99453,"Remote monitoring of physiologic parameters, initial set-up and patient education on use of equipment",O,30,30.0,30,52.0,18.54,14.81,15.26
1265432611,Velusamy,Muthusamy,Tampa,FL,33625,1,Interventional Cardiology,99454,"Remote monitoring of physiologic parameters, initial supply of devices with daily recordings or programmed alerts transmission, each 30 days",O,36,111.0,111,170.0,60.79,48.55,50.29
1265432611,Velusamy,Muthusamy,Tampa,FL,33625,1,Interventional Cardiology,99457,"Remote monitoring of physiologic parameters management services, 20 minutes or more of qualified health care professional time per calendar month",O,38,118.0,118,135.0,50.34,40.2,40.4
1265475669,Mynes,Timothy,Wheelersburg,OH,45694,4,Family Practice,Q3014,Telehealth originating site facility fee,O,17,17.0,17,35.0,25.853529412,14.470588235,14.470588235
1265494587,Christian-Lenson,Tina,Kirkland,WA,98033,1,Nurse Practitioner,Q3014,Telehealth originating site facility fee,O,25,109.0,109,35.0,25.758807339,19.09266055,19.09266055
1265517999,Paragioudakis,Steve,Shrewsbury,NJ,7702,1,Orthopedic Surgery,99091,"Collection and interpretation of physical parameters stored in computers and/or transmitted by the patient and/or caregiver to qualified health care professional, requiring 30 minutes or more, per 30 days",O,12,48.0,48,600.0,58.27,46.04,45.78
1265523302,George,Mumtaz,Royal Oak,MI,48073,1,Internal Medicine,99453,"Remote monitoring of physiologic parameters, initial set-up and patient education on use of equipment",O,11,11.0,11,40.0,19.19,15.29,15.29
1265523302,George,Mumtaz,Royal Oak,MI,48073,1,Internal Medicine,99454,"Remote monitoring of physiologic parameters, initial supply of devices with daily recordings or programmed alerts transmission, each 30 days",O,11,30.0,30,140.0,62.69,49.95,49.95
1265540355,Callahan,Douglas,St George,UT,84790,1,Family Practice,99453,"Remote monitoring of physiologic parameters, initial set-up and patient education on use of equipment",O,16,16.0,16,25.0,18.06,14.43,15.25
1265540355,Callahan,Douglas,St George,UT,84790,1,Family Practice,99454,"Remote monitoring of physiologic parameters, initial supply of devices with daily recordings or programmed alerts transmission, each 30 days",O,20,59.0,59,70.033898305,59.31,47.4,50.241016949
1265540355,Callahan,Douglas,St George,UT,84790,1,Family Practice,99457,"Remote monitoring of physiologic parameters management services, 20 minutes or more of qualified health care professional time per calendar month",O,23,68.0,68,60.0,49.52,39.58,40.397794118
1265560163,Davenport,Brenda,Aberdeen,SD,57401,4,Nurse Practitioner,Q3014,Telehealth originating site facility fee,O,42,107.0,107,27.189252336,25.725981308,18.741121495,18.741121495
1265586440,Michels,Paul,Crookston,MN,56716,7,Psychiatry,Q3014,Telehealth originating site facility fee,O,192,616.0,616,42.574675325,25.794935065,17.33237013,17.33237013
1265637532,Malik,Asif,Spokane,WA,99204,1,Psychiatry,Q3014,Telehealth originating site facility fee,O,27,70.0,70,50.0,25.741857143,19.924142857,19.924142857
1265655179,Feldman,Barry,Worcester,MA,1602,1,Licensed Clinical Social Worker,Q3014,Telehealth originating site facility fee,O,69,803.0,803,27.95143213,25.721070984,20.250660025,20.250660025
1265659965,Mehta,Malti,Charlotte,NC,28211,1,Psychiatry,Q3014,Telehealth originating site facility fee,O,31,63.0,63,25.0,24.661587302,16.584761905,16.584761905
1265720890,England,Erica,Augusta,ME,4330,4,"Psychologist, Clinical",Q3014,Telehealth originating site facility fee,O,93,1065.0,1065,30.185915493,25.732093897,20.397699531,20.397699531
1265743868,Hurm,Brett,Jasper,IN,47546,4,"Psychologist, Clinical",Q3014,Telehealth originating site facility fee,O,48,75.0,75,45.0,25.7384,20.090266667,20.090266667
1265751671,Reeves,Robert,Centerville,TN,37033,10,Nurse Practitioner,Q3014,Telehealth originating site facility fee,O,44,44.0,44,80.0,25.757272727,19.166818182,19.166818182
1265785596,Woods,Shikira,Atlanta,GA,30303,1,Nurse Practitioner,Q3014,Telehealth originating site facility fee,O,45,91.0,91,20.52,20.25989011,12.681208791,12.681208791
1265786545,Monterroso,Thelma,Riviera Beach,FL,33404,1,Nurse Practitioner,99453,"Remote monitoring of physiologic parameters, initial set-up and patient education on use of equipment",F,17,17.0,17,49.115294118,19.278235294,15.407058824,12.97
1265786545,Monterroso,Thelma,Riviera Beach,FL,33404,1,Nurse Practitioner,99457,"Remote monitoring of physiologic parameters management services, 20 minutes or more of qualified health care professional time per calendar month",F,11,11.0,11,73.68,30.741818182,24.565454545,21.619090909
1265797724,Youther,Kristin,Princeton,WV,24739,4,Nurse Practitioner,Q3014,Telehealth originating site facility fee,O,125,138.0,138,35.0,25.851449275,14.571086957,14.571086957
1265806475,Bagley,Sheri,Bozeman,MT,59718,4,Nurse Practitioner,Q3014,Telehealth originating site facility fee,O,16,25.0,25,50.0,25.73,20.5,20.5
1265958243,Neel,Crystal,Brownwood,TX,76801,5,Nurse Practitioner,Q3014,Telehealth originating site facility fee,O,52,128.0,128,19.49,19.24453125,12.096328125,12.096328125
1265962591,Mbachu,Margaret,Chantilly,VA,20151,1,Nurse Practitioner,99453,"Remote monitoring of physiologic parameters, initial set-up and patient education on use of equipment",O,104,114.0,114,35.133070175,14.802105263,11.686578947,12.869122807
1265962591,Mbachu,Margaret,Chantilly,VA,20151,1,Nurse Practitioner,99454,"Remote monitoring of physiologic parameters, initial supply of devices with daily recordings or programmed alerts transmission, each 30 days",O,178,300.0,300,112.40506667,49.152666667,39.029466667,42.6125
1265962591,Mbachu,Margaret,Chantilly,VA,20151,1,Nurse Practitioner,99457,"Remote monitoring of physiologic parameters management services, 20 minutes or more of qualified health care professional time per calendar month",O,172,278.0,278,92.947122302,40.452374101,32.114064748,34.225971223
1275055584,Gitau,Emily,Lynchburg,VA,24501,1,Nurse Practitioner,Q3014,Telehealth originating site facility fee,O,21,21.0,21,27.0,25.75,19.523809524,19.523809524
1275510638,Bender,Mark,Milwaukee,WI,53207,1,Physician Assistant,Q3014,Telehealth originating site facility fee,O,62,73.0,73,30.0,25.754383562,19.310958904,19.310958904
1275598476,Torres,Osvaldo,Tamarac,FL,33321,1,Internal Medicine,99091,"Collection and interpretation of physical parameters stored in computers and/or transmitted by the patient and/or caregiver to qualified health care professional, requiring 30 minutes or more, per 30 days",O,11,11.0,11,62.0,28.463636364,22.678181818,45.77
1275598476,Torres,Osvaldo,Tamarac,FL,33321,1,Internal Medicine,99454,"Remote monitoring of physiologic parameters, initial supply of devices with daily recordings or programmed alerts transmission, each 30 days",O,14,85.0,85,65.0,63.96,50.96,50.29
1275598989,Eitel,Douglas,Alderson,WV,24910,8,Psychiatry,Q3014,Telehealth originating site facility fee,O,92,224.0,224,23.596651786,23.170133929,16.477589286,16.566875
1275694911,Klopfenstein,Nidavanh,Columbus,IN,47201,1,Nurse Practitioner,Q3014,Telehealth originating site facility fee,O,35,74.0,74,40.0,25.796081081,17.276351351,17.276351351
1275699811,Duvel,Douglas,Chicago,IL,60611,1,Internal Medicine,G2012,"Brief communication technology-based service, e.g. virtual check-in, by a physician or other qualified health care professional who can report evaluation and management services, provided to an established patient, not originating from a related e/m servic",O,23,27.0,27,25.0,15.670740741,12.065925926,11.151111111
1275706285,Bernard,Jennifer,Lakewood,CO,80228,1,Endocrinology,99091,"Collection and interpretation of physical parameters stored in computers and/or transmitted by the patient and/or caregiver to qualified health care professional, requiring 30 minutes or more, per 30 days",O,15,21.0,21,147.80952381,58.653333333,42.415238095,41.410952381
1275735367,Portu,Carlos,Naples,FL,34113,1,Internal Medicine,99453,"Remote monitoring of physiologic parameters, initial set-up and patient education on use of equipment",O,13,13.0,13,39.96,19.91,15.91,15.25
1275735367,Portu,Carlos,Naples,FL,34113,1,Internal Medicine,99454,"Remote monitoring of physiologic parameters, initial supply of devices with daily recordings or programmed alerts transmission, each 30 days",O,18,49.0,49,130.4,64.96,51.92,50.29
1275735367,Portu,Carlos,Naples,FL,34113,1,Internal Medicine,G2012,"Brief communication technology-based service, e.g. virtual check-in, by a physician or other qualified health care professional who can report evaluation and management services, provided to an established patient, not originating from a related e/m servic",O,12,13.0,13,34.54,15.382307692,5.6630769231,5.3492307692
1275736886,Zmily,Hammam,Troy,MI,48084,1,Cardiology,99453,"Remote monitoring of physiologic parameters, initial set-up and patient education on use of equipment",O,31,31.0,31,40.0,18.570967742,14.796774194,15.389677419
1275736886,Zmily,Hammam,Troy,MI,48084,1,Cardiology,99454,"Remote monitoring of physiologic parameters, initial supply of devices with daily recordings or programmed alerts transmission, each 30 days",O,31,105.0,105,140.0,62.083047619,49.464380952,50.369809524
1275736886,Zmily,Hammam,Troy,MI,48084,1,Cardiology,99457,"Remote monitoring of physiologic parameters management services, 20 minutes or more of qualified health care professional time per calendar month",O,19,74.0,74,120.0,51.38,40.94,40.445810811
1275758765,Levy,Oren,New York,NY,10032,1,Neurology,G2012,"Brief communication technology-based service, e.g. virtual check-in, by a physician or other qualified health care professional who can report evaluation and management services, provided to an established patient, not originating from a related e/m servic",O,31,41.0,41,36.317073171,16.47,13.15,11.58
1275847519,Choudhury,Mridani,Marinette,WI,54143,4,Family Practice,Q3014,Telehealth originating site facility fee,O,17,34.0,34,58.2,25.804117647,16.882352941,16.882352941
1275943755,Cheung Katz,Monica,Honolulu,HI,96813,1,Family Practice,G2012,"Brief communication technology-based service, e.g. virtual check-in, by a physician or other qualified health care professional who can report evaluation and management services, provided to an established patient, not originating from a related e/m servic",O,13,15.0,15,33.733333333,15.0,11.95,11.58
1285031872,Goulette,Daniel,Burlington,VT,5401,1,Physician Assistant,Q3014,Telehealth originating site facility fee,O,12,18.0,18,50.0,25.73,20.5,20.5
1285110494,Dressel,Nicholas,Garland,TX,75042,1,Nurse Practitioner,99454,"Remote monitoring of physiologic parameters, initial supply of devices with daily recordings or programmed alerts transmission, each 30 days",O,20,26.0,26,162.0,54.34,43.3,42.75
1285110494,Dressel,Nicholas,Garland,TX,75042,1,Nurse Practitioner,99457,"Remote monitoring of physiologic parameters management services, 20 minutes or more of qualified health care professional time per calendar month",O,23,29.0,29,130.0,43.37,34.55,34.33
1285618579,Agarwal,Rajesh,Mayfield Heights,OH,44124,1,Internal Medicine,99453,"Remote monitoring of physiologic parameters, initial set-up and patient education on use of equipment",O,33,33.0,33,30.0,17.635757576,13.189090909,14.41969697
1285618579,Agarwal,Rajesh,Mayfield Heights,OH,44124,1,Internal Medicine,99454,"Remote monitoring of physiologic parameters, initial supply of devices with daily recordings or programmed alerts transmission, each 30 days",O,36,76.0,76,90.0,58.008552632,45.768026316,49.775526316
1285618579,Agarwal,Rajesh,Mayfield Heights,OH,44124,1,Internal Medicine,99457,"Remote monitoring of physiologic parameters management services, 20 minutes or more of qualified health care professional time per calendar month",O,37,83.0,83,75.0,48.49,38.65,40.378915663
1285623009,Chang,Peter,Bellaire,TX,77401,1,Cardiology,99454,"Remote monitoring of physiologic parameters, initial supply of devices with daily recordings or programmed alerts transmission, each 30 days",O,31,32.0,32,77.8125,63.93,50.95,50.3725
1285623009,Chang,Peter,Bellaire,TX,77401,1,Cardiology,99457,"Remote monitoring of physiologic parameters management services, 20 minutes or more of qualified health care professional time per calendar month",O,32,50.0,50,75.0,51.442,40.909,40.366
1285637694,Mital,Chetna,Hamilton,OH,45013,1,Internal Medicine,99457,"Remote monitoring of physiologic parameters management services, 20 minutes or more of qualified health care professional time per calendar month",O,38,225.0,225,60.0,49.150266667,39.135288889,40.230577778
1285640771,Bregman,Richard,Tulsa,OK,74136,1,Sleep Medicine,99091,"Collection and interpretation of physical parameters stored in computers and/or transmitted by the patient and/or caregiver to qualified health care professional, requiring 30 minutes or more, per 30 days",O,80,101.0,101,120.0,56.43019802,44.963663366,45.606831683
1285672303,Courville,Kevin,Lander,WY,82520,7,Advanced Heart Failure and Transplant Cardiology,99091,"Collection and interpretation of physical parameters stored in computers and/or transmitted by the patient and/or caregiver to qualified health care professional, requiring 30 minutes or more, per 30 days",O,22,81.0,81,61.586666667,54.133333333,42.780864198,45.770123457
1285672303,Courville,Kevin,Lander,WY,82520,7,Advanced Heart Failure and Transplant Cardiology,99453,"Remote monitoring of physiologic parameters, initial set-up and patient education on use of equipment",O,42,42.0,42,36.881666667,17.822857143,13.826666667,14.94547619
1285672303,Courville,Kevin,Lander,WY,82520,7,Advanced Heart Failure and Transplant Cardiology,99454,"Remote monitoring of physiologic parameters, initial supply of devices with daily recordings or programmed alerts transmission, each 30 days",O,11,11.0,11,174.09181818,59.852727273,45.839090909,48.482727273
1285672303,Courville,Kevin,Lander,WY,82520,7,Advanced Heart Failure and Transplant Cardiology,99457,"Remote monitoring of physiologic parameters management services, 20 minutes or more of qualified health care professional time per calendar month",O,19,22.0,22,111.35363636,48.215,38.288636364,40.4
1285715664,Ahmed,Maqsood,Goldsboro,NC,27534,1,Physical Medicine and Rehabilitation,Q3014,Telehealth originating site facility fee,O,49,297.0,297,50.0,25.761515152,18.960606061,18.960606061
1285735332,Zmily,Misbah,Raton,NM,87740,7,Internal Medicine,99453,"Remote monitoring of physiologic parameters, initial set-up and patient education on use of equipment",O,424,425.0,425,22.432941176,18.265529412,14.411505882,15.086188235
1285735332,Zmily,Misbah,Raton,NM,87740,7,Internal Medicine,99454,"Remote monitoring of physiologic parameters, initial supply of devices with daily recordings or programmed alerts transmission, each 30 days",O,424,1842.0,1842,69.998371336,59.679006515,47.585200869,50.194147666
1285735332,Zmily,Misbah,Raton,NM,87740,7,Internal Medicine,99457,"Remote monitoring of physiologic parameters management services, 20 minutes or more of qualified health care professional time per calendar month",O,381,1583.0,1583,55.39734681,49.68037271,39.6937271,40.404440935
1285811752,Baptiste,Nadine,Abilene,TX,79606,1,Psychiatry,Q3014,Telehealth originating site facility fee,O,47,159.0,159,32.854842767,25.770880503,18.504402516,18.504402516
1285848994,Southers,Joyce,Marlton,NJ,8053,1,Nurse Practitioner,Q3014,Telehealth originating site facility fee,O,13,25.0,25,36.0,24.8404,18.146,19.084
1285853622,Gallo,Kacie,Lander,WY,82520,7,Family Practice,Q3014,Telehealth originating site facility fee,O,41,75.0,75,40.0,25.264133333,19.615733333,20.099733333
1285910984,Ellis,Ashly,Sault Sainte Marie,MI,49783,4,Nurse Practitioner,Q3014,Telehealth originating site facility fee,O,12,19.0,19,25.0,24.684210526,15.473684211,15.473684211
1295029718,Zufelt,Heather,Helena,MT,59601,4,Nurse Practitioner,Q3014,Telehealth originating site facility fee,O,46,103.0,103,30.0,25.760194175,19.027087379,19.027087379
1295080521,Banyard,Kemba,Milwaukee,WI,53205,1,Nurse Practitioner,Q3014,Telehealth originating site facility fee,O,15,89.0,89,20.112359551,19.806067416,12.881011236,12.881011236
1295090801,Beddard,Crystal,Lawrenceville,GA,30044,1,Nurse Practitioner,Q3014,Telehealth originating site facility fee,O,59,122.0,122,25.0,24.616393443,18.796721311,18.796721311
1295092732,Lutes,Lee,Fergus Falls,MN,56537,4,Psychiatry,Q3014,Telehealth originating site facility fee,O,49,193.0,193,51.0,25.769170984,18.588082902,18.588082902
1295101988,Smith,Taryn,Emporia,KS,66801,4,Nurse Practitioner,Q3014,Telehealth originating site facility fee,O,41,85.0,85,30.0,25.463411765,19.94,20.218117647
1295172252,Parikh,Shaunak,Raleigh,NC,27605,1,Nurse Practitioner,Q3014,Telehealth originating site facility fee,O,60,156.0,156,27.0,25.779038462,18.108205128,18.108205128
1295245850,Peraza-Higgins,Zahily,Port Charlotte,FL,33980,1,Nurse Practitioner,99453,"Remote monitoring of physiologic parameters, initial set-up and patient education on use of equipment",O,16,16.0,16,26.25,15.62,12.45,12.98
1295245850,Peraza-Higgins,Zahily,Port Charlotte,FL,33980,1,Nurse Practitioner,99454,"Remote monitoring of physiologic parameters, initial supply of devices with daily recordings or programmed alerts transmission, each 30 days",O,25,57.0,57,86.0,51.21,40.8,42.74
1295735660,Harring,Charles,Delray Beach,FL,33446,1,Cardiology,99453,"Remote monitoring of physiologic parameters, initial set-up and patient education on use of equipment",O,31,31.0,31,29.97,19.88,15.88,15.25
1295747731,Van Sant,Scott,Milledgeville,GA,31062,4,Psychiatry,Q3014,Telehealth originating site facility fee,O,62,199.0,199,30.531356784,25.138190955,19.809949749,19.809949749
1295761385,Burmeister,Lynn,Minneapolis,MN,55455,1,Internal Medicine,G2012,"Brief communication technology-based service, e.g. virtual check-in, by a physician or other qualified health care professional who can report evaluation and management services, provided to an established patient, not originating from a related e/m servic",O,12,12.0,12,30.0,14.2875,10.459166667,10.6575
1295764892,Green,Roger,Reno,NV,89509,1,Nurse Practitioner,Q3014,Telehealth originating site facility fee,O,21,73.0,73,50.0,25.793835616,17.383287671,17.383287671
1295772994,Mcgrath,Mark,San Antonio,TX,78207,1,Psychiatry,Q3014,Telehealth originating site facility fee,O,173,505.0,505,23.72,23.446534653,13.386336634,13.386336634
1295776581,Varquez,Mir,Cullman,AL,35058,5,Cardiology,99091,"Collection and interpretation of physical parameters stored in computers and/or transmitted by the patient and/or caregiver to qualified health care professional, requiring 30 minutes or more, per 30 days",O,75,96.0,96,67.0,54.507291667,42.525208333,44.88875
1295799005,Isaac,John,Houston,TX,77030,1,Cardiology,99091,"Collection and interpretation of physical parameters stored in computers and/or transmitted by the patient and/or caregiver to qualified health care professional, requiring 30 minutes or more, per 30 days",O,42,127.0,127,350.0,58.48,46.64,45.807086614
1295825388,Law,Kari,Morgantown,WV,26505,1,Psychiatry,Q3014,Telehealth originating site facility fee,O,48,155.0,155,33.0,25.786258065,17.757032258,17.757032258
1295891844,Tobler,Shaun,Montpelier,ID,83254,10,Licensed Clinical Social Worker,Q3014,Telehealth originating site facility fee,O,20,121.0,121,83.5,25.736942149,20.161157025,20.161157025
1295978260,Horst,Indira,South Miami,FL,33143,1,Psychiatry,Q3014,Telehealth originating site facility fee,O,25,153.0,153,50.0,25.767777778,18.655620915,18.655620915
1295991834,Mahmoud,Hossam,Melrose,MA,2176,1,Psychiatry,Q3014,Telehealth originating site facility fee,O,15,24.0,24,36.5,25.782916667,17.924166667,17.924166667
1306026265,Freeman,Bruce,Thiensville,WI,53092,1,Nurse Practitioner,Q3014,Telehealth originating site facility fee,O,69,220.0,220,30.886363636,25.702727273,19.359136364,19.409818182
1306026703,Banegas,Shonda,Garland,TX,75042,1,Vascular Surgery,99453,"Remote monitoring of physiologic parameters, initial set-up and patient education on use of equipment",O,13,13.0,13,49.1,19.6,15.67,15.26
1306027321,Makki,Hyder,Detroit,MI,48201,1,Psychiatry,Q3014,Telehealth originating site facility fee,O,67,149.0,149,26.04966443,25.636912752,20.152348993,20.152348993
1306037429,Garton,Elizabeth,Humboldt,KS,66748,10.3,Nurse Practitioner,Q3014,Telehealth originating site facility fee,O,78,269.0,269,40.0,25.782490706,17.937286245,17.937286245
1306038674,Taboada,Ricardo,West Hartford,CT,6107,1,Interventional Pain Management,99453,"Remote monitoring of physiologic parameters, initial set-up and patient education on use of equipment",O,172,172.0,172,50.0,21.51,17.17,15.26
1306038674,Taboada,Ricardo,West Hartford,CT,6107,1,Interventional Pain Management,99454,"Remote monitoring of physiologic parameters, initial supply of devices with daily recordings or programmed alerts transmission, each 30 days",O,178,780.0,780,135.0,70.550692308,56.307320513,50.33824359
1306038674,Taboada,Ricardo,West Hartford,CT,6107,1,Interventional Pain Management,99457,"Remote monitoring of physiologic parameters management services, 20 minutes or more of qualified health care professional time per calendar month",O,135,364.0,364,115.0,54.998818681,43.807307692,40.316785714
1306040548,Chen,James,San Francisco,CA,94108,1,Orthopedic Surgery,99453,"Remote monitoring of physiologic parameters, initial set-up and patient education on use of equipment",O,12,12.0,12,50.92,25.06,19.97,15.26
1306040548,Chen,James,San Francisco,CA,94108,1,Orthopedic Surgery,99454,"Remote monitoring of physiologic parameters, initial supply of devices with daily recordings or programmed alerts transmission, each 30 days",O,12,12.0,12,169.34,83.34,66.41,50.29
1306040548,Chen,James,San Francisco,CA,94108,1,Orthopedic Surgery,99457,"Remote monitoring of physiologic parameters management services, 20 minutes or more of qualified health care professional time per calendar month",O,12,12.0,12,122.98,60.53,48.23,40.4
1306123229,Schultzel,Matthew,La Jolla,CA,92037,1,General Surgery,99454,"Remote monitoring of physiologic parameters, initial supply of devices with daily recordings or programmed alerts transmission, each 30 days",O,52,96.0,96,70.66,69.53,55.4,51.673958333
1306123229,Schultzel,Matthew,La Jolla,CA,92037,1,General Surgery,99457,"Remote monitoring of physiologic parameters management services, 20 minutes or more of qualified health care professional time per calendar month",O,52,97.0,97,55.37,53.81,42.87,42.87
1306193735,Razvi,Syed,Grand Rapids,MI,49546,1,Pulmonary Disease,Q3014,Telehealth originating site facility fee,O,23,27.0,27,44.481481481,25.73,20.5,20.5
1306197603,Dickens,Theodore,Metairie,LA,70003,1,Licensed Clinical Social Worker,Q3014,Telehealth originating site facility fee,O,117,811.0,811,31.491985203,25.736140567,20.201578298,20.201578298
1306231212,Dickert,Ryan,Crystal River,FL,34429,2,Family Practice,99457,"Remote monitoring of physiologic parameters management services, 20 minutes or more of qualified health care professional time per calendar month",O,13,48.0,48,75.0,50.318958333,33.21375,33.59875
1306802517,St Clair,Barbara,Zanesville,OH,43701,4,Nurse Practitioner,Q3014,Telehealth originating site facility fee,F,45,80.0,80,20.0,19.73625,12.923625,12.923625
1306839014,Jurgens,Lorrene,Lincoln,NE,68506,1,Nurse Practitioner,Q3014,Telehealth originating site facility fee,O,67,138.0,138,24.1,23.792608696,14.889927536,14.889927536
1306839782,Hall,Robert,Hazard,KY,41701,7,Licensed Clinical Social Worker,Q3014,Telehealth originating site facility fee,F,98,178.0,178,35.0,25.743483146,19.843876404,19.843876404
1306864947,Luu,Henry,Glen Mills,PA,19342,1,Family Practice,Q3014,Telehealth originating site facility fee,O,17,25.0,25,30.0,25.8308,15.58,15.58
1306874714,Khonsari,Hamidreza,Antioch,CA,94509,1.1,Family Practice,99453,"Remote monitoring of physiologic parameters, initial set-up and patient education on use of equipment",O,75,75.0,75,76.382666667,24.807066667,19.784933333,15.3108
1306874714,Khonsari,Hamidreza,Antioch,CA,94509,1.1,Family Practice,99454,"Remote monitoring of physiologic parameters, initial supply of devices with daily recordings or programmed alerts transmission, each 30 days",O,76,161.0,161,254.01,82.566583851,65.84689441,50.546273292
1306874714,Khonsari,Hamidreza,Antioch,CA,94509,1.1,Family Practice,99457,"Remote monitoring of physiologic parameters management services, 20 minutes or more of qualified health care professional time per calendar month",O,72,142.0,142,183.21422535,59.59584507,47.555704225,40.613591549
1306895529,Walker,Dawn,Willcox,AZ,85643,7,Family Practice,99453,"Remote monitoring of physiologic parameters, initial set-up and patient education on use of equipment",O,46,46.0,46,32.0,18.820652174,14.722826087,14.941304348
1306895529,Walker,Dawn,Willcox,AZ,85643,7,Family Practice,99454,"Remote monitoring of physiologic parameters, initial supply of devices with daily recordings or programmed alerts transmission, each 30 days",O,46,79.0,79,90.0,62.170886076,49.090632911,49.662658228
1306895529,Walker,Dawn,Willcox,AZ,85643,7,Family Practice,99457,"Remote monitoring of physiologic parameters management services, 20 minutes or more of qualified health care professional time per calendar month",O,45,77.0,77,75.0,50.420779221,39.796363636,39.886623377
1306896592,Ashkin,Kenneth,Charlotte,NC,28277,1,Neurology,99091,"Collection and interpretation of physical parameters stored in computers and/or transmitted by the patient and/or caregiver to qualified health care professional, requiring 30 minutes or more, per 30 days",O,82,212.0,212,120.0,55.60740566,43.931037736,45.402924528
1306947395,Nogler,Robert,Ladysmith,WI,54848,7,Family Practice,Q3014,Telehealth originating site facility fee,O,56,79.0,79,40.0,25.820379747,16.088607595,16.088607595
1306955398,Morman,Mark,Beaumont,TX,77701,1,Psychiatry,Q3014,Telehealth originating site facility fee,O,47,115.0,115,25.46,25.160782609,14.629217391,14.629217391
1306965793,Hanley,Robert,Annapolis,MD,21401,1,Urology,G2012,"Brief communication technology-based service, e.g. virtual check-in, by a physician or other qualified health care professional who can report evaluation and management services, provided to an established patient, not originating from a related e/m servic",O,19,19.0,19,15.68,15.63,12.49,11.58
1316010986,Andry,James,San Antonio,TX,78229,1,Pulmonary Disease,99091,"Collection and interpretation of physical parameters stored in computers and/or transmitted by the patient and/or caregiver to qualified health care professional, requiring 30 minutes or more, per 30 days",O,49,80.0,80,165.6375,55.961375,44.02275,44.341375
1316010986,Andry,James,San Antonio,TX,78229,1,Pulmonary Disease,99453,"Remote monitoring of physiologic parameters, initial set-up and patient education on use of equipment",O,61,63.0,63,44.388888889,17.91,14.27,15.26
1316041676,Danial,Louay,Park Falls,WI,54552,10,Family Practice,Q3014,Telehealth originating site facility fee,O,51,60.0,60,40.0,25.005166667,18.206166667,18.978
1316045768,Kercheval,Deborah,Kokomo,IN,46901,1,Psychiatry,Q3014,Telehealth originating site facility fee,O,23,26.0,26,45.0,25.746153846,19.711538462,19.711538462
1316049570,Rosse,Richard,Falls Church,VA,22042,1,Psychiatry,Q3014,Telehealth originating site facility fee,O,28,98.0,98,21.066836735,20.801326531,12.996122449,12.996122449
1316053408,Khan,Nusrat,Weatherford,TX,76086,4.1,Internal Medicine,99453,"Remote monitoring of physiologic parameters, initial set-up and patient education on use of equipment",O,17,17.0,17,100.0,18.16,14.52,15.26
1316053408,Khan,Nusrat,Weatherford,TX,76086,4.1,Internal Medicine,99454,"Remote monitoring of physiologic parameters, initial supply of devices with daily recordings or programmed alerts transmission, each 30 days",O,17,47.0,47,85.0,60.01,47.99,50.24106383
1316053408,Khan,Nusrat,Weatherford,TX,76086,4.1,Internal Medicine,99457,"Remote monitoring of physiologic parameters management services, 20 minutes or more of qualified health care professional time per calendar month",O,16,16.0,16,54.0,49.4,39.5,40.4
1316079973,Hunter,Carol,Albuquerque,NM,87110,1,Certified Clinical Nurse Specialist,Q3014,Telehealth originating site facility fee,O,14,17.0,17,24.294117647,22.855882353,16.054117647,16.054117647
1316104086,Salamatbad,Michael,Great Neck,NY,11021,1,Family Practice,G2012,"Brief communication technology-based service, e.g. virtual check-in, by a physician or other qualified health care professional who can report evaluation and management services, provided to an established patient, not originating from a related e/m servic",O,11,13.0,13,100.0,16.88,13.48,11.59
1316137490,Linden,Maria,New York,NY,10029,1,Psychiatry,Q3014,Telehealth originating site facility fee,O,34,34.0,34,26.15,25.73,20.5,20.5
1316141526,Holmgren,Joseph,New York,NY,10016,1,Psychiatry,Q3014,Telehealth originating site facility fee,O,367,1320.0,1320,31.434477273,25.735704545,20.221787879,20.221795455
1316180763,Nicastro,Joanne,Bethel,ME,4217,10,Nurse Practitioner,Q3014,Telehealth originating site facility fee,O,53,137.0,137,24.43,24.108321168,15.795255474,15.795255474
1316262645,Crall,Nicholas,La Junta,CO,81050,7,Psychiatry,Q3014,Telehealth originating site facility fee,O,44,118.0,118,25.0,24.653898305,16.958728814,16.958728814
1316333552,Blood,Jamon,Tyler,TX,75708,1,Psychiatry,Q3014,Telehealth originating site facility fee,O,12,12.0,12,33.546666667,25.73,20.5,20.5
1316340789,Moscoso,Tangee,Streamwood,IL,60107,1,Nurse Practitioner,Q3014,Telehealth originating site facility fee,O,45,182.0,182,125.12087912,25.760659341,19.004175824,19.004175824
1316361272,Henley,Kristen,St. Paul,MN,55107,1,Nurse Practitioner,Q3014,Telehealth originating site facility fee,O,22,41.0,41,30.0,25.834878049,15.386829268,15.386829268
1316919228,Mercado,Manuel,Pharr,TX,78577,1,Internal Medicine,99457,"Remote monitoring of physiologic parameters management services, 20 minutes or more of qualified health care professional time per calendar month",O,35,295.0,295,90.0,49.43,39.53,40.4
1316929102,Sigal,Barry,Winston-Salem,NC,27103,1,Critical Care (Intensivists),99457,"Remote monitoring of physiologic parameters management services, 20 minutes or more of qualified health care professional time per calendar month",O,71,79.0,79,55.0,48.868481013,37.936202532,39.325822785
1316945447,Cox,Mary,Cheyenne,WY,82001,1,Nurse Practitioner,Q3014,Telehealth originating site facility fee,O,39,87.0,87,33.0,25.783103448,17.908045977,17.908045977
1316947443,Aggarwal,Ajay,Houston,TX,77054,1,Anesthesiology,99453,"Remote monitoring of physiologic parameters, initial set-up and patient education on use of equipment",O,18,18.0,18,65.0,19.36,15.43,15.297777778
1316987985,Chicoine,Noel,Pierre,SD,57501,4,Family Practice,Q3014,Telehealth originating site facility fee,O,15,19.0,19,48.157894737,25.818421053,16.184210526,16.184210526
1326013079,Shah,Vikram,Crystal River,FL,34429,2,Pulmonary Disease,99457,"Remote monitoring of physiologic parameters management services, 20 minutes or more of qualified health care professional time per calendar month",O,92,138.0,138,65.434782609,50.610652174,40.17673913,40.113188406
1326015306,Zukerman,Louis,Eatontown,NJ,7724,1,Clinical Cardiac Electrophysiology,99453,"Remote monitoring of physiologic parameters, initial set-up and patient education on use of equipment",O,56,56.0,56,25.285714286,21.58,17.22,15.26
1326030792,Miller,Lacy,Concord,NC,28025,1,Nurse Practitioner,Q3014,Telehealth originating site facility fee,O,59,91.0,91,25.0,24.641318681,17.573186813,17.573186813
1326056219,Mcmanus,Michael,Mt Vernon,AL,36560,2,Psychiatry,Q3014,Telehealth originating site facility fee,O,11,12.0,12,50.0,25.765,18.791666667,18.791666667
1326080128,Hekmati,Arman,Los Angeles,CA,90048,1,Geriatric Medicine,G2012,"Brief communication technology-based service, e.g. virtual check-in, by a physician or other qualified health care professional who can report evaluation and management services, provided to an established patient, not originating from a related e/m servic",O,14,16.0,16,25.0,15.415,12.285,11.59
1326119140,Kleiman,Laurie,Dallas,TX,75207,1,Psychiatry,Q3014,Telehealth originating site facility fee,O,37,119.0,119,90.0,25.771848739,18.458571429,18.458571429
1326159526,Baskin,Martin,New York,NY,10023,1,Internal Medicine,G2012,"Brief communication technology-based service, e.g. virtual check-in, by a physician or other qualified health care professional who can report evaluation and management services, provided to an established patient, not originating from a related e/m servic",O,28,29.0,29,49.137931034,16.35,13.03,11.58
1326299413,Peoples,Pamela,Kinston,NC,28501,4,Licensed Clinical Social Worker,Q3014,Telehealth originating site facility fee,O,39,124.0,124,50.0,25.767096774,18.689435484,18.689516129
1326380783,Ahsan,Afiah,Newark,NJ,7103,1,Psychiatry,Q3014,Telehealth originating site facility fee,O,176,267.0,267,26.07,25.72752809,16.669588015,16.669588015
1326455635,Johnson,Veronica,Black Mountain,NC,28711,1,Nurse Practitioner,Q3014,Telehealth originating site facility fee,O,27,45.0,45,25.0,24.608888889,19.164444444,19.164444444
1326556713,Barnett,Michele,Fairmont,MN,56031,7,Nurse Practitioner,Q3014,Telehealth originating site facility fee,O,85,284.0,284,30.0,25.767957746,18.647887324,18.647887324
1336110279,Wilson,Robert,Erie,PA,16508,1,Psychiatry,Q3014,Telehealth originating site facility fee,O,17,65.0,65,26.069230769,25.701230769,17.964307692,17.964307692
1336120146,Handley,Megen,St Marys,PA,15857,7,Nurse Practitioner,G2012,"Brief communication technology-based service, e.g. virtual check-in, by a physician or other qualified health care professional who can report evaluation and management services, provided to an established patient, not originating from a related e/m servic",O,49,68.0,68,45.0,12.008088235,9.0048529412,9.3208823529
1336137850,Desai,Kamlesh,Santa Maria,CA,93454,1,Family Practice,99453,"Remote monitoring of physiologic parameters, initial set-up and patient education on use of equipment",O,80,84.0,84,100.0,21.690714286,16.730357143,14.715
1336137850,Desai,Kamlesh,Santa Maria,CA,93454,1,Family Practice,99454,"Remote monitoring of physiologic parameters, initial supply of devices with daily recordings or programmed alerts transmission, each 30 days",O,80,208.0,208,100.0,70.5575,55.788365385,49.938125
1336137850,Desai,Kamlesh,Santa Maria,CA,93454,1,Family Practice,99457,"Remote monitoring of physiologic parameters management services, 20 minutes or more of qualified health care professional time per calendar month",O,24,71.0,71,100.0,53.807323944,43.243380282,40.827183099
1336149400,Tamirisa,Renu,Sugar Land,TX,77479,1,Internal Medicine,99453,"Remote monitoring of physiologic parameters, initial set-up and patient education on use of equipment",O,37,39.0,39,30.0,18.063589744,14.05025641,14.900512821
1336149400,Tamirisa,Renu,Sugar Land,TX,77479,1,Internal Medicine,99454,"Remote monitoring of physiologic parameters, initial supply of devices with daily recordings or programmed alerts transmission, each 30 days",O,37,227.0,227,90.0,59.652070485,47.420176211,50.085859031
1336149400,Tamirisa,Renu,Sugar Land,TX,77479,1,Internal Medicine,99457,"Remote monitoring of physiologic parameters management services, 20 minutes or more of qualified health care professional time per calendar month",O,37,231.0,231,75.0,49.111168831,39.092640693,40.283852814
1336161603,Thelusmond,Louis,Brooklyn,NY,11219,1,Cardiology,99453,"Remote monitoring of physiologic parameters, initial set-up and patient education on use of equipment",O,59,60.0,60,50.0,18.2615,14.003333333,14.781333333
1336161603,Thelusmond,Louis,Brooklyn,NY,11219,1,Cardiology,99454,"Remote monitoring of physiologic parameters, initial supply of devices with daily recordings or programmed alerts transmission, each 30 days",O,53,162.0,162,150.0,60.375679012,48.036049383,50.225864198
1336161603,Thelusmond,Louis,Brooklyn,NY,11219,1,Cardiology,99457,"Remote monitoring of physiologic parameters management services, 20 minutes or more of qualified health care professional time per calendar month",O,52,168.0,168,130.0,49.391071429,39.356666667,40.408452381
1336164235,Pearl,Sheryl,Brooklyn,NY,11201,1,Family Practice,G2010,"Remote evaluation of recorded video and/or images submitted by an established patient (e.g., store and forward), including interpretation with follow-up with the patient within 24 business hours, not originating from a related e/m service provided within t",O,47,50.0,50,40.0,14.41,11.51,9.88
1336164235,Pearl,Sheryl,Brooklyn,NY,11201,1,Family Practice,G2012,"Brief communication technology-based service, e.g. virtual check-in, by a physician or other qualified health care professional who can report evaluation and management services, provided to an established patient, not originating from a related e/m servic",O,116,150.0,150,40.0,16.9308,13.3952,11.468733333
1336169598,Khan,Mubarik,Fairfax,VA,22030,1,Internal Medicine,G2012,"Brief communication technology-based service, e.g. virtual check-in, by a physician or other qualified health care professional who can report evaluation and management services, provided to an established patient, not originating from a related e/m servic",O,17,21.0,21,30.952380952,16.291428571,11.761904762,10.477142857
1336180439,Cavazos,Antonio,San Antonio,TX,78229,1,Family Practice,99453,"Remote monitoring of physiologic parameters, initial set-up and patient education on use of equipment",O,33,33.0,33,35.0,17.91,14.27,15.26
1336180439,Cavazos,Antonio,San Antonio,TX,78229,1,Family Practice,99454,"Remote monitoring of physiologic parameters, initial supply of devices with daily recordings or programmed alerts transmission, each 30 days",O,34,77.0,77,120.0,59.16,47.14,50.29
1336180439,Cavazos,Antonio,San Antonio,TX,78229,1,Family Practice,99457,"Remote monitoring of physiologic parameters management services, 20 minutes or more of qualified health care professional time per calendar month",O,32,59.0,59,100.0,48.71,38.81,40.4
1336190578,Masood,Naseem,Raleigh,NC,27612,1,Pulmonary Disease,99091,"Collection and interpretation of physical parameters stored in computers and/or transmitted by the patient and/or caregiver to qualified health care professional, requiring 30 minutes or more, per 30 days",O,37,54.0,54,85.0,55.644444444,42.086851852,43.564444444
1336234921,Bez,Edward,Beckley,WV,25801,1,Psychiatry,Q3014,Telehealth originating site facility fee,O,178,441.0,441,26.4,25.78968254,17.585782313,17.585782313
1336298918,Phippen-Gesauldi,Sherry,St. Robert,MO,65584,4,General Surgery,Q3014,Telehealth originating site facility fee,O,208,269.0,269,36.0,25.762713755,18.902453532,18.902453532
1336395599,Willcox,Mark,Anchorage,AK,99508,1,Clinical Cardiac Electrophysiology,Q3014,Telehealth originating site facility fee,O,18,18.0,18,152.0,25.73,20.5,20.5
1336447697,Garland,Thaddeus,Chesapeake,VA,23320,1,Psychiatry,Q3014,Telehealth originating site facility fee,O,152,381.0,381,25.779527559,22.79687664,14.776850394,14.776850394
1336581735,Folkard,Camille,Texarkana,TX,75503,1,Endocrinology,Q3014,Telehealth originating site facility fee,O,22,24.0,24,120.0,25.733333333,20.339166667,20.339166667
1346211604,Guerrero,Arthur,Schertz,TX,78154,1,Endocrinology,99454,"Remote monitoring of physiologic parameters, initial supply of devices with daily recordings or programmed alerts transmission, each 30 days",O,16,19.0,19,80.0,56.385789474,43.396842105,49.424736842
1346218336,Fingerman,Eileen,Augusta,ME,4330,4,Family Practice,99454,"Remote monitoring of physiologic parameters, initial supply of devices with daily recordings or programmed alerts transmission, each 30 days",O,28,155.0,155,125.0,60.194903226,48.086709677,50.29
1346233533,Jones,Melissa,El Dorado Springs,MO,64744,7,Psychiatry,Q3014,Telehealth originating site facility fee,O,129,489.0,489,50.777096115,25.784907975,17.821554192,17.821554192
1346270113,Bhajal,Sukhvinder,Visalia,CA,93291,1,Cardiology,99091,"Collection and interpretation of physical parameters stored in computers and/or transmitted by the patient and/or caregiver to qualified health care professional, requiring 30 minutes or more, per 30 days",O,13,17.0,17,100.0,56.46,44.61,45.78
1346274792,Kost,Jonathan,West Hartford,CT,6107,1,Interventional Pain Management,99453,"Remote monitoring of physiologic parameters, initial set-up and patient education on use of equipment",O,191,192.0,192,50.0,21.344166667,17.049375,15.2996875
1346274792,Kost,Jonathan,West Hartford,CT,6107,1,Interventional Pain Management,99454,"Remote monitoring of physiologic parameters, initial supply of devices with daily recordings or programmed alerts transmission, each 30 days",O,207,701.0,701,135.0,70.252168331,56.012938659,50.343723252
1346274792,Kost,Jonathan,West Hartford,CT,6107,1,Interventional Pain Management,99457,"Remote monitoring of physiologic parameters management services, 20 minutes or more of qualified health care professional time per calendar month",O,137,327.0,327,115.0,54.535045872,43.536880734,40.503577982
1346288768,Humayun,Awais,Davie,FL,33328,1,Clinical Cardiac Electrophysiology,99457,"Remote monitoring of physiologic parameters management services, 20 minutes or more of qualified health care professional time per calendar month",O,23,41.0,41,530.2,52.17,41.57,40.41
1346315900,Freedman,Donielle,Las Vegas,NV,89113,1,Internal Medicine,99091,"Collection and interpretation of physical parameters stored in computers and/or transmitted by the patient and/or caregiver to qualified health care professional, requiring 30 minutes or more, per 30 days",O,791,2621.0,2621,64.69,57.956253338,45.733975582,45.270331934
1346341575,Banafshe,Paymon,Los Angeles,CA,90045,1,Internal Medicine,99453,"Remote monitoring of physiologic parameters, initial set-up and patient education on use of equipment",O,51,133.0,133,25.0,21.65,17.1,15.25
1346341575,Banafshe,Paymon,Los Angeles,CA,90045,1,Internal Medicine,99454,"Remote monitoring of physiologic parameters, initial supply of devices with daily recordings or programmed alerts transmission, each 30 days",O,84,539.0,539,100.0,71.79135436,56.192115028,49.836419295
1346341575,Banafshe,Paymon,Los Angeles,CA,90045,1,Internal Medicine,99457,"Remote monitoring of physiologic parameters management services, 20 minutes or more of qualified health care professional time per calendar month",O,110,672.0,672,81.436011905,54.37,42.95,40.4
1346346889,Okoroafor,Kingsley,Fayetteville,NC,28304,1,Cardiology,99091,"Collection and interpretation of physical parameters stored in computers and/or transmitted by the patient and/or caregiver to qualified health care professional, requiring 30 minutes or more, per 30 days",O,24,49.0,49,56.92,56.081020408,41.571836735,42.647959184
1346405602,Brickner,Derek,Jamestown,ND,58401,4,Family Practice,Q3014,Telehealth originating site facility fee,O,13,13.0,13,50.0,25.826923077,15.769230769,15.769230769
1346406113,Burke,Allison,Chicago,IL,60612,1,Emergency Medicine,99453,"Remote monitoring of physiologic parameters, initial set-up and patient education on use of equipment",F,22,23.0,23,47.58,21.223043478,16.914782609,15.26
1346406113,Burke,Allison,Chicago,IL,60612,1,Emergency Medicine,99457,"Remote monitoring of physiologic parameters management services, 20 minutes or more of qualified health care professional time per calendar month",F,21,21.0,21,73.68,34.118571429,27.192380952,25.43047619
1346446507,Smith,Teresa,New York,NY,10010,1,Emergency Medicine,99453,"Remote monitoring of physiologic parameters, initial set-up and patient education on use of equipment",F,20,20.0,20,47.58,21.3665,17.024,15.26
1346446507,Smith,Teresa,New York,NY,10010,1,Emergency Medicine,99457,"Remote monitoring of physiologic parameters management services, 20 minutes or more of qualified health care professional time per calendar month",F,17,17.0,17,73.68,34.461176471,27.455882353,25.430588235
1346450061,Ostrander,Carolyn,Colby,WI,54421,7,Family Practice,Q3014,Telehealth originating site facility fee,O,14,17.0,17,40.0,25.73,20.5,20.5
1346502010,Farooqi,Saad,Dallas,TX,75201,1,Internal Medicine,Q3014,Telehealth originating site facility fee,O,99,184.0,184,60.0,25.743586957,19.8375,19.8375
1346705845,Kaur,Harneet,Tomball,TX,77375,1,Physician Assistant,Q3014,Telehealth originating site facility fee,O,130,201.0,201,25.0,24.651243781,17.086716418,17.086716418
1346756137,Fox,Eric,Snohomish,WA,98296,1,Nurse Practitioner,Q3014,Telehealth originating site facility fee,O,46,80.0,80,50.0,25.2165,19.85575,20.3825
1356306799,Zeitoun,Mohamed,Hobart,IN,46342,1,Endocrinology,99091,"Collection and interpretation of physical parameters stored in computers and/or transmitted by the patient and/or caregiver to qualified health care professional, requiring 30 minutes or more, per 30 days",O,36,106.0,106,121.0,55.398018868,41.09254717,42.666415094
1356313423,Vincent,Kathy,Louisville,KY,40202,1,Psychiatry,Q3014,Telehealth originating site facility fee,O,35,102.0,102,30.5,25.73,20.5,20.5
1356346878,Jaffee,Daniel,Phoenix,AZ,85012,1,Urology,99453,"Remote monitoring of physiologic parameters, initial set-up and patient education on use of equipment",O,23,24.0,24,43.0,18.860833333,15.082916667,15.26
1356346878,Jaffee,Daniel,Phoenix,AZ,85012,1,Urology,99454,"Remote monitoring of physiologic parameters, initial supply of devices with daily recordings or programmed alerts transmission, each 30 days",O,22,22.0,22,141.0,62.309090909,49.831363636,50.29
1356348288,Daley,Rebecca,Fredericksburg,TX,78624,4,Family Practice,Q3014,Telehealth originating site facility fee,O,24,24.0,24,35.0,25.73,20.5,20.5
1356376222,Macannuco-Winslow,Annette,West Hartford,CT,6107,1,Interventional Pain Management,99453,"Remote monitoring of physiologic parameters, initial set-up and patient education on use of equipment",O,25,25.0,25,50.0,21.55,17.21,15.26
1356376222,Macannuco-Winslow,Annette,West Hartford,CT,6107,1,Interventional Pain Management,99454,"Remote monitoring of physiologic parameters, initial supply of devices with daily recordings or programmed alerts transmission, each 30 days",O,25,43.0,43,135.0,70.91,56.63,50.29
1356384135,Purselle,David,Decatur,GA,30030,1,Psychiatry,Q3014,Telehealth originating site facility fee,O,11,12.0,12,25.1,24.9,9.84,9.84
1356398713,Sokol,Sergio,Hewlett,NY,11557,1,Cardiology,99453,"Remote monitoring of physiologic parameters, initial set-up and patient education on use of equipment",O,64,64.0,64,30.0,23.4084375,18.64875,15.26
1356398713,Sokol,Sergio,Hewlett,NY,11557,1,Cardiology,99454,"Remote monitoring of physiologic parameters, initial supply of devices with daily recordings or programmed alerts transmission, each 30 days",O,64,168.0,168,80.0,76.398035714,60.868452381,50.29
1356398713,Sokol,Sergio,Hewlett,NY,11557,1,Cardiology,99457,"Remote monitoring of physiologic parameters management services, 20 minutes or more of qualified health care professional time per calendar month",O,63,167.0,167,65.0,58.900359281,46.930299401,40.40005988
1356410443,Lockett,Ricky,St Petersburg,FL,33705,1,Physical Medicine and Rehabilitation,99453,"Remote monitoring of physiologic parameters, initial set-up and patient education on use of equipment",O,21,21.0,21,29.437142857,18.38,14.65,15.26
1356410443,Lockett,Ricky,St Petersburg,FL,33705,1,Physical Medicine and Rehabilitation,99457,"Remote monitoring of physiologic parameters management services, 20 minutes or more of qualified health care professional time per calendar month",O,14,14.0,14,76.002857143,49.91,39.77,40.4
1356434955,Breslin,Vivian,West Haverstraw,NY,10993,1,Nurse Practitioner,Q3014,Telehealth originating site facility fee,O,72,164.0,164,28.0,25.73,20.5,20.5
1356458608,Bilgrien,Britt,Phillips,WI,54555,10,Nurse Practitioner,Q3014,Telehealth originating site facility fee,O,23,30.0,30,40.0,25.8,17.083333333,17.083333333
1356462899,Bandaranayake,Ilian,Washington,DC,20001,1,Psychiatry,Q3014,Telehealth originating site facility fee,O,12,23.0,23,25.0,24.6,19.6,19.6
1356500409,Herrick,Daniel,Grand Rapids,MI,49546,1,Sleep Medicine,Q3014,Telehealth originating site facility fee,O,49,53.0,53,43.830188679,25.761698113,18.952830189,18.952830189
1356564371,Abel-Zieg,Carla,Decorah,IA,52101,7,Nurse Practitioner,Q3014,Telehealth originating site facility fee,O,61,318.0,318,30.0,25.585691824,19.470314465,19.63572327
1356570253,Lefkof,Gary,Dallas,TX,75243,1,Psychiatry,Q3014,Telehealth originating site facility fee,O,87,195.0,195,41.55974359,24.916205128,15.224717949,15.224717949
1356629851,Robertson,Kenya,Milwaukee,WI,53209,1,Nurse Practitioner,Q3014,Telehealth originating site facility fee,O,21,65.0,65,26.307692308,23.532615385,16.949076923,16.949076923
1356669337,Beasley,Charles,Philadelphia,PA,19130,1,Psychiatry,Q3014,Telehealth originating site facility fee,O,99,415.0,415,114.2,25.73,20.5,20.5
1356675573,Kurian,Thomas,Valencia,CA,91355,2,Neurology,Q3014,Telehealth originating site facility fee,O,14,17.0,17,53.0,25.754705882,19.294117647,19.294117647
1356685556,Sticken,Jennifer,Raymore,MO,64083,1,Physician Assistant,Q3014,Telehealth originating site facility fee,O,33,110.0,110,50.890909091,25.766181818,18.733090909,18.733090909
1356843361,Snyder,Rachael,Grand Forks,ND,58201,1,Nurse Practitioner,Q3014,Telehealth originating site facility fee,O,31,47.0,47,50.0,25.73,20.5,20.5
1366404592,Haeger,Eric,Brewster,WA,98812,10,Family Practice,99457,"Remote monitoring of physiologic parameters management services, 20 minutes or more of qualified health care professional time per calendar month",O,519,905.0,905,70.0,49.319513812,37.970585635,39.410618785
1366415804,Green,Jeffrey,Stamford,CT,6902,1,Cardiology,99453,"Remote monitoring of physiologic parameters, initial set-up and patient education on use of equipment",O,46,46.0,46,53.0,21.65,17.31,15.26
1366415804,Green,Jeffrey,Stamford,CT,6902,1,Cardiology,99457,"Remote monitoring of physiologic parameters management services, 20 minutes or more of qualified health care professional time per calendar month",O,24,37.0,37,130.0,55.39,44.29,40.4
1366440026,Amir,Doron,Bridgeport,CT,6610,1,Cardiology,99453,"Remote monitoring of physiologic parameters, initial set-up and patient education on use of equipment",O,43,43.0,43,50.0,21.67,17.33,15.26
1366440026,Amir,Doron,Bridgeport,CT,6610,1,Cardiology,99454,"Remote monitoring of physiologic parameters, initial supply of devices with daily recordings or programmed alerts transmission, each 30 days",O,36,36.0,36,130.0,71.3,57.02,50.476944444
1366440026,Amir,Doron,Bridgeport,CT,6610,1,Cardiology,99457,"Remote monitoring of physiologic parameters management services, 20 minutes or more of qualified health care professional time per calendar month",O,35,35.0,35,125.0,55.44,44.34,40.4
1366443640,Agrawal,Subodh,Athens,GA,30606,1,Cardiology,99091,"Collection and interpretation of physical parameters stored in computers and/or transmitted by the patient and/or caregiver to qualified health care professional, requiring 30 minutes or more, per 30 days",O,57,75.0,75,168.26666667,56.3168,43.018933333,43.911466667
1366443640,Agrawal,Subodh,Athens,GA,30606,1,Cardiology,99453,"Remote monitoring of physiologic parameters, initial set-up and patient education on use of equipment",O,604,632.0,632,38.212025316,17.373449367,13.607056962,14.990775316
1366443640,Agrawal,Subodh,Athens,GA,30606,1,Cardiology,99454,"Remote monitoring of physiologic parameters, initial supply of devices with daily recordings or programmed alerts transmission, each 30 days",O,684,1979.0,1979,80.0,56.735962607,45.118989389,50.128044467
1366443640,Agrawal,Subodh,Athens,GA,30606,1,Cardiology,99457,"Remote monitoring of physiologic parameters management services, 20 minutes or more of qualified health care professional time per calendar month",O,681,1928.0,1928,80.0,47.952873444,38.190757261,40.35033195
1366446064,Schwartz,Eric,Annapolis,MD,21401,1,Urology,G2012,"Brief communication technology-based service, e.g. virtual check-in, by a physician or other qualified health care professional who can report evaluation and management services, provided to an established patient, not originating from a related e/m servic",O,21,25.0,25,15.68,15.63,12.49,11.58
1366460172,Bender Hausman,Nancy,Grand Rapids,MI,49546,1,Sleep Medicine,Q3014,Telehealth originating site facility fee,O,23,24.0,24,44.083333333,25.746666667,19.68125,19.68125
1366486961,Diaz Hernandez,Barbara,Hastings,MI,49058,7,Psychiatry,Q3014,Telehealth originating site facility fee,O,22,51.0,51,17.0,16.747843137,12.443921569,12.443921569
1366540791,Coates,Louis,Garland,TX,75048,1,Family Practice,99453,"Remote monitoring of physiologic parameters, initial set-up and patient education on use of equipment",O,26,26.0,26,45.0,19.33,15.4,15.26
1366540791,Coates,Louis,Garland,TX,75048,1,Family Practice,99454,"Remote monitoring of physiologic parameters, initial supply of devices with daily recordings or programmed alerts transmission, each 30 days",O,20,29.0,29,65.0,63.92,50.93,50.29
1366540791,Coates,Louis,Garland,TX,75048,1,Family Practice,99457,"Remote monitoring of physiologic parameters management services, 20 minutes or more of qualified health care professional time per calendar month",O,22,48.0,48,85.0,51.03,40.66,40.4
1366577975,Retfalvi,Paul,Goldsboro,NC,27530,1,Psychiatry,Q3014,Telehealth originating site facility fee,O,43,49.0,49,25.0,24.766938776,11.422040816,11.422040816
1366648222,Shergill,Ajainder,University Place,WA,98466,1,Internal Medicine,Q3014,Telehealth originating site facility fee,O,55,358.0,358,35.0,25.735586592,20.227653631,20.227653631
1366712770,Poghen,Pamela,Portland,TN,37148,2,Nurse Practitioner,Q3014,Telehealth originating site facility fee,O,35,88.0,88,80.0,25.734772727,20.267045455,20.267045455
1366743155,Taylor,Lauren,Pleasant Hills,PA,15236,1,Physician Assistant,Q3014,Telehealth originating site facility fee,O,106,113.0,113,35.0,25.743893805,19.824159292,19.824159292
1366771313,Ramsey,Amber,Fort Walton Beach,FL,32547,1,Nurse Practitioner,99453,"Remote monitoring of physiologic parameters, initial set-up and patient education on use of equipment",O,23,23.0,23,56.007826087,15.65,11.927826087,12.444347826
1366771313,Ramsey,Amber,Fort Walton Beach,FL,32547,1,Nurse Practitioner,99454,"Remote monitoring of physiologic parameters, initial supply of devices with daily recordings or programmed alerts transmission, each 30 days",O,20,81.0,81,183.86148148,51.28,40.87,42.74
1366771313,Ramsey,Amber,Fort Walton Beach,FL,32547,1,Nurse Practitioner,99457,"Remote monitoring of physiologic parameters management services, 20 minutes or more of qualified health care professional time per calendar month",O,20,81.0,81,152.04074074,42.47,33.85,34.34
1366801938,Brewer,Amber,Lebanon,MO,65536,4,Nurse Practitioner,Q3014,Telehealth originating site facility fee,O,48,150.0,150,50.88,25.772733333,18.414333333,18.414333333
1366874067,Geil,Cynthia,Middletown,CT,6457,1,"Psychologist, Clinical",Q3014,Telehealth originating site facility fee,O,308,1949.0,1949,30.04515136,25.764058492,18.838491534,18.838491534
1376512129,Michels,Alan,Payson,AZ,85541,4,Internal Medicine,Q3014,Telehealth originating site facility fee,O,13,30.0,30,30.0,25.744,19.816666667,19.816666667
1376521005,Doria,Robert,San Luis Obispo,CA,93401,1,Interventional Cardiology,G2012,"Brief communication technology-based service, e.g. virtual check-in, by a physician or other qualified health care professional who can report evaluation and management services, provided to an established patient, not originating from a related e/m servic",O,12,13.0,13,25.0,15.04,12.03,11.59
1376540765,Lewis,Charles,Little Rock,AR,72205,1,Psychiatry,Q3014,Telehealth originating site facility fee,O,214,503.0,503,2.54,2.4887872763,1.9455069583,1.9576143141
1376630756,Bittman,Betsy,Helena,MT,59601,4,Psychiatry,Q3014,Telehealth originating site facility fee,O,47,130.0,130,32.0,25.756692308,19.197615385,19.197615385
1376649962,Burke,Michael,Atlanta,GA,30349,1,Psychiatry,Q3014,Telehealth originating site facility fee,O,14,21.0,21,30.0,25.73,20.5,20.5
1376677138,Antony,Kovilparambil,Gary,IN,46402,1,Psychiatry,Q3014,Telehealth originating site facility fee,O,138,448.0,448,30.0,25.793504464,17.402142857,17.402165179
1376697573,Dean,Robert,Christiansburg,VA,24073,1,Psychiatry,Q3014,Telehealth originating site facility fee,O,40,98.0,98,20.0,19.776530612,10.949285714,10.949285714
1376747030,Skari,Bradly,Jamestown,ND,58401,4,Family Practice,Q3014,Telehealth originating site facility fee,O,19,20.0,20,50.0,25.793,17.425,17.425
1376804674,Conterato,Anna,Grand Rapids,MI,49546,1,Pulmonary Disease,Q3014,Telehealth originating site facility fee,O,14,15.0,15,43.8,25.758,19.133333333,19.133333333
1376835231,Jalloh-Camara,Rugiatu,Rochester,NY,14642,1,Nurse Practitioner,99453,"Remote monitoring of physiologic parameters, initial set-up and patient education on use of equipment",O,14,14.0,14,25.99,19.9,15.86,12.97
1376835231,Jalloh-Camara,Rugiatu,Rochester,NY,14642,1,Nurse Practitioner,99454,"Remote monitoring of physiologic parameters, initial supply of devices with daily recordings or programmed alerts transmission, each 30 days",O,15,47.0,47,80.99,64.93,51.73,42.74
1376840256,Chase,Cori,Detroit,MI,48202,1,Psychiatry,Q3014,Telehealth originating site facility fee,O,61,125.0,125,26.15,25.83536,15.3604,15.3604
1376946319,Pietragallo,Lisamarie,Warren,OH,44484,1,Nurse Practitioner,Q3014,Telehealth originating site facility fee,O,371,2496.0,2496,30.096955128,25.764278846,18.827339744,18.827339744
1376972950,Eslami,Joshua,Montgomery,AL,36117,1,Nurse Practitioner,Q3014,Telehealth originating site facility fee,O,235,1077.0,1077,41.0,25.742228412,19.903435469,19.903435469
1376979799,Gaines,Holly,Little Rock,AR,72211,1,Nurse Practitioner,99091,"Collection and interpretation of physical parameters stored in computers and/or transmitted by the patient and/or caregiver to qualified health care professional, requiring 30 minutes or more, per 30 days",O,39,49.0,49,100.0,46.368367347,28.546530612,30.755510204
1376979799,Gaines,Holly,Little Rock,AR,72211,1,Nurse Practitioner,99457,"Remote monitoring of physiologic parameters management services, 20 minutes or more of qualified health care professional time per calendar month",O,66,78.0,78,100.0,38.730897436,30.887307692,34.550512821
1386026995,Scaffa,Justin,West Lake Hills,TX,78746,1,Nurse Practitioner,Q3014,Telehealth originating site facility fee,O,20,85.0,85,151.06,25.757529412,19.155529412,19.155529412
1386035962,Horner,Breann,Texarkana,TX,75503,1,Nurse Practitioner,99453,"Remote monitoring of physiologic parameters, initial set-up and patient education on use of equipment",O,37,37.0,37,100.0,15.36,12.27,12.98
1386035962,Horner,Breann,Texarkana,TX,75503,1,Nurse Practitioner,99454,"Remote monitoring of physiologic parameters, initial supply of devices with daily recordings or programmed alerts transmission, each 30 days",O,37,37.0,37,150.0,50.75,40.53,42.74
1386186583,Maynard,Jennifer,Dublin,OH,43017,1,Nurse Practitioner,Q3014,Telehealth originating site facility fee,O,19,36.0,36,30.0,25.750277778,19.514444444,19.514444444
1386197507,Folden,Tina,Santa Fe,NM,87505,1,Nurse Practitioner,Q3014,Telehealth originating site facility fee,O,58,72.0,72,28.0,25.735833333,20.215277778,20.215277778
1386626240,Fowler,Reginald,Winston-Salem,NC,27103,1,Pulmonary Disease,99457,"Remote monitoring of physiologic parameters management services, 20 minutes or more of qualified health care professional time per calendar month",O,24,24.0,24,55.0,48.891666667,37.422916667,38.81375
1386653236,Johnson,Michael,Fredericksburg,TX,78624,4,Internal Medicine,Q3014,Telehealth originating site facility fee,O,16,18.0,18,35.0,25.733888889,20.309444444,20.309444444
1386746220,Vassa,Nalini,Kennewick,WA,99336,1,Nephrology,Q3014,Telehealth originating site facility fee,O,46,73.0,73,50.0,25.73369863,20.317671233,20.317671233
1386756534,Ahmad,Khadijah,Wisc Rapids,WI,54494,4,Family Practice,Q3014,Telehealth originating site facility fee,O,55,65.0,65,40.0,25.749384615,19.553846154,19.553846154
1386804870,Jilla,Yasmin,Cape Girardeau,MO,63703,1,Psychiatry,Q3014,Telehealth originating site facility fee,O,88,440.0,440,24.0,23.664454545,16.614840909,16.614840909
1386819373,Martin,Jacquelyn,Hot Springs,AR,71913,1,Psychiatry,Q3014,Telehealth originating site facility fee,O,80,87.0,87,60.0,25.769425287,18.579425287,18.579425287
1386824753,Ferraz,Reynald Joseph,Henderson,NV,89014,1,Psychiatry,Q3014,Telehealth originating site facility fee,O,65,184.0,184,56.259673913,25.772228261,18.438315217,18.438315217
1386846392,Etre,Laura,Providence,RI,2906,1,"Psychologist, Clinical",Q3014,Telehealth originating site facility fee,O,208,849.0,849,30.233215548,25.75770318,19.148374558,19.148374558
1386938256,Mondragon,Claudia,Tripler Army Medical Center,HI,96859,1,Osteopathic Manipulative Medicine,Q3014,Telehealth originating site facility fee,O,16,20.0,20,53.0,25.772,18.45,18.45
1386951770,Mistry,Meenal,Palo Alto,CA,94301,1,Physician Assistant,G2010,"Remote evaluation of recorded video and/or images submitted by an established patient (e.g., store and forward), including interpretation with follow-up with the patient within 24 business hours, not originating from a related e/m service provided within t",O,15,15.0,15,30.0,12.35,9.84,8.41
1386951770,Mistry,Meenal,Palo Alto,CA,94301,1,Physician Assistant,G2012,"Brief communication technology-based service, e.g. virtual check-in, by a physician or other qualified health care professional who can report evaluation and management services, provided to an established patient, not originating from a related e/m servic",F,68,71.0,71,50.0,12.35,9.84,8.8935211268
1386951770,Mistry,Meenal,Palo Alto,CA,94301,1,Physician Assistant,G2012,"Brief communication technology-based service, e.g. virtual check-in, by a physician or other qualified health care professional who can report evaluation and management services, provided to an established patient, not originating from a related e/m servic",O,57,57.0,57,50.0,13.94,11.11,9.85
1396043055,Sivagnanam,Kamesh,Elizabethton,TN,37643,2,Cardiology,99454,"Remote monitoring of physiologic parameters, initial supply of devices with daily recordings or programmed alerts transmission, each 30 days",O,19,78.0,78,173.0,56.74,45.21,50.29
1396043055,Sivagnanam,Kamesh,Elizabethton,TN,37643,2,Cardiology,99457,"Remote monitoring of physiologic parameters management services, 20 minutes or more of qualified health care professional time per calendar month",O,18,72.0,72,145.0,47.316527778,36.877638889,39.597638889
1396045274,Seckman,Jason,Zanesville,OH,43701,4,Nurse Practitioner,Q3014,Telehealth originating site facility fee,F,92,357.0,357,20.0,19.736834734,12.894929972,12.894957983
1396056594,Steinacker,Sarah,East Lansing,MI,48824,1,Psychiatry,Q3014,Telehealth originating site facility fee,O,23,23.0,23,275.21,25.839565217,15.152173913,15.152173913
1396067906,Hollis-Keene,Cynthia,Springfield,MO,65804,1,Nurse Practitioner,Q3014,Telehealth originating site facility fee,O,17,25.0,25,50.0,25.882,13.1008,13.1008
1396155545,Meints,Jason,Sandusky,MI,48471,7,Psychiatry,Q3014,Telehealth originating site facility fee,O,66,295.0,295,32.607966102,25.749152542,19.564915254,19.564915254
1396179834,Gallagher,Christine,Stroudsburg,PA,18360,1,Nurse Practitioner,Q3014,Telehealth originating site facility fee,O,28,35.0,35,25.0,24.657142857,16.8,16.8
1396204749,Carpenter,Roberta,Neptune City,NJ,7753,1,Nurse Practitioner,99091,"Collection and interpretation of physical parameters stored in computers and/or transmitted by the patient and/or caregiver to qualified health care professional, requiring 30 minutes or more, per 30 days",O,39,40.0,40,149.0,51.16,40.76,38.9
1396705984,Jaffri,Syed,Lexington,MO,64067,7,Psychiatry,Q3014,Telehealth originating site facility fee,O,26,88.0,88,50.886363636,25.7825,17.9375,17.9375
1396717450,Rose,Robert,Beverly Hills,CA,90210,1,Cardiology,99091,"Collection and interpretation of physical parameters stored in computers and/or transmitted by the patient and/or caregiver to qualified health care professional, requiring 30 minutes or more, per 30 days",O,12,57.0,57,126.0,61.999649123,45.193859649,41.764210526
1396731287,Boling,Vicki,Billings,MT,59101,1,Nurse Practitioner,Q3014,Telehealth originating site facility fee,O,42,49.0,49,30.0,25.94244898,10.131428571,10.133061224
1396768347,Florian,Mark,Bryan,TX,77802,1,Internal Medicine,G2012,"Brief communication technology-based service, e.g. virtual check-in, by a physician or other qualified health care professional who can report evaluation and management services, provided to an established patient, not originating from a related e/m servic",O,17,18.0,18,20.0,14.124444444,9.9911111111,10.352222222
1396772406,Jurado,Leopoldo,Chicago,IL,60614,1,Internal Medicine,99453,"Remote monitoring of physiologic parameters, initial set-up and patient education on use of equipment",O,40,52.0,52,35.0,20.11,16.02,15.26
1396772406,Jurado,Leopoldo,Chicago,IL,60614,1,Internal Medicine,99457,"Remote monitoring of physiologic parameters management services, 20 minutes or more of qualified health care professional time per calendar month",O,28,28.0,28,50.0,49.2,39.2,39.2
1396777058,Griffin,Jill,Springfield,MA,1104,1,Emergency Medicine,99453,"Remote monitoring of physiologic parameters, initial set-up and patient education on use of equipment",F,108,115.0,115,44.683826087,21.783391304,17.228434783,15.136695652
1396777058,Griffin,Jill,Springfield,MA,1104,1,Emergency Medicine,99457,"Remote monitoring of physiologic parameters management services, 20 minutes or more of qualified health care professional time per calendar month",F,91,92.0,92,68.073913043,34.753804348,27.41673913,25.164673913
1396782595,Koo,Charles,Eatontown,NJ,7724,1,Clinical Cardiac Electrophysiology,99453,"Remote monitoring of physiologic parameters, initial set-up and patient education on use of equipment",O,55,55.0,55,24.654545455,21.187636364,16.906909091,15.329272727
1396842175,Brummer,Ronald,Grand Forks,ND,58201,1,Family Practice,Q3014,Telehealth originating site facility fee,O,212,601.0,601,35.0,25.607737105,18.778885191,18.936389351
1396845921,Centric,Ronald,Carson City,NV,89701,1,Psychiatry,Q3014,Telehealth originating site facility fee,O,31,94.0,94,56.205851064,25.79106383,17.521170213,17.521170213
1396857462,Dohemann,Jesse,San Francisco,CA,94115,1,Internal Medicine,G2012,"Brief communication technology-based service, e.g. virtual check-in, by a physician or other qualified health care professional who can report evaluation and management services, provided to an established patient, not originating from a related e/m servic",O,12,12.0,12,24.583333333,16.65,13.32,11.59
1396978797,Ahmed,Farhan,Winston Salem,NC,27103,1,Pulmonary Disease,99457,"Remote monitoring of physiologic parameters management services, 20 minutes or more of qualified health care professional time per calendar month",O,37,38.0,38,55.0,48.867894737,38.002894737,39.398157895
1407015084,Laprairie,Janet,Grand Rapids,MI,49546,1,Physician Assistant,Q3014,Telehealth originating site facility fee,O,63,68.0,68,44.0,25.765882353,18.747352941,18.747352941
1407073109,Hudson,Laura,Waynesville,NC,28786,1,Nurse Practitioner,Q3014,Telehealth originating site facility fee,O,158,367.0,367,21.25,20.92253406,16.046103542,16.046103542
1407086424,Stockman,David,Saginaw,MI,48604,1,Pathology,Q3014,Telehealth originating site facility fee,O,12,15.0,15,26.0,25.58,20.38,20.38
1407102056,Pinson,Jenny,Carson City,NV,89706,1,Nurse Practitioner,Q3014,Telehealth originating site facility fee,O,99,447.0,447,56.26033557,25.766420582,18.722013423,18.722013423
1407210347,Perry,Sherri,Concord,NH,3301,4,Nurse Practitioner,Q3014,Telehealth originating site facility fee,O,213,502.0,502,31.314741036,25.794701195,17.342629482,17.342649402
1407256217,Fitts,Pinkie,Montgomery,AL,36117,1,Nurse Practitioner,Q3014,Telehealth originating site facility fee,O,69,112.0,112,25.4,25.098928571,14.624285714,14.624285714
1407419237,Beckford,Gina,Louisville,KY,40211,1,Nurse Practitioner,Q3014,Telehealth originating site facility fee,O,13,36.0,36,25.0,24.611111111,19.055555556,19.055555556
1407816416,Katiny,Antoine,Burnsville,WV,26335,10,Internal Medicine,99091,"Collection and interpretation of physical parameters stored in computers and/or transmitted by the patient and/or caregiver to qualified health care professional, requiring 30 minutes or more, per 30 days",O,100,1030.0,1030,74.946601942,55.901339806,42.725252427,43.990446602
1407848286,Mirkin,Elizabeth,Chicago,IL,60608,1,Psychiatry,Q3014,Telehealth originating site facility fee,O,11,13.0,13,42.5,25.794615385,17.346153846,17.346153846
1407858384,Matorin,Philip,Houston,TX,77082,1,Otolaryngology,99091,"Collection and interpretation of physical parameters stored in computers and/or transmitted by the patient and/or caregiver to qualified health care professional, requiring 30 minutes or more, per 30 days",O,20,146.0,146,200.0,58.573356164,45.76,44.839315068
1407867187,Scott,Claudia,Lansing,MI,48933,1,Nurse Practitioner,Q3014,Telehealth originating site facility fee,O,68,165.0,165,23.155393939,13.840121212,10.194545455,10.194545455
1407872948,Meghani,Shakir,Dothan,AL,36305,1,Psychiatry,Q3014,Telehealth originating site facility fee,O,55,73.0,73,50.0,25.845068493,14.883561644,14.883561644
1407874076,Lawrence,Scott,Detroit Lakes,MN,56501,7,Family Practice,Q3014,Telehealth originating site facility fee,O,17,24.0,24,50.0,25.78375,17.874166667,17.874166667
1407948912,Stiles,Dana,King,NC,27021,1,Psychiatry,Q3014,Telehealth originating site facility fee,O,55,142.0,142,25.0,24.642253521,17.528169014,17.528169014
1407975584,Siddiqui,Asif,Austin,TX,78731,1,Psychiatry,Q3014,Telehealth originating site facility fee,O,31,37.0,37,73.332432432,25.905135135,11.957837838,11.957837838
1417045329,Simmons,Jerald,Houston,TX,77030,1,Neurology,99453,"Remote monitoring of physiologic parameters, initial set-up and patient education on use of equipment",O,182,184.0,184,40.0,19.37,15.44,15.26
1417045329,Simmons,Jerald,Houston,TX,77030,1,Neurology,99457,"Remote monitoring of physiologic parameters management services, 20 minutes or more of qualified health care professional time per calendar month",O,284,1153.0,1153,102.70598439,51.390156114,40.827346054,40.2913183
1417046962,Robbins,Vickie,Pontotoc,MS,38863,7,"Psychologist, Clinical",Q3014,Telehealth originating site facility fee,O,93,947.0,947,30.116156283,25.739746568,20.024519535,20.024519535
1417049420,Williamson,Theresa,Lumberton,NC,28358,5,Physician Assistant,Q3014,Telehealth originating site facility fee,O,163,299.0,299,27.0,25.777792642,18.165284281,18.165317726
1417050535,Koorndyk,Regina,Grand Rapids,MI,49546,1,Physician Assistant,Q3014,Telehealth originating site facility fee,O,13,13.0,13,43.0,24.139230769,13.299230769,15.037692308
1417098500,Pham,Bao,Houston,TX,77077,1,Family Practice,99453,"Remote monitoring of physiologic parameters, initial set-up and patient education on use of equipment",O,97,98.0,98,40.102040816,19.376122449,15.124897959,14.950408163
1417098500,Pham,Bao,Houston,TX,77077,1,Family Practice,99454,"Remote monitoring of physiologic parameters, initial supply of devices with daily recordings or programmed alerts transmission, each 30 days",O,11,17.0,17,85.0,63.93,50.95,50.600588235
1417109760,Anderson,Misty,Valley City,ND,58072,7,Internal Medicine,Q3014,Telehealth originating site facility fee,O,13,13.0,13,50.0,25.794615385,17.346153846,17.346153846
1417153164,Maheshwari,Sunildat,Gilbert,AZ,85296,1,Family Practice,99453,"Remote monitoring of physiologic parameters, initial set-up and patient education on use of equipment",O,40,40.0,40,37.7,18.71,14.94,15.26
1417153164,Maheshwari,Sunildat,Gilbert,AZ,85296,1,Family Practice,99454,"Remote monitoring of physiologic parameters, initial supply of devices with daily recordings or programmed alerts transmission, each 30 days",O,40,137.0,137,124.48,61.78,49.33,50.29
1417153164,Maheshwari,Sunildat,Gilbert,AZ,85296,1,Family Practice,99457,"Remote monitoring of physiologic parameters management services, 20 minutes or more of qualified health care professional time per calendar month",O,42,125.0,125,100.96,50.11,40.01,40.4
1417217092,Campbell,Willie,Fayetteville,GA,30214,1,Licensed Clinical Social Worker,Q3014,Telehealth originating site facility fee,O,56,288.0,288,28.0,25.730069444,20.497118056,20.497118056
1417284506,Pippi,Eric,Eden Prairie,MN,55346,1,Physician Assistant,Q3014,Telehealth originating site facility fee,O,98,100.0,100,35.0,25.8208,16.0644,16.0644
1417286691,Jones,Tammy,Huntsville,AR,72740,2,Licensed Clinical Social Worker,Q3014,Telehealth originating site facility fee,O,24,60.0,60,25.0,24.7005,14.6735,14.6735
1417336348,Rennie,Tanya,Tulsa,OK,74114,1,Nurse Practitioner,Q3014,Telehealth originating site facility fee,O,13,13.0,13,31.38,25.73,20.5,20.5
1417407743,Lutz,Lauren,Columbus,IN,47201,1,Nurse Practitioner,Q3014,Telehealth originating site facility fee,O,47,80.0,80,40.0,25.75575,19.244125,19.244125
1417442419,Armstrong,Sierra,South Lake Tahoe,CA,96150,4,Nurse Practitioner,Q3014,Telehealth originating site facility fee,O,46,77.0,77,196.0,25.743636364,19.836753247,19.836753247
1417907759,Moss,Leonard,Cottonwood,AZ,86326,4,Sleep Medicine,99453,"Remote monitoring of physiologic parameters, initial set-up and patient education on use of equipment",O,61,61.0,61,20.0,18.75,14.98,15.26
1417918525,Ngo,Peter,Laredo,TX,78041,1,Endocrinology,99091,"Collection and interpretation of physical parameters stored in computers and/or transmitted by the patient and/or caregiver to qualified health care professional, requiring 30 minutes or more, per 30 days",O,31,44.0,44,90.0,54.292272727,40.854545455,43.766818182
1417933946,Ahluwalia,Mukesh,Mesa,AZ,85204,1,Pulmonary Disease,99091,"Collection and interpretation of physical parameters stored in computers and/or transmitted by the patient and/or caregiver to qualified health care professional, requiring 30 minutes or more, per 30 days",O,12,12.0,12,120.0,61.15,48.83,45.77
1417942434,Dodd,Jack,Ames,IA,50010,1,Psychiatry,Q3014,Telehealth originating site facility fee,O,41,119.0,119,95.0,25.770168067,18.540672269,18.540672269
1427004548,Dosdos,Alfredo,Atlantis,FL,33462,1,Internal Medicine,99454,"Remote monitoring of physiologic parameters, initial supply of devices with daily recordings or programmed alerts transmission, each 30 days",O,46,214.0,214,75.0,64.354345794,51.048084112,50.032943925
1427004548,Dosdos,Alfredo,Atlantis,FL,33462,1,Internal Medicine,99457,"Remote monitoring of physiologic parameters management services, 20 minutes or more of qualified health care professional time per calendar month",O,44,174.0,174,75.0,52.34,41.74,40.41
1427041656,Duncan,David,Powhatan,VA,23139,2,Family Practice,99453,"Remote monitoring of physiologic parameters, initial set-up and patient education on use of equipment",O,21,21.0,21,20.0,18.874285714,14.314285714,14.547619048
1427041656,Duncan,David,Powhatan,VA,23139,2,Family Practice,99454,"Remote monitoring of physiologic parameters, initial supply of devices with daily recordings or programmed alerts transmission, each 30 days",O,23,27.0,27,64.0,62.281851852,47.963703704,48.645555556
1427041656,Duncan,David,Powhatan,VA,23139,2,Family Practice,99457,"Remote monitoring of physiologic parameters management services, 20 minutes or more of qualified health care professional time per calendar month",O,23,27.0,27,52.0,50.249259259,38.537777778,38.922962963
1427051929,Swarup,Vijendra,Phoenix,AZ,85016,1,Cardiology,99453,"Remote monitoring of physiologic parameters, initial set-up and patient education on use of equipment",O,36,36.0,36,44.98,18.58,14.81,15.2475
1427051929,Swarup,Vijendra,Phoenix,AZ,85016,1,Cardiology,99454,"Remote monitoring of physiologic parameters, initial supply of devices with daily recordings or programmed alerts transmission, each 30 days",O,36,41.0,41,149.88,61.32,48.87,50.29
1427051929,Swarup,Vijendra,Phoenix,AZ,85016,1,Cardiology,99457,"Remote monitoring of physiologic parameters management services, 20 minutes or more of qualified health care professional time per calendar month",O,36,41.0,41,125.1,49.74,39.64,40.4
1427054774,Nolan,Sandra,Smithville,MO,64089,1,Nurse Practitioner,Q3014,Telehealth originating site facility fee,O,19,30.0,30,51.066666667,25.756666667,19.206,19.206
1427056639,Lucchese,Christopher,Dallas,TX,75238,1,Family Practice,99453,"Remote monitoring of physiologic parameters, initial set-up and patient education on use of equipment",O,300,307.0,307,20.0,19.558990228,15.332345277,14.961758958
1427056639,Lucchese,Christopher,Dallas,TX,75238,1,Family Practice,99454,"Remote monitoring of physiologic parameters, initial supply of devices with daily recordings or programmed alerts transmission, each 30 days",O,341,1745.0,1745,70.011461318,64.766366762,51.544338109,50.054045845
1427056639,Lucchese,Christopher,Dallas,TX,75238,1,Family Practice,99457,"Remote monitoring of physiologic parameters management services, 20 minutes or more of qualified health care professional time per calendar month",O,340,1675.0,1675,60.0,51.728238806,41.220931343,40.261020896
1427057165,Chronos,Nicolas,Eatonton,GA,31024,10,Cardiology,99453,"Remote monitoring of physiologic parameters, initial set-up and patient education on use of equipment",O,11,11.0,11,34.818181818,17.28,13.77,15.26
1427057165,Chronos,Nicolas,Eatonton,GA,31024,10,Cardiology,99454,"Remote monitoring of physiologic parameters, initial supply of devices with daily recordings or programmed alerts transmission, each 30 days",O,34,141.0,141,115.0,56.81,45.26,50.29
1427057165,Chronos,Nicolas,Eatonton,GA,31024,10,Cardiology,99457,"Remote monitoring of physiologic parameters management services, 20 minutes or more of qualified health care professional time per calendar month",O,19,34.0,34,98.0,48.02,38.26,40.4
1427060144,Gard-Dawson,Kandace,Big Spring,TX,79720,4,Physician Assistant,Q3014,Telehealth originating site facility fee,O,18,53.0,53,25.0,24.721509434,13.64490566,13.64490566
1427114735,Budharaju,Venkata,Pinellas Park,FL,33781,1,Endocrinology,99457,"Remote monitoring of physiologic parameters management services, 20 minutes or more of qualified health care professional time per calendar month",O,83,100.0,100,109.8,50.55,40.41,40.4
1427152131,Columbus Community Hospital Inc,,Columbus,NE,68601,4,Clinic or Group Practice,Q3014,Telehealth originating site facility fee,O,63,92.0,92,40.0,25.455543478,20.02576087,20.31
1427168061,Cisneros,Justo,San Antonio,TX,78214,1,Internal Medicine,99453,"Remote monitoring of physiologic parameters, initial set-up and patient education on use of equipment",O,13,13.0,13,45.0,17.91,14.27,15.26
1427168061,Cisneros,Justo,San Antonio,TX,78214,1,Internal Medicine,99454,"Remote monitoring of physiologic parameters, initial supply of devices with daily recordings or programmed alerts transmission, each 30 days",O,13,13.0,13,128.3,59.16,47.14,50.29
1427215110,Mascaro,Hilda,Bronx,NY,10456,1,Psychiatry,Q3014,Telehealth originating site facility fee,O,61,371.0,371,30.0,25.769865229,18.553530997,18.553530997
1427301597,Monyoncho,Johnes,Desoto,TX,75115,1,Nurse Practitioner,Q3014,Telehealth originating site facility fee,O,112,287.0,287,114.43135889,25.599303136,17.495121951,17.586236934
1427342245,Dickert,Alex,Crystal River,FL,34429,2,Family Practice,99457,"Remote monitoring of physiologic parameters management services, 20 minutes or more of qualified health care professional time per calendar month",O,43,238.0,238,75.0,50.292352941,35.540042017,35.896344538
1427343938,Nasir,Saifullah,Park Ridge,IL,60068,1,Cardiology,99453,"Remote monitoring of physiologic parameters, initial set-up and patient education on use of equipment",O,72,78.0,78,40.0,19.116923077,14.891282051,14.921282051
1427343938,Nasir,Saifullah,Park Ridge,IL,60068,1,Cardiology,99454,"Remote monitoring of physiologic parameters, initial supply of devices with daily recordings or programmed alerts transmission, each 30 days",O,63,120.0,120,125.0,61.872416667,49.317916667,50.394833333
1427353473,Stokes,Steven,Ephrata,WA,98823,7,Nurse Practitioner,Q3014,Telehealth originating site facility fee,O,187,556.0,556,79.226618705,25.648129496,15.65573741,15.838399281
1427369172,Lennon,Joshua,Cordova,TN,38018,1,Neurology,99091,"Collection and interpretation of physical parameters stored in computers and/or transmitted by the patient and/or caregiver to qualified health care professional, requiring 30 minutes or more, per 30 days",O,154,285.0,285,115.0,54.974842105,43.546245614,45.475298246
1427415835,Czerna,Brittany,Blackfoot,ID,83221,4,Nurse Practitioner,Q3014,Telehealth originating site facility fee,O,42,67.0,67,50.0,25.73,20.5,20.5
1427462449,Rotton,Lori,Pine Bluff,AR,71603,1,Nurse Practitioner,99091,"Collection and interpretation of physical parameters stored in computers and/or transmitted by the patient and/or caregiver to qualified health care professional, requiring 30 minutes or more, per 30 days",O,19,21.0,21,100.0,46.417619048,29.262857143,31.391428571
1427598366,Artero,Ashley,Tamuning,GU,96913,99,Nurse Practitioner,Q3014,Telehealth originating site facility fee,O,15,16.0,16,56.67,24.559375,13.11875,14.440625
1437112240,Quade,Cara,Show Low,AZ,85901,4,Nurse Practitioner,Q3014,Telehealth originating site facility fee,O,20,48.0,48,25.998958333,25.608125,19.107083333,19.107083333
1437146966,Nguyen,Khoa,Houston,TX,77074,1,Family Practice,99453,"Remote monitoring of physiologic parameters, initial set-up and patient education on use of equipment",O,19,22.0,22,40.0,19.301818182,15.382727273,15.267727273
1437146966,Nguyen,Khoa,Houston,TX,77074,1,Family Practice,99454,"Remote monitoring of physiologic parameters, initial supply of devices with daily recordings or programmed alerts transmission, each 30 days",O,22,48.0,48,130.0,63.85,50.87,50.302083333
1437146966,Nguyen,Khoa,Houston,TX,77074,1,Family Practice,99457,"Remote monitoring of physiologic parameters management services, 20 minutes or more of qualified health care professional time per calendar month",O,18,30.0,30,106.0,51.38,40.94,40.427666667
1437169067,Reddy,Sreedevi,Phoenix,AZ,85013,1,Endocrinology,99091,"Collection and interpretation of physical parameters stored in computers and/or transmitted by the patient and/or caregiver to qualified health care professional, requiring 30 minutes or more, per 30 days",O,11,15.0,15,115.0,57.41,45.91,45.77
1437174604,Webber,Patricia,Escanaba,MI,49829,4,Nurse Practitioner,Q3014,Telehealth originating site facility fee,O,93,316.0,316,12.409240506,12.229493671,8.6658544304,8.6658544304
1437174661,Cheng,Danny,Houston,TX,77027,1,Internal Medicine,99453,"Remote monitoring of physiologic parameters, initial set-up and patient education on use of equipment",O,23,24.0,23,26.041666667,19.370833333,15.440416667,15.259583333
1437174661,Cheng,Danny,Houston,TX,77027,1,Internal Medicine,99454,"Remote monitoring of physiologic parameters, initial supply of devices with daily recordings or programmed alerts transmission, each 30 days",O,88,248.0,248,75.0,63.936169355,50.621532258,49.964435484
1437174661,Cheng,Danny,Houston,TX,77027,1,Internal Medicine,99457,"Remote monitoring of physiologic parameters management services, 20 minutes or more of qualified health care professional time per calendar month",O,103,209.0,209,75.0,51.442200957,40.885454545,40.298421053
1437191186,Barber-Owens,Marguerite,Montgomery,AL,36105,1,Internal Medicine,Q3014,Telehealth originating site facility fee,O,36,71.0,71,30.0,25.884366197,12.962957746,12.962957746
1437216090,Arzumanova,Karina,San Francisco,CA,94115,1,Internal Medicine,G2012,"Brief communication technology-based service, e.g. virtual check-in, by a physician or other qualified health care professional who can report evaluation and management services, provided to an established patient, not originating from a related e/m servic",O,60,64.0,64,85.0,15.88,12.55,11.59
1437240256,Agarwal,Ajai,El Paso,TX,79936,1,Family Practice,Q3014,Telehealth originating site facility fee,O,106,198.0,198,45.0,25.947878788,9.8672727273,9.8672727273
1437252392,Rowjee,Zehra,Niles,IL,60714,1,Psychiatry,Q3014,Telehealth originating site facility fee,O,92,126.0,126,51.0,25.781190476,18.001984127,18.001984127
1437311222,Ivanov,Oleg,Casper,WY,82601,1,Cardiology,Q3014,Telehealth originating site facility fee,O,37,38.0,38,36.368421053,25.774210526,18.342105263,18.342105263
1437358702,Masayesva,Brett,Woodruff,WI,54568,10,Family Practice,Q3014,Telehealth originating site facility fee,O,18,23.0,23,40.0,24.611304348,19.608695652,20.745652174
1437404472,Jones,Amy,Concord,NC,28025,1,Licensed Clinical Social Worker,Q3014,Telehealth originating site facility fee,O,15,22.0,22,25.0,24.6,19.6,19.6
1437407301,Warwick,Jayanna,Albuquerque,NM,87112,1,Nurse Practitioner,Q3014,Telehealth originating site facility fee,O,30,162.0,162,80.0,25.791728395,17.486790123,17.486790123
1437495298,Diloreto,Anthony,Pontiac,MI,48341,1,Nurse Practitioner,Q3014,Telehealth originating site facility fee,O,54,200.0,200,25.0,24.5383,17.36685,17.4741
1437587060,Deer,Carrie,Jacksonville,TX,75766,4,Nurse Practitioner,Q3014,Telehealth originating site facility fee,O,53,137.0,137,18.632408759,18.072554745,11.875474453,11.875474453
1437612322,Jean-Gratia,Esther,Blue Ridge,GA,30513,10,"Psychologist, Clinical",Q3014,Telehealth originating site facility fee,O,11,46.0,46,28.0,25.73,20.5,20.5
1437624608,Toussaint,Nelsie,St Louis Park,MN,55416,1,Nurse Practitioner,Q3014,Telehealth originating site facility fee,O,13,102.0,102,50.0,25.73,20.5,20.5
1447206198,Witkin,Ronald,Laconia,NH,3246,4,Internal Medicine,Q3014,Telehealth originating site facility fee,O,18,19.0,19,27.0,25.831052632,15.564210526,15.564210526
1447219316,Fenster,Jeffrey,Palm Beach Gardens,FL,33410,1,Cardiology,G2012,"Brief communication technology-based service, e.g. virtual check-in, by a physician or other qualified health care professional who can report evaluation and management services, provided to an established patient, not originating from a related e/m servic",O,65,83.0,83,30.82,15.39,12.31,11.59
1447227608,Aleman,Ruben,Mcallen,TX,78504,1,Family Practice,99457,"Remote monitoring of physiologic parameters management services, 20 minutes or more of qualified health care professional time per calendar month",O,17,99.0,99,90.0,48.91,39.01,40.4
1447229885,Rao,Gopal,Elk Grove Village,IL,60007,1,Internal Medicine,G2012,"Brief communication technology-based service, e.g. virtual check-in, by a physician or other qualified health care professional who can report evaluation and management services, provided to an established patient, not originating from a related e/m servic",O,20,24.0,24,23.53,14.95,11.81,11.58
1447239520,Jewell,Noel,Low Moor,VA,24457,7,Psychiatry,Q3014,Telehealth originating site facility fee,O,34,45.0,45,30.0,25.73,20.5,20.5
1447257100,Gilli,William,Bakersfield,CA,93312,1,Internal Medicine,G2012,"Brief communication technology-based service, e.g. virtual check-in, by a physician or other qualified health care professional who can report evaluation and management services, provided to an established patient, not originating from a related e/m servic",O,12,12.0,12,20.0,14.34,11.33,11.58
1447276340,Dhama,Bhupesh,New Hyde Park,NY,11042,1,Cardiology,99453,"Remote monitoring of physiologic parameters, initial set-up and patient education on use of equipment",O,19,20.0,20,100.0,23.4,18.644,15.26
1447276340,Dhama,Bhupesh,New Hyde Park,NY,11042,1,Cardiology,99454,"Remote monitoring of physiologic parameters, initial supply of devices with daily recordings or programmed alerts transmission, each 30 days",O,33,96.0,96,100.0,76.44,60.91,50.29
1447276340,Dhama,Bhupesh,New Hyde Park,NY,11042,1,Cardiology,99457,"Remote monitoring of physiologic parameters management services, 20 minutes or more of qualified health care professional time per calendar month",O,31,65.0,65,100.0,58.93,46.96,40.4
1447283874,Sawhney,Vinod,San Leandro,CA,94578,1,Gastroenterology,G2012,"Brief communication technology-based service, e.g. virtual check-in, by a physician or other qualified health care professional who can report evaluation and management services, provided to an established patient, not originating from a related e/m servic",O,107,167.0,167,20.0,16.402335329,12.956766467,11.503353293
1447287925,Moore,Janice,Austin,TX,78730,1,Nurse Practitioner,Q3014,Telehealth originating site facility fee,O,53,153.0,153,26.0,25.609673203,18.940849673,18.940849673
1447297601,Yu,Nelson,Kennewick,WA,99336,1,Pulmonary Disease,99457,"Remote monitoring of physiologic parameters management services, 20 minutes or more of qualified health care professional time per calendar month",O,72,73.0,73,103.2469863,32.37739726,25.313835616,25.630273973
1447301544,Brzezinski,Diane,Naples,FL,34108,1,Internal Medicine,99454,"Remote monitoring of physiologic parameters, initial supply of devices with daily recordings or programmed alerts transmission, each 30 days",O,25,54.0,54,75.0,64.83,51.79,50.29
1447301544,Brzezinski,Diane,Naples,FL,34108,1,Internal Medicine,99457,"Remote monitoring of physiologic parameters management services, 20 minutes or more of qualified health care professional time per calendar month",O,27,60.0,60,60.0,52.72,42.12,40.41
1447318357,Ford,Sandra,Birmingham,AL,35211,1,Internal Medicine,99454,"Remote monitoring of physiologic parameters, initial supply of devices with daily recordings or programmed alerts transmission, each 30 days",O,17,60.0,60,130.0,56.327833333,42.984166667,48.422833333
1447318357,Ford,Sandra,Birmingham,AL,35211,1,Internal Medicine,99457,"Remote monitoring of physiologic parameters management services, 20 minutes or more of qualified health care professional time per calendar month",O,17,60.0,60,105.0,47.197,35.7485,38.5675
1447320650,Cotter,Melody,Fredericksburg,VA,22401,1.1,Nurse Practitioner,Q3014,Telehealth originating site facility fee,O,22,27.0,27,25.425925926,25.048888889,18.448148148,18.448148148
1447346739,Heirigs,Ricky,North Platte,NE,69101,4,Cardiology,Q3014,Telehealth originating site facility fee,O,14,15.0,15,44.133333333,25.73,20.5,20.5
1447371505,Lee,Natalie,Greenbrae,CA,94904,1,Gastroenterology,G2012,"Brief communication technology-based service, e.g. virtual check-in, by a physician or other qualified health care professional who can report evaluation and management services, provided to an established patient, not originating from a related e/m servic",O,13,14.0,14,100.0,16.29,13.0,11.58
1447416672,Hidalgo,Priscilla,Raleigh,NC,27606,1,Psychiatry,Q3014,Telehealth originating site facility fee,O,85,257.0,257,25.0,24.63,18.129338521,18.129338521
1447480934,Plum,Rachel,Traverse City,MI,49684,4,Psychiatry,Q3014,Telehealth originating site facility fee,O,88,140.0,140,55.0,25.805785714,16.803714286,16.803714286
1447579172,Laughlin,Rebecca,St Petersburg,FL,33710,1,Nurse Practitioner,99091,"Collection and interpretation of physical parameters stored in computers and/or transmitted by the patient and/or caregiver to qualified health care professional, requiring 30 minutes or more, per 30 days",O,98,99.0,99,88.0,49.452828283,39.101010101,38.507070707
1447579172,Laughlin,Rebecca,St Petersburg,FL,33710,1,Nurse Practitioner,99454,"Remote monitoring of physiologic parameters, initial supply of devices with daily recordings or programmed alerts transmission, each 30 days",O,26,28.0,28,92.0,51.75,41.34,42.74
1447580816,Stegall,Sharon,The Colony,TX,75056,1,Nurse Practitioner,Q3014,Telehealth originating site facility fee,O,294,651.0,651,30.0,25.814470046,16.377419355,16.377419355
1447787551,Adelokiki,Funmilola,Houston,TX,77027,1,Nurse Practitioner,Q3014,Telehealth originating site facility fee,O,15,18.0,18,19.49,19.248888889,11.863333333,11.863333333
1457309023,Duchin,Louis,Richmond,VA,23229,1,Psychiatry,Q3014,Telehealth originating site facility fee,O,14,28.0,28,50.0,25.76,19.035714286,19.035714286
1457319337,Martino,Anthony,Melrose Park,IL,60160,1,Internal Medicine,99453,"Remote monitoring of physiologic parameters, initial set-up and patient education on use of equipment",O,129,165.0,164,20.153454545,16.181212121,12.611939394,12.058363636
1457319337,Martino,Anthony,Melrose Park,IL,60160,1,Internal Medicine,99454,"Remote monitoring of physiologic parameters, initial supply of devices with daily recordings or programmed alerts transmission, each 30 days",O,60,113.0,112,133.3,65.87,52.54,50.349734513
1457319337,Martino,Anthony,Melrose Park,IL,60160,1,Internal Medicine,99457,"Remote monitoring of physiologic parameters management services, 20 minutes or more of qualified health care professional time per calendar month",O,62,129.0,128,108.0,53.37,42.57,40.450465116
1457324089,Kamat,Suraj,Alice,TX,78332,4,Cardiology,Q3014,Telehealth originating site facility fee,O,100,110.0,110,35.0,25.73,20.5,20.5
1457327587,Vaughters,Ray,Aiken,SC,29801,1,Endocrinology,G2012,"Brief communication technology-based service, e.g. virtual check-in, by a physician or other qualified health care professional who can report evaluation and management services, provided to an established patient, not originating from a related e/m servic",O,16,19.0,19,28.0,13.998421053,6.4784210526,7.0257894737
1457344004,Bates,Artie,Hazard,KY,41701,7,Psychiatry,Q3014,Telehealth originating site facility fee,F,46,94.0,94,35.0,25.767340426,18.684042553,18.684042553
1457369720,Stinson,Darryl,Mission,TX,78572,1,Family Practice,99091,"Collection and interpretation of physical parameters stored in computers and/or transmitted by the patient and/or caregiver to qualified health care professional, requiring 30 minutes or more, per 30 days",O,43,274.0,274,59.0,56.42,45.05,45.78
1457376006,Salartash,Khashayar,Egg Harbor Township,NJ,8234,1,Vascular Surgery,99453,"Remote monitoring of physiologic parameters, initial set-up and patient education on use of equipment",O,17,17.0,17,75.0,21.46,17.1,15.26
1457376006,Salartash,Khashayar,Egg Harbor Township,NJ,8234,1,Vascular Surgery,99454,"Remote monitoring of physiologic parameters, initial supply of devices with daily recordings or programmed alerts transmission, each 30 days",O,11,45.0,45,120.0,70.9,56.51,50.29
1457376006,Salartash,Khashayar,Egg Harbor Township,NJ,8234,1,Vascular Surgery,99457,"Remote monitoring of physiologic parameters management services, 20 minutes or more of qualified health care professional time per calendar month",O,16,53.0,53,120.0,54.6,43.51,40.4
1457463606,Arias,Joseph,Wisc Rapids,WI,54494,4,Family Practice,Q3014,Telehealth originating site facility fee,O,175,309.0,309,40.0,25.790938511,17.525954693,17.525954693
1457493611,Mccune,Mathew,Fort Walton Beach,FL,32547,1,Anesthesiology,99453,"Remote monitoring of physiologic parameters, initial set-up and patient education on use of equipment",O,50,50.0,50,56.0028,18.2596,14.1382,14.8502
1457493611,Mccune,Mathew,Fort Walton Beach,FL,32547,1,Anesthesiology,99454,"Remote monitoring of physiologic parameters, initial supply of devices with daily recordings or programmed alerts transmission, each 30 days",O,75,307.0,307,183.85934853,60.056384365,47.901661238,50.371954397
1457493611,Mccune,Mathew,Fort Walton Beach,FL,32547,1,Anesthesiology,99457,"Remote monitoring of physiologic parameters management services, 20 minutes or more of qualified health care professional time per calendar month",O,77,312.0,312,152.04230769,49.748301282,39.677147436,40.464807692
1457503534,Nickie-Hull,Tiffany,Massillon,OH,44646,1,"Psychologist, Clinical",Q3014,Telehealth originating site facility fee,O,207,1407.0,1407,30.281449893,25.757420043,19.162018479,19.162018479
1457578999,Sampson,Elizabeth,Marathon,FL,33050,7,Nurse Practitioner,Q3014,Telehealth originating site facility fee,O,84,238.0,238,50.0,25.739831933,20.019705882,20.019705882
1457625568,Mortara,Jeanette,Foley,AL,36535,4,Nurse Practitioner,Q3014,Telehealth originating site facility fee,O,35,85.0,85,50.0,25.887647059,12.810588235,12.810588235
1457791949,Ausubel,Jonathan,Brooklyn,NY,11238,1,"Psychologist, Clinical",Q3014,Telehealth originating site facility fee,O,37,158.0,158,300.0,25.73,20.5,20.5
1457792533,Strand,Stephanie,Hazard,KY,41701,7,Certified Clinical Nurse Specialist,Q3014,Telehealth originating site facility fee,F,72,186.0,186,35.0,25.790322581,17.557204301,17.557204301
1457851271,Barnett,Emily,Rochester,MN,55904,1,Nurse Practitioner,Q3014,Telehealth originating site facility fee,O,24,47.0,47,30.0,25.756808511,19.191489362,19.191489362
1457895658,Zellmer,Laura,Milwaukee,WI,53207,1,Family Practice,Q3014,Telehealth originating site facility fee,O,18,44.0,44,20.0,19.709090909,14.254545455,14.254545455
1467401042,Prabaker,Venu,La Mesa,CA,91941,1,Internal Medicine,99453,"Remote monitoring of physiologic parameters, initial set-up and patient education on use of equipment",O,68,73.0,73,75.0,21.18,16.88,15.26
1467401042,Prabaker,Venu,La Mesa,CA,91941,1,Internal Medicine,99454,"Remote monitoring of physiologic parameters, initial supply of devices with daily recordings or programmed alerts transmission, each 30 days",O,42,170.0,170,100.0,70.25,55.97,50.29
1467401042,Prabaker,Venu,La Mesa,CA,91941,1,Internal Medicine,99457,"Remote monitoring of physiologic parameters management services, 20 minutes or more of qualified health care professional time per calendar month",O,56,295.0,295,100.0,53.81,42.87,40.4
1467414771,Southeast Kansas Mental Health Center,,Humboldt,KS,66748,10.3,Clinic or Group Practice,Q3014,Telehealth originating site facility fee,O,82,123.0,123,20.0,19.684471545,15.462439024,15.462439024
1467442285,Albizem,Haytham,Philadelphia,PA,19139,1,Interventional Cardiology,99453,"Remote monitoring of physiologic parameters, initial set-up and patient education on use of equipment",O,68,72.0,72,45.416666667,20.731388889,13.49625,12.504722222
1467442285,Albizem,Haytham,Philadelphia,PA,19139,1,Interventional Cardiology,99454,"Remote monitoring of physiologic parameters, initial supply of devices with daily recordings or programmed alerts transmission, each 30 days",O,69,369.0,369,119.67479675,67.945826558,52.344823848,48.597479675
1467442285,Albizem,Haytham,Philadelphia,PA,19139,1,Interventional Cardiology,99457,"Remote monitoring of physiologic parameters management services, 20 minutes or more of qualified health care professional time per calendar month",O,65,367.0,367,100.0,53.795640327,42.079700272,39.669782016
1467472480,Hewett,Michael,Yellow Springs,OH,45387,2,"Psychologist, Clinical",Q3014,Telehealth originating site facility fee,O,26,36.0,36,52.0,25.73,20.5,20.5
1467478727,Dhawan,Rajnish,Chesapeake,VA,23320,1,Pulmonary Disease,99091,"Collection and interpretation of physical parameters stored in computers and/or transmitted by the patient and/or caregiver to qualified health care professional, requiring 30 minutes or more, per 30 days",O,19,20.0,20,200.0,57.85,46.27,45.927
1467489492,Caillouette,James,Newport Beach,CA,92660,1,Orthopedic Surgery,99091,"Collection and interpretation of physical parameters stored in computers and/or transmitted by the patient and/or caregiver to qualified health care professional, requiring 30 minutes or more, per 30 days",O,79,99.0,99,170.0,61.6,49.14,45.78
1467489492,Caillouette,James,Newport Beach,CA,92660,1,Orthopedic Surgery,99453,"Remote monitoring of physiologic parameters, initial set-up and patient education on use of equipment",O,17,17.0,17,60.0,22.47,17.92,15.25
1467496687,Depace,Nicholas,Sewell,NJ,8080,1,Cardiology,99453,"Remote monitoring of physiologic parameters, initial set-up and patient education on use of equipment",O,14,14.0,14,55.0,21.71,17.35,15.26
1467496687,Depace,Nicholas,Sewell,NJ,8080,1,Cardiology,99454,"Remote monitoring of physiologic parameters, initial supply of devices with daily recordings or programmed alerts transmission, each 30 days",O,14,22.0,22,175.0,71.69,57.3,50.29
1467496687,Depace,Nicholas,Sewell,NJ,8080,1,Cardiology,99457,"Remote monitoring of physiologic parameters management services, 20 minutes or more of qualified health care professional time per calendar month",O,14,22.0,22,125.0,55.21,44.12,40.4
1467502286,Tilley,Charles,Winnebago,NE,68071,3,Physician Assistant,Q3014,Telehealth originating site facility fee,O,35,91.0,91,30.0,25.74967033,19.538571429,19.538571429
1467506915,Hasan,Fawzia,Wilmington,DE,19801,1,Psychiatry,Q3014,Telehealth originating site facility fee,O,16,17.0,17,50.0,25.73,20.5,20.5
1467530659,Hopfensperger,Kathryn,Cheyenne,WY,82001,1,Psychiatry,Q3014,Telehealth originating site facility fee,O,75,143.0,143,33.0,25.771118881,18.494405594,18.494405594
1467553180,Goldizen,Cristina,Petersburg,WV,26847,7,Psychiatry,Q3014,Telehealth originating site facility fee,O,48,86.0,86,26.07,25.686976744,18.645116279,18.645116279
1467553198,Little,Karley,Baytown,TX,77520,1,Psychiatry,Q3014,Telehealth originating site facility fee,O,23,33.0,33,30.91030303,25.768181818,18.636363636,18.636363636
1467600809,Patel,Devang,Plainfield,IL,60544,1,Family Practice,99453,"Remote monitoring of physiologic parameters, initial set-up and patient education on use of equipment",O,11,11.0,11,50.0,20.306363636,16.175454545,15.251818182
1467600809,Patel,Devang,Plainfield,IL,60544,1,Family Practice,99454,"Remote monitoring of physiologic parameters, initial supply of devices with daily recordings or programmed alerts transmission, each 30 days",O,11,53.0,53,140.0,66.65,53.1,51.297358491
1467615823,Manessis,Anastasios,New York,NY,10011,1,Endocrinology,99454,"Remote monitoring of physiologic parameters, initial supply of devices with daily recordings or programmed alerts transmission, each 30 days",O,26,26.0,26,148.84615385,77.18,61.72,50.29
1467615823,Manessis,Anastasios,New York,NY,10011,1,Endocrinology,99457,"Remote monitoring of physiologic parameters management services, 20 minutes or more of qualified health care professional time per calendar month",O,205,375.0,375,149.70666667,59.40808,47.509973333,40.463146667
1467615823,Manessis,Anastasios,New York,NY,10011,1,Endocrinology,G2012,"Brief communication technology-based service, e.g. virtual check-in, by a physician or other qualified health care professional who can report evaluation and management services, provided to an established patient, not originating from a related e/m servic",O,25,26.0,26,50.0,16.759615385,7.6726923077,6.6815384615
1467665703,Breuer,Tuvia,Glen Oaks,NY,11004,1,Psychiatry,Q3014,Telehealth originating site facility fee,O,62,132.0,132,23.0,22.688484848,15.180530303,15.180530303
1467696591,Abdel-Reheim,Deana,Lufkin,TX,75901,4,Psychiatry,Q3014,Telehealth originating site facility fee,O,27,34.0,34,34.821176471,25.742352941,19.897058824,19.897058824
1467731505,Shamiya,Mohamed,Las Vegas,NV,89117,1,Internal Medicine,99454,"Remote monitoring of physiologic parameters, initial supply of devices with daily recordings or programmed alerts transmission, each 30 days",O,16,16.0,16,163.0,64.18,51.14,50.29
1467783159,Kozee,Holly,Dayton,OH,45433,1,"Psychologist, Clinical",Q3014,Telehealth originating site facility fee,O,14,62.0,62,31.064516129,25.736774194,20.169354839,20.169354839
1467815266,Weddingfeld,Megan,Grand Forks,ND,58201,1,Nurse Practitioner,Q3014,Telehealth originating site facility fee,O,11,18.0,18,51.0,24.517777778,18.416111111,19.671111111
1477009918,Yousefi,Melanie,Apple Valley,MN,55124,1,Nurse Practitioner,Q3014,Telehealth originating site facility fee,O,133,517.0,517,36.0,25.80040619,17.062727273,17.062727273
1477065639,Carnes,Stephanie,Fremont,CA,94538,1,Physician Assistant,G2010,"Remote evaluation of recorded video and/or images submitted by an established patient (e.g., store and forward), including interpretation with follow-up with the patient within 24 business hours, not originating from a related e/m service provided within t",O,20,20.0,20,30.0,12.35,9.84,8.4815
1477065639,Carnes,Stephanie,Fremont,CA,94538,1,Physician Assistant,G2012,"Brief communication technology-based service, e.g. virtual check-in, by a physician or other qualified health care professional who can report evaluation and management services, provided to an established patient, not originating from a related e/m servic",F,38,39.0,39,50.0,12.35,9.84,8.9046153846
1477065639,Carnes,Stephanie,Fremont,CA,94538,1,Physician Assistant,G2012,"Brief communication technology-based service, e.g. virtual check-in, by a physician or other qualified health care professional who can report evaluation and management services, provided to an established patient, not originating from a related e/m servic",O,65,66.0,66,50.0,13.94,11.11,9.85
1477101467,Dennis,Mary,Neptune City,NJ,7753,1,Nurse Practitioner,99091,"Collection and interpretation of physical parameters stored in computers and/or transmitted by the patient and/or caregiver to qualified health care professional, requiring 30 minutes or more, per 30 days",O,53,64.0,64,149.0,51.16,40.76,38.9
1477514974,Alexander,Cynthia,Weston,FL,33331,1,"Psychologist, Clinical",Q3014,Telehealth originating site facility fee,O,96,830.0,830,31.484337349,25.739108434,20.055421687,20.055421687
1477524197,Vasquez,Tony,Redding,CA,96001,1,Nuclear Medicine,Q3014,Telehealth originating site facility fee,O,20,28.0,28,53.0,25.79,17.571428571,17.571428571
1477525384,Hernandez,Maximiliano,Pharr,TX,78577,1,Internal Medicine,99457,"Remote monitoring of physiologic parameters management services, 20 minutes or more of qualified health care professional time per calendar month",O,18,123.0,123,90.0,49.4,39.5,40.4
1477533610,Lateef,Maryam,Phoenix,AZ,85041,1,Nurse Practitioner,Q3014,Telehealth originating site facility fee,O,37,46.0,46,24.83,24.506086957,15.753913043,15.753913043
1477538619,Springer,Steve,Lake Charles,LA,70601,1,Family Practice,99453,"Remote monitoring of physiologic parameters, initial set-up and patient education on use of equipment",O,135,136.0,136,58.0,17.12,13.65,15.248161765
1477538619,Springer,Steve,Lake Charles,LA,70601,1,Family Practice,99454,"Remote monitoring of physiologic parameters, initial supply of devices with daily recordings or programmed alerts transmission, each 30 days",O,134,537.0,537,188.0,56.19,44.79,50.259273743
1477538619,Springer,Steve,Lake Charles,LA,70601,1,Family Practice,99457,"Remote monitoring of physiologic parameters management services, 20 minutes or more of qualified health care professional time per calendar month",O,134,537.0,537,161.0,47.94,38.21,40.387765363
1477544153,Rose,Charles,Bloomington,IN,47403,1,Internal Medicine,G2012,"Brief communication technology-based service, e.g. virtual check-in, by a physician or other qualified health care professional who can report evaluation and management services, provided to an established patient, not originating from a related e/m servic",O,11,12.0,12,25.0,13.81,11.03,11.59
1477554285,Bohan,Amy,Gilbert,AZ,85234,1,Pulmonary Disease,99091,"Collection and interpretation of physical parameters stored in computers and/or transmitted by the patient and/or caregiver to qualified health care professional, requiring 30 minutes or more, per 30 days",O,14,17.0,17,110.0,57.019411765,42.814117647,43.129411765
1477561660,Vrbicky,Keith,Norfolk,NE,68701,4,Obstetrics & Gynecology,Q3014,Telehealth originating site facility fee,O,19,19.0,19,28.0,25.800526316,17.063684211,17.063684211
1477569630,Singh,Randip,Bellevue,WA,98004,1,Sleep Medicine,99091,"Collection and interpretation of physical parameters stored in computers and/or transmitted by the patient and/or caregiver to qualified health care professional, requiring 30 minutes or more, per 30 days",O,29,32.0,32,152.0625,61.2696875,46.4840625,43.4434375
1477584266,Bratvold,Lisa,Hayward,WI,54843,10,Nurse Practitioner,Q3014,Telehealth originating site facility fee,O,26,38.0,38,40.0,25.396842105,17.815526316,18.203684211
1477645224,Morris,James,Richmond,VA,23236,1,"Psychologist, Clinical",Q3014,Telehealth originating site facility fee,O,34,73.0,73,50.0,25.834794521,15.384657534,15.384657534
1477677615,County Of Sheboygan,,Sheboygan,WI,53081,1,Clinic or Group Practice,Q3014,Telehealth originating site facility fee,O,41,49.0,49,50.0,25.738571429,20.081632653,20.081632653
1477720530,Hess,Jacqueline,Phoenix,AZ,85004,1,Nurse Practitioner,Q3014,Telehealth originating site facility fee,O,51,70.0,70,25.76,25.356,19.904571429,19.904571429
1477804466,Robinson,Lakeesha,Milwaukee,WI,53216,1,Nurse Practitioner,Q3014,Telehealth originating site facility fee,O,14,96.0,96,30.0,25.777291667,18.19625,18.19625
1477827087,Rana,Dipesh,Garland,TX,75044,1,Physician Assistant,99453,"Remote monitoring of physiologic parameters, initial set-up and patient education on use of equipment",O,56,56.0,56,25.0,16.42,13.08,12.97
1477827087,Rana,Dipesh,Garland,TX,75044,1,Physician Assistant,99454,"Remote monitoring of physiologic parameters, initial supply of devices with daily recordings or programmed alerts transmission, each 30 days",O,58,98.0,98,75.0,54.34,43.3,42.75
1477827087,Rana,Dipesh,Garland,TX,75044,1,Physician Assistant,99457,"Remote monitoring of physiologic parameters management services, 20 minutes or more of qualified health care professional time per calendar month",O,58,98.0,98,58.0,43.37,34.55,34.33
1477896397,Graves,Jill,Kennewick,WA,99336,1,Nurse Practitioner,Q3014,Telehealth originating site facility fee,O,35,51.0,51,50.0,25.73,20.5,20.5
1477964526,Tollemache,Julie,Austin,TX,78731,1,Geriatric Psychiatry,Q3014,Telehealth originating site facility fee,O,28,31.0,31,32.335483871,25.765806452,18.512258065,18.512258065
1477981108,Adams,Victoria,Brooklyn,NY,11232,1,Nurse Practitioner,99453,"Remote monitoring of physiologic parameters, initial set-up and patient education on use of equipment",F,61,63.0,63,45.691904762,19.241269841,15.134285714,12.764126984
1477981108,Adams,Victoria,Brooklyn,NY,11232,1,Nurse Practitioner,99457,"Remote monitoring of physiologic parameters management services, 20 minutes or more of qualified health care professional time per calendar month",F,46,47.0,47,69.760851064,30.189787234,23.455531915,21.004255319
1487001434,Chuman,Brandon,Los Angeles,CA,90064,1,"Psychologist, Clinical",Q3014,Telehealth originating site facility fee,O,36,89.0,89,28.0,25.73,20.5,20.5
1487014296,Fuchs,Christina,Medford,WI,54451,7,Nurse Practitioner,Q3014,Telehealth originating site facility fee,O,17,38.0,38,75.0,25.73,20.5,20.5
1487094140,Crider,Hadia,Columbia,MO,65203,1,Psychiatry,Q3014,Telehealth originating site facility fee,O,12,12.0,12,50.333333333,25.8,17.083333333,17.083333333
1487176053,Hussain,Zahra,Leesburg,VA,20176,1,Nurse Practitioner,Q3014,Telehealth originating site facility fee,O,187,979.0,979,31.302349336,25.74566905,19.737068437,19.737068437
1487184446,Yates,Bryce,Shelby,NC,28150,4,Nurse Practitioner,Q3014,Telehealth originating site facility fee,O,248,838.0,838,28.0,25.73,20.5,20.5
1487619193,Tayal,Neeraj,Columbus,OH,43221,1,Internal Medicine,G2012,"Brief communication technology-based service, e.g. virtual check-in, by a physician or other qualified health care professional who can report evaluation and management services, provided to an established patient, not originating from a related e/m servic",O,82,124.0,124,50.0,14.14483871,10.533548387,10.868709677
1487634192,Froelich,Mary,Reidsville,NC,27320,4,Psychiatry,Q3014,Telehealth originating site facility fee,O,45,60.0,60,25.0,24.678666667,15.744833333,15.744833333
1487642559,Young,Lisa,Lincoln,NE,68502,1,Nurse Practitioner,Q3014,Telehealth originating site facility fee,O,40,122.0,122,24.1,23.758852459,16.524590164,16.524590164
1487645685,Paige,Kenneth,Sun Lakes,AZ,85248,1,Family Practice,99453,"Remote monitoring of physiologic parameters, initial set-up and patient education on use of equipment",O,26,26.0,26,25.0,18.55,14.78,15.26
1487645685,Paige,Kenneth,Sun Lakes,AZ,85248,1,Family Practice,99454,"Remote monitoring of physiologic parameters, initial supply of devices with daily recordings or programmed alerts transmission, each 30 days",O,28,133.0,133,70.0,61.24,48.79,50.29
1487645685,Paige,Kenneth,Sun Lakes,AZ,85248,1,Family Practice,99457,"Remote monitoring of physiologic parameters management services, 20 minutes or more of qualified health care professional time per calendar month",O,28,142.0,142,55.0,49.67,39.57,40.4
1487646485,Burris,Allen,Midlothian,VA,23114,1,Endocrinology,99453,"Remote monitoring of physiologic parameters, initial set-up and patient education on use of equipment",O,13,13.0,13,20.0,19.11,15.28,15.26
1487712212,Larned,David,Lufkin,TX,75901,4,Psychiatry,Q3014,Telehealth originating site facility fee,O,123,335.0,335,45.0,25.804925373,16.845134328,16.845134328
1487731758,Boyarsky,Beth,Georgetown,TX,78626,1,Psychiatry,Q3014,Telehealth originating site facility fee,O,15,29.0,29,26.0,25.58,20.38,20.38
1487739579,Pavelock,Richard,Statesville,NC,28625,1,Internal Medicine,Q3014,Telehealth originating site facility fee,O,383,1876.0,1876,25.980277186,25.621812367,16.786273987,16.798928571
1487740965,Hwang,Inku,Wenatchee,WA,98801,1,Gastroenterology,Q3014,Telehealth originating site facility fee,O,16,17.0,17,53.0,25.804117647,16.882352941,16.882352941
1487743787,May,Lawrence,Tarzana,CA,91356,1,Internal Medicine,99453,"Remote monitoring of physiologic parameters, initial set-up and patient education on use of equipment",O,43,44.0,44,68.0,22.413409091,15.671363636,13.393409091
1487743787,May,Lawrence,Tarzana,CA,91356,1,Internal Medicine,99454,"Remote monitoring of physiologic parameters, initial supply of devices with daily recordings or programmed alerts transmission, each 30 days",O,45,292.0,292,225.0,74.139828767,58.083047945,49.443047945
1487743787,May,Lawrence,Tarzana,CA,91356,1,Internal Medicine,99457,"Remote monitoring of physiologic parameters management services, 20 minutes or more of qualified health care professional time per calendar month",O,27,99.0,99,171.0,56.225151515,42.037878788,37.951515152
1487748661,Osuagwu,Chukwuma,Garland,TX,75041,1,Internal Medicine,99453,"Remote monitoring of physiologic parameters, initial set-up and patient education on use of equipment",O,20,21.0,21,40.0,19.413809524,13.987619048,13.825714286
1487748661,Osuagwu,Chukwuma,Garland,TX,75041,1,Internal Medicine,99454,"Remote monitoring of physiologic parameters, initial supply of devices with daily recordings or programmed alerts transmission, each 30 days",O,16,29.0,29,80.0,64.154827586,50.237241379,49.440344828
1487748661,Osuagwu,Chukwuma,Garland,TX,75041,1,Internal Medicine,99457,"Remote monitoring of physiologic parameters management services, 20 minutes or more of qualified health care professional time per calendar month",O,13,17.0,17,70.0,51.2,40.83,40.450588235
1487803151,Maixner,Roberta,Peoria,AZ,85345,1,Nurse Practitioner,Q3014,Telehealth originating site facility fee,O,22,39.0,39,25.76,25.35,20.2,20.2
1487854865,Scarfe,Jessica,Salem,VA,24153,1,Pain Management,99453,"Remote monitoring of physiologic parameters, initial set-up and patient education on use of equipment",O,17,17.0,17,56.01,18.37,14.64,15.26
1487854865,Scarfe,Jessica,Salem,VA,24153,1,Pain Management,99454,"Remote monitoring of physiologic parameters, initial supply of devices with daily recordings or programmed alerts transmission, each 30 days",O,20,20.0,20,183.66,60.289,45.6,47.919
1487854865,Scarfe,Jessica,Salem,VA,24153,1,Pain Management,99457,"Remote monitoring of physiologic parameters management services, 20 minutes or more of qualified health care professional time per calendar month",O,28,28.0,28,152.1,49.898214286,39.337142857,39.9875
1487855870,Richardson,Geri,Lawrenceville,GA,30046,1,Psychiatry,Q3014,Telehealth originating site facility fee,O,22,47.0,47,50.0,23.008297872,18.445957447,21.209787234
1487891123,O'horo-Nash,Sarah,Wilmington,NC,28405,1,Licensed Clinical Social Worker,Q3014,Telehealth originating site facility fee,O,13,38.0,38,28.0,25.73,20.5,20.5
1487908380,Rock,Lisa,Marshalltown,IA,50158,4,Nurse Practitioner,Q3014,Telehealth originating site facility fee,O,20,22.0,22,20.0,19.709090909,14.254545455,14.254545455
1487997516,Tom,Michael,Honolulu,HI,96813,1,Internal Medicine,G2012,"Brief communication technology-based service, e.g. virtual check-in, by a physician or other qualified health care professional who can report evaluation and management services, provided to an established patient, not originating from a related e/m servic",O,12,12.0,12,33.416666667,15.22,12.17,11.875
1497050587,Gold,Eleanor,Yonkers,NY,10701,1,Psychiatry,Q3014,Telehealth originating site facility fee,O,52,190.0,190,24.0,23.659736842,16.849473684,16.849526316
1497072425,Li,Andrea,Hyannis,MA,2601,1,Emergency Medicine,99453,"Remote monitoring of physiologic parameters, initial set-up and patient education on use of equipment",F,51,51.0,51,47.113529412,22.233529412,17.751372549,15.26
1497072425,Li,Andrea,Hyannis,MA,2601,1,Emergency Medicine,99457,"Remote monitoring of physiologic parameters management services, 20 minutes or more of qualified health care professional time per calendar month",F,48,48.0,48,72.9125,35.1925,28.095,25.43
1497166870,Manke,Rachelle,Greenfield,WI,53221,1,Nurse Practitioner,Q3014,Telehealth originating site facility fee,O,66,142.0,142,30.0,25.747746479,19.633802817,19.633802817
1497239487,Fields,Ladina,Logan,WV,25601,2,Nurse Practitioner,Q3014,Telehealth originating site facility fee,O,13,16.0,16,33.0,25.73,20.5,20.5
1497254791,Alston,Carmen,Fort Walton Beach,FL,32547,1,Nurse Practitioner,99453,"Remote monitoring of physiologic parameters, initial set-up and patient education on use of equipment",O,28,28.0,28,56.008571429,15.628928571,12.005357143,12.54
1497254791,Alston,Carmen,Fort Walton Beach,FL,32547,1,Nurse Practitioner,99454,"Remote monitoring of physiologic parameters, initial supply of devices with daily recordings or programmed alerts transmission, each 30 days",O,26,98.0,98,183.8855102,51.219387755,40.336632653,42.276836735
1497254791,Alston,Carmen,Fort Walton Beach,FL,32547,1,Nurse Practitioner,99457,"Remote monitoring of physiologic parameters management services, 20 minutes or more of qualified health care professional time per calendar month",O,26,98.0,98,152.03367347,42.41,33.79,34.34
1497716476,Wright,Stacey,Garden City,ID,83714,1,Nurse Practitioner,Q3014,Telehealth originating site facility fee,O,39,86.0,86,56.236976744,25.734883721,20.261627907,20.261627907
1497727309,Swerdlow,Charles,Beverly Hills,CA,90210,1,Clinical Cardiac Electrophysiology,99091,"Collection and interpretation of physical parameters stored in computers and/or transmitted by the patient and/or caregiver to qualified health care professional, requiring 30 minutes or more, per 30 days",O,52,289.0,289,126.0,61.865813149,47.862491349,44.343044983
1497727309,Swerdlow,Charles,Beverly Hills,CA,90210,1,Clinical Cardiac Electrophysiology,99453,"Remote monitoring of physiologic parameters, initial set-up and patient education on use of equipment",O,18,18.0,18,46.0,22.6,18.05,15.25
1497772164,Budhiraja,Rohit,Boston,MA,2111,1,Pulmonary Disease,99091,"Collection and interpretation of physical parameters stored in computers and/or transmitted by the patient and/or caregiver to qualified health care professional, requiring 30 minutes or more, per 30 days",O,15,27.0,27,228.51851852,61.75,49.2,45.77
1497792402,Wicks,Allan,Casper,WY,82601,1,Cardiology,Q3014,Telehealth originating site facility fee,O,44,44.0,44,36.045454545,25.768181818,18.636363636,18.636363636
1497802516,Witherspoon,Consuela,Dallas,TX,75235,1,Nurse Practitioner,Q3014,Telehealth originating site facility fee,O,45,65.0,65,25.093538462,24.766769231,16.018461538,16.018461538
1497866024,Vohra,Manjit,Winter Haven,FL,33881,1,Psychiatry,Q3014,Telehealth originating site facility fee,O,80,108.0,108,25.0,24.603703704,19.418518519,19.418518519
1497898837,Butera,Ann-Marie,Hollywood,MD,20636,2,Nurse Practitioner,Q3014,Telehealth originating site facility fee,O,13,30.0,30,25.994,25.605333333,19.033333333,19.033333333
1497905269,Rosman,Jonathan,Boca Raton,FL,33432,1,Clinical Cardiac Electrophysiology,99457,"Remote monitoring of physiologic parameters management services, 20 minutes or more of qualified health care professional time per calendar month",O,76,114.0,114,64.0,52.58,41.98,40.41
1497968101,Penne,Jennifer,Springdale,AR,72762,1,Nurse Practitioner,Q3014,Telehealth originating site facility fee,O,16,59.0,59,57.966101695,25.758813559,19.09440678,19.09440678
1497969323,Shamim,Afroz,Tyler,TX,75701,1,Psychiatry,Q3014,Telehealth originating site facility fee,O,25,26.0,26,90.0,25.891538462,12.615384615,12.615384615
1508005455,Bennett,April,Chapin,SC,29036,1,"Psychologist, Clinical",Q3014,Telehealth originating site facility fee,O,31,170.0,170,28.0,25.737411765,20.138235294,20.138235294
1508040304,Lee,Richard,Newport Beach,CA,92660,1,Orthopedic Surgery,99091,"Collection and interpretation of physical parameters stored in computers and/or transmitted by the patient and/or caregiver to qualified health care professional, requiring 30 minutes or more, per 30 days",O,15,19.0,19,170.0,61.6,49.14,45.78
1508082652,Young,Patrick,Dallas,TX,75235,1,Psychiatry,Q3014,Telehealth originating site facility fee,O,92,386.0,386,151.06,25.787694301,17.683860104,17.683860104
1508177007,Ernst,Richard,Washington,DC,20307,,Psychiatry,Q3014,Telehealth originating site facility fee,O,206,458.0,458,32.0,25.757379913,19.163930131,19.163930131
1508205451,Holbrook,Mary,Saginaw,MI,48602,1,Nurse Practitioner,Q3014,Telehealth originating site facility fee,O,37,145.0,145,43.0,25.778758621,18.11662069,18.11662069
1508241779,Licuanan,Brian,Irvine,CA,92620,1,"Psychologist, Clinical",Q3014,Telehealth originating site facility fee,O,13,61.0,61,196.0,25.73,20.5,20.5
1508269119,Benbow,Beautine,Philadelphia,PA,19136,1,Nurse Practitioner,Q3014,Telehealth originating site facility fee,O,55,86.0,86,35.0,25.765813953,18.75,18.75
1508831819,Holland,Mikel,Pierre,SD,57501,4,Family Practice,Q3014,Telehealth originating site facility fee,O,38,56.0,56,35.964285714,25.42375,17.672142857,18.03625
1508833039,Arbona,Jose,Port St Lucie,FL,34952,1,Neurology,Q3014,Telehealth originating site facility fee,O,147,196.0,196,27.260204082,25.740714286,19.977040816,19.977040816
1508856485,Coots,Michael,Paoli,IN,47454,7,"Psychologist, Clinical",Q3014,Telehealth originating site facility fee,O,12,13.0,13,45.0,25.956153846,9.4615384615,9.4615384615
1508877242,Sattur,Sudhakar,Sayre,PA,18840,4,Cardiology,99457,"Remote monitoring of physiologic parameters management services, 20 minutes or more of qualified health care professional time per calendar month",O,11,57.0,57,109.0,49.72,39.76,40.4
1508884172,Larson,Jon,Detroit Lakes,MN,56501,7,Family Practice,Q3014,Telehealth originating site facility fee,O,15,28.0,28,50.0,25.770357143,18.535,18.535
1508939794,Sami,Mohammad,Galesburg,IL,61401,4,Psychiatry,Q3014,Telehealth originating site facility fee,O,136,583.0,583,25.755060034,25.381286449,18.201423671,18.201423671
1508958018,Joye,David,Albemarle,NC,28001,4,Psychiatry,Q3014,Telehealth originating site facility fee,O,71,208.0,208,25.0,24.647451923,17.268990385,17.268990385
1508967019,Sarvananda,Sharmalie,Sandusky,MI,48471,7,Psychiatry,Q3014,Telehealth originating site facility fee,O,75,328.0,328,211.7295122,25.772591463,18.420884146,18.420884146
1518014505,Bieber,Gail,Concord,NC,28025,1,Licensed Clinical Social Worker,Q3014,Telehealth originating site facility fee,O,12,42.0,42,28.0,25.73,20.5,20.5
1518044585,Osinowo,Thomas,Monroe,MI,48162,1,Psychiatry,Q3014,Telehealth originating site facility fee,O,30,132.0,132,50.0,25.777727273,18.172878788,18.172878788
1518087691,Brown,Eden,Arlington,VA,22209,1,"Psychologist, Clinical",Q3014,Telehealth originating site facility fee,O,177,1006.0,1006,30.0,25.766332008,18.726799205,18.726799205
1518195825,Challa,Anuradha,Hendersonville,NC,28791,1,Psychiatry,Q3014,Telehealth originating site facility fee,O,115,601.0,601,30.24,25.760881864,18.993377704,18.993377704
1518214923,Reed,David,Lafayette,LA,70507,1,Internal Medicine,99453,"Remote monitoring of physiologic parameters, initial set-up and patient education on use of equipment",O,63,63.0,63,30.0,17.09,13.62,15.26
1518214923,Reed,David,Lafayette,LA,70507,1,Internal Medicine,99454,"Remote monitoring of physiologic parameters, initial supply of devices with daily recordings or programmed alerts transmission, each 30 days",O,64,121.0,121,80.0,56.107520661,44.330578512,49.874380165
1518214923,Reed,David,Lafayette,LA,70507,1,Internal Medicine,99457,"Remote monitoring of physiologic parameters management services, 20 minutes or more of qualified health care professional time per calendar month",O,45,48.0,48,65.0,47.090625,36.7525,39.768958333
1518271477,Kilpatrick,Lesa,Monticello,AR,71655,7,Licensed Clinical Social Worker,Q3014,Telehealth originating site facility fee,O,14,14.0,14,2.54,2.5,1.99,1.99
1518909605,Malik,Shamim,Dumas,AR,71639,7,Psychiatry,Q3014,Telehealth originating site facility fee,O,35,90.0,90,2.54,2.5004444444,1.9678888889,1.9678888889
1518915511,Tsibulsky,Mark,Thief River Falls,MN,56701,7,Psychiatry,Q3014,Telehealth originating site facility fee,O,60,94.0,94,50.0,25.75712766,19.177340426,19.177340426
1518933811,Zaidi,Syed,Houston,TX,77084,1,Internal Medicine,99453,"Remote monitoring of physiologic parameters, initial set-up and patient education on use of equipment",O,23,23.0,23,50.0,18.54,14.8,15.26
1518933811,Zaidi,Syed,Houston,TX,77084,1,Internal Medicine,99454,"Remote monitoring of physiologic parameters, initial supply of devices with daily recordings or programmed alerts transmission, each 30 days",O,16,16.0,16,85.0,61.16,48.83,50.29
1518933811,Zaidi,Syed,Houston,TX,77084,1,Internal Medicine,99457,"Remote monitoring of physiologic parameters management services, 20 minutes or more of qualified health care professional time per calendar month",O,22,23.0,23,80.0,49.233043478,37.983043478,39.096521739
1518937911,Evink,Bruce,Alexandria,MN,56308,4,Family Practice,Q3014,Telehealth originating site facility fee,O,83,107.0,107,50.0,25.786635514,17.73635514,17.73635514
1518946763,Hubbard,Mariama,Brooklyn,NY,11232,1,Nurse Practitioner,99453,"Remote monitoring of physiologic parameters, initial set-up and patient education on use of equipment",F,32,32.0,32,46.8365625,19.15375,14.7840625,12.5646875
1518946763,Hubbard,Mariama,Brooklyn,NY,11232,1,Nurse Practitioner,99457,"Remote monitoring of physiologic parameters management services, 20 minutes or more of qualified health care professional time per calendar month",F,30,30.0,30,72.452,30.227666667,24.125,21.618
1518993997,Bhadriraju,Satish,Tulsa,OK,74136,1,Sleep Medicine,99091,"Collection and interpretation of physical parameters stored in computers and/or transmitted by the patient and/or caregiver to qualified health care professional, requiring 30 minutes or more, per 30 days",O,11,12.0,12,120.0,56.453333333,29.898333333,30.945
1528007705,Vance,Nicholas,Fairmont,WV,26554,4,Physician Assistant,Q3014,Telehealth originating site facility fee,O,62,65.0,65,35.0,25.898615385,12.269846154,12.269846154
1528021490,Tran,Vu,Santa Rosa,CA,95405,1,Sleep Medicine,99091,"Collection and interpretation of physical parameters stored in computers and/or transmitted by the patient and/or caregiver to qualified health care professional, requiring 30 minutes or more, per 30 days",O,135,196.0,196,209.18367347,61.623877551,48.953367347,45.775459184
1528044583,Reddy,Swarna,Manassas,VA,20110,1,Psychiatry,Q3014,Telehealth originating site facility fee,O,144,540.0,540,50.0,25.734722222,20.269222222,20.269222222
1528045085,Godby,Becky,Sequim,WA,98382,4,Nurse Practitioner,Q3014,Telehealth originating site facility fee,O,14,37.0,37,27.0,25.752702703,19.391891892,19.391891892
1528068368,Israel,Roza,Forest Hills,NY,11375,1,Internal Medicine,G2012,"Brief communication technology-based service, e.g. virtual check-in, by a physician or other qualified health care professional who can report evaluation and management services, provided to an established patient, not originating from a related e/m servic",O,14,34.0,34,129.11794118,15.490882353,12.346176471,11.249411765
1528070786,Guyden,Thomas,Las Vegas,NV,89146,1,Psychiatry,Q3014,Telehealth originating site facility fee,O,35,113.0,113,109.41486726,25.403185841,17.997345133,18.37539823
1528086006,Rodriguez,Mario,Rio Grande City,TX,78582,4,Family Practice,99091,"Collection and interpretation of physical parameters stored in computers and/or transmitted by the patient and/or caregiver to qualified health care professional, requiring 30 minutes or more, per 30 days",O,305,2815.0,2815,75.0,56.038550622,43.140909414,44.289087034
1528096435,Kakumba,Kemunto,Richland,WA,99352,1,Family Practice,Q3014,Telehealth originating site facility fee,O,31,34.0,34,50.0,25.73,20.5,20.5
1528187028,Jones Holley,Melissa,Westminster,MD,21157,2,Nurse Practitioner,99091,"Collection and interpretation of physical parameters stored in computers and/or transmitted by the patient and/or caregiver to qualified health care professional, requiring 30 minutes or more, per 30 days",O,11,15.0,15,112.66666667,52.227333333,31.284,29.062666667
1528187028,Jones Holley,Melissa,Westminster,MD,21157,2,Nurse Practitioner,99457,"Remote monitoring of physiologic parameters management services, 20 minutes or more of qualified health care professional time per calendar month",O,21,25.0,25,110.0,46.74,37.37,34.34
1528192697,Vess,Michelle,Longview,TX,75601,1,Physician Assistant,Q3014,Telehealth originating site facility fee,O,24,58.0,58,30.0,25.86137931,14.084655172,14.084655172
1528219748,Wimberly,Kimberly,Mobile,AL,36608,1,Licensed Clinical Social Worker,Q3014,Telehealth originating site facility fee,O,54,147.0,147,50.0,25.781156463,18.001904762,18.001904762
1528259280,Bhatti,Nadeem,Coppell,TX,75019,1.1,Psychiatry,Q3014,Telehealth originating site facility fee,O,11,14.0,14,36.165714286,25.85,14.642857143,14.642857143
1528313244,Kothari,Kavita,Waycross,GA,31503,4,Psychiatry,Q3014,Telehealth originating site facility fee,O,39,53.0,53,26.0,25.58,20.38,20.38
1528354255,Metyk,Tetyana,Port Charlotte,FL,33952,1,Internal Medicine,99457,"Remote monitoring of physiologic parameters management services, 20 minutes or more of qualified health care professional time per calendar month",O,13,43.0,43,80.0,50.031860465,35.947906977,36.550697674
1528393758,Zimmerman,Mayda,Scottsbluff,NE,69361,4,Nurse Practitioner,Q3014,Telehealth originating site facility fee,O,73,109.0,109,66.0,25.746422018,19.701100917,19.701100917
1528493400,Carson,Rochelle,Raleigh,NC,27606,1,Physician Assistant,Q3014,Telehealth originating site facility fee,O,191,402.0,402,25.0,24.676144279,15.869651741,15.869676617
1538105481,Hassani,Joumana,Concord,NC,28025,1,Psychiatry,Q3014,Telehealth originating site facility fee,O,89,110.0,110,25.0,24.621818182,18.530909091,18.530909091
1538106554,Novick,Robert,Casper,WY,82601,1,Interventional Cardiology,Q3014,Telehealth originating site facility fee,O,57,59.0,59,36.288135593,25.467627119,18.907966102,19.203050847
1538131693,Bhatia,Satinder,Beverly Hills,CA,90210,1,Cardiology,99091,"Collection and interpretation of physical parameters stored in computers and/or transmitted by the patient and/or caregiver to qualified health care professional, requiring 30 minutes or more, per 30 days",O,33,163.0,163,126.0,61.97,49.51,45.78
1538131693,Bhatia,Satinder,Beverly Hills,CA,90210,1,Cardiology,99453,"Remote monitoring of physiologic parameters, initial set-up and patient education on use of equipment",O,15,15.0,15,46.0,22.6,18.05,15.25
1538141767,Hinson,Thomas,Winston Salem,NC,27103,1,Pulmonary Disease,99457,"Remote monitoring of physiologic parameters management services, 20 minutes or more of qualified health care professional time per calendar month",O,50,54.0,54,55.0,48.85,39.02,40.4
1538167994,Cooper,Randolph,Raleigh,NC,27610,1,Clinical Cardiac Electrophysiology,99457,"Remote monitoring of physiologic parameters management services, 20 minutes or more of qualified health care professional time per calendar month",O,45,91.0,91,148.0,49.100659341,38.838461538,39.981648352
1538221221,Love,Kathleen,Wenatchee,WA,98801,1,Cardiology,Q3014,Telehealth originating site facility fee,O,48,51.0,51,53.0,25.807647059,16.710588235,16.710588235
1538225776,Bellard,Bret,Carson City,NV,89703,1,Family Practice,Q3014,Telehealth originating site facility fee,O,217,767.0,767,46.921773142,25.635867014,17.753311604,17.903715776
1538234570,Kurzweil,Peter,Glen Cove,NY,11542,1,Internal Medicine,G2012,"Brief communication technology-based service, e.g. virtual check-in, by a physician or other qualified health care professional who can report evaluation and management services, provided to an established patient, not originating from a related e/m servic",O,35,42.0,42,125.0,16.889285714,12.517142857,10.762142857
1538245444,Kaufmann,Margaret,Dallas,TX,75204,1,Psychiatry,Q3014,Telehealth originating site facility fee,O,22,33.0,33,26.88,25.846969697,14.786060606,14.786060606
1538335831,Naumann,Donna,Florissant,MO,63033,1,Nurse Practitioner,G2012,"Brief communication technology-based service, e.g. virtual check-in, by a physician or other qualified health care professional who can report evaluation and management services, provided to an established patient, not originating from a related e/m servic",O,14,14.0,14,14.61,12.22,9.74,9.85
1538358684,Stephenson,Sharise,Boston,MA,2111,1,Neurology,99453,"Remote monitoring of physiologic parameters, initial set-up and patient education on use of equipment",O,16,17.0,17,65.0,18.39,14.66,15.26
1538358684,Stephenson,Sharise,Boston,MA,2111,1,Neurology,99457,"Remote monitoring of physiologic parameters management services, 20 minutes or more of qualified health care professional time per calendar month",O,12,16.0,16,173.15875,48.705,38.8225,40.409375
1538367479,Smith,Erica,Jonesboro,AR,72401,1,Psychiatry,Q3014,Telehealth originating site facility fee,O,25,29.0,29,15.0,14.80137931,9.7324137931,9.7324137931
1538387972,Adiaconitei,Andreea,Hershey,PA,17033,1,Psychiatry,Q3014,Telehealth originating site facility fee,O,32,78.0,78,25.94,25.535897436,19.820512821,19.820512821
1538538707,Kassen,Jaclyn,Fargo,ND,58104,1,Nurse Practitioner,Q3014,Telehealth originating site facility fee,O,41,109.0,109,50.0,25.73,20.5,20.5
1538558549,Jiwani,Munira,Houston,TX,77098,1,Nurse Practitioner,Q3014,Telehealth originating site facility fee,O,18,28.0,28,25.410714286,25.106428571,14.871071429,14.871428571
1538578232,Sozzi,Shannon,2101 Dutch Fork Road,SC,29036,1,Nurse Practitioner,Q3014,Telehealth originating site facility fee,O,284,658.0,658,27.972340426,25.770243161,18.146200608,18.146200608
1548207947,Marmion,Leroy,Grand Rapids,MI,49546,1,Neurology,Q3014,Telehealth originating site facility fee,O,114,120.0,120,44.133333333,25.367333333,18.627666667,19.028666667
1548209646,Hsu,Hsien-Wen,Pittsburg,CA,94565,1.1,Pulmonary Disease,G2012,"Brief communication technology-based service, e.g. virtual check-in, by a physician or other qualified health care professional who can report evaluation and management services, provided to an established patient, not originating from a related e/m servic",O,16,16.0,16,20.0,16.63,13.3,11.59
1548210305,Elhoushy,Abdel,Stuart,FL,34994,1,Anesthesiology,99453,"Remote monitoring of physiologic parameters, initial set-up and patient education on use of equipment",O,16,16.0,16,56.01,18.37,14.64,15.26
1548210305,Elhoushy,Abdel,Stuart,FL,34994,1,Anesthesiology,99454,"Remote monitoring of physiologic parameters, initial supply of devices with daily recordings or programmed alerts transmission, each 30 days",O,11,11.0,11,183.66,60.24,48.0,50.29
1548210305,Elhoushy,Abdel,Stuart,FL,34994,1,Anesthesiology,99457,"Remote monitoring of physiologic parameters management services, 20 minutes or more of qualified health care professional time per calendar month",O,13,13.0,13,152.1,49.89,39.75,40.4
1548215205,Mcconnell,William,Baltimore,MD,21212,1,Internal Medicine,G2012,"Brief communication technology-based service, e.g. virtual check-in, by a physician or other qualified health care professional who can report evaluation and management services, provided to an established patient, not originating from a related e/m servic",O,12,12.0,12,17.0,14.88,11.9,11.58
1548220304,Yang,Xiao,Daly City,CA,94015,1,Hospitalist,G2012,"Brief communication technology-based service, e.g. virtual check-in, by a physician or other qualified health care professional who can report evaluation and management services, provided to an established patient, not originating from a related e/m servic",O,26,53.0,53,49.433962264,16.412264151,12.479433962,11.05509434
1548223779,Beck,Timothy,Clayton,GA,30525,7,Internal Medicine,99453,"Remote monitoring of physiologic parameters, initial set-up and patient education on use of equipment",O,53,53.0,53,49.150943396,17.31,13.8,15.26
1548223779,Beck,Timothy,Clayton,GA,30525,7,Internal Medicine,99454,"Remote monitoring of physiologic parameters, initial supply of devices with daily recordings or programmed alerts transmission, each 30 days",O,72,105.0,105,80.0,56.88,45.33,50.29
1548223779,Beck,Timothy,Clayton,GA,30525,7,Internal Medicine,99457,"Remote monitoring of physiologic parameters management services, 20 minutes or more of qualified health care professional time per calendar month",O,70,103.0,103,80.0,48.09,38.33,40.4
1548228729,Zukerberg,Bruce,Delray Beach,FL,33446,1,Internal Medicine,G2012,"Brief communication technology-based service, e.g. virtual check-in, by a physician or other qualified health care professional who can report evaluation and management services, provided to an established patient, not originating from a related e/m servic",O,21,25.0,25,30.0,15.34,12.26,11.59
1548258924,Desai,Rohit,Stone Mountain,GA,30088,1,Family Practice,Q3014,Telehealth originating site facility fee,O,11,11.0,11,45.0,25.73,20.5,20.5
1548270200,Smith,Andres,Chula Vista,CA,91911,1,Emergency Medicine,99453,"Remote monitoring of physiologic parameters, initial set-up and patient education on use of equipment",O,17,17.0,17,35.0,21.41,17.11,15.26
1548311194,Gururajan,Krishnamurthy,Mundelein,IL,60060,1,Psychiatry,Q3014,Telehealth originating site facility fee,O,93,189.0,189,85.0,25.775079365,18.299047619,18.299047619
1548322522,Lim,Betty,New York,NY,10029,1,Geriatric Medicine,99453,"Remote monitoring of physiologic parameters, initial set-up and patient education on use of equipment",F,20,20.0,20,46.3905,23.41,18.65,15.26
1548322522,Lim,Betty,New York,NY,10029,1,Geriatric Medicine,99457,"Remote monitoring of physiologic parameters management services, 20 minutes or more of qualified health care professional time per calendar month",F,19,19.0,19,71.741052632,36.25,28.88,25.43
1548418114,Decastro,Robin,Casper,WY,82601,1,Nurse Practitioner,Q3014,Telehealth originating site facility fee,O,39,66.0,66,30.0,25.909393939,11.747121212,11.747121212
1548432743,Crowley,William,Phoenix,AZ,85022,1,Psychiatry,Q3014,Telehealth originating site facility fee,O,29,44.0,44,30.0,25.8275,15.736818182,15.739090909
1548441728,Gahlinger,Paul,Chico,CA,95926,1,General Practice,99453,"Remote monitoring of physiologic parameters, initial set-up and patient education on use of equipment",O,265,268.0,268,21.0,20.391380597,16.181716418,15.195410448
1548441728,Gahlinger,Paul,Chico,CA,95926,1,General Practice,99454,"Remote monitoring of physiologic parameters, initial supply of devices with daily recordings or programmed alerts transmission, each 30 days",O,272,558.0,558,69.0,67.613942652,53.676917563,50.109749104
1548442627,Conci,Diego,Grand Rapids,MI,49546,1,Pulmonary Disease,Q3014,Telehealth originating site facility fee,O,24,25.0,25,44.04,25.7472,19.6624,19.6624
1548464100,Duque,Wilbur Don,Yuma,AZ,85364,1,Family Practice,99453,"Remote monitoring of physiologic parameters, initial set-up and patient education on use of equipment",O,23,23.0,23,74.782608696,18.82173913,14.187826087,14.418695652
1548464100,Duque,Wilbur Don,Yuma,AZ,85364,1,Family Practice,99454,"Remote monitoring of physiologic parameters, initial supply of devices with daily recordings or programmed alerts transmission, each 30 days",O,22,73.0,73,83.287671233,62.046712329,49.621369863,50.29
1548521594,Guasco,Jesse,East Lansing,MI,48824,1,Psychiatry,Q3014,Telehealth originating site facility fee,O,24,91.0,91,36.71,25.779010989,18.107362637,18.107362637
1558311928,Esslinger,Mary,Golden Valley,MN,55422,1,Nurse Practitioner,Q3014,Telehealth originating site facility fee,O,23,32.0,32,50.0,25.73,20.5,20.5
1558331280,Fell,Bradley,Seneca,PA,16346,4,Family Practice,Q3014,Telehealth originating site facility fee,O,13,15.0,15,35.0,25.786,17.766666667,17.766666667
1558332205,Hodges,Charlotte,Demorest,GA,30535,4.1,Certified Clinical Nurse Specialist,Q3014,Telehealth originating site facility fee,O,93,241.0,241,20.52,20.269087137,12.231950207,12.231950207
1558345942,Thomason,Jason,Winston Salem,NC,27103,1,Critical Care (Intensivists),99457,"Remote monitoring of physiologic parameters management services, 20 minutes or more of qualified health care professional time per calendar month",O,52,57.0,57,55.0,48.840350877,38.981052632,40.37122807
1558354175,Desai,Devyani,Lakeland,FL,33805,1,Psychiatry,Q3014,Telehealth originating site facility fee,O,28,70.0,70,35.0,25.766,18.742857143,18.742857143
1558385674,Andrews,Reena,Houston,TX,77092,1,Psychiatry,Q3014,Telehealth originating site facility fee,O,32,73.0,73,29.0,25.826575342,15.785342466,15.785342466
1558433904,Fellows,Neal,Traverse City,MI,49684,4,Psychiatry,Q3014,Telehealth originating site facility fee,O,24,30.0,30,55.0,25.814,16.4,16.4
1558455154,Baskin,David,New York,NY,10023,1,Internal Medicine,G2012,"Brief communication technology-based service, e.g. virtual check-in, by a physician or other qualified health care professional who can report evaluation and management services, provided to an established patient, not originating from a related e/m servic",O,127,158.0,158,50.0,16.353164557,12.865063291,11.442594937
1558467704,Thompson,Paul,Merrill,WI,54452,4,Family Practice,Q3014,Telehealth originating site facility fee,O,21,28.0,28,40.0,25.73,20.5,20.5
1558488874,Boyden,Thomas,Grand Rapids,MI,49525,1,Cardiology,Q3014,Telehealth originating site facility fee,O,20,20.0,20,43.9,24.7925,17.732,18.726
1558505438,Ilochonwu,Ikechukwu,Houston,TX,77003,1,Internal Medicine,99457,"Remote monitoring of physiologic parameters management services, 20 minutes or more of qualified health care professional time per calendar month",O,172,218.0,218,104.44,52.16,41.72,40.416009174
1558579755,Norman,Robert,Centralia,IL,62801,4,Psychiatry,Q3014,Telehealth originating site facility fee,O,23,40.0,40,32.0,25.7405,19.9875,19.9875
1558667113,Metz,Katie,Scottsbluff,NE,69361,4,Physician Assistant,Q3014,Telehealth originating site facility fee,O,13,25.0,25,26.4,25.6364,17.9392,17.9392
1558689927,Reinhard,James,Cedar Bluff,VA,24609,5,Psychiatry,Q3014,Telehealth originating site facility fee,O,61,83.0,83,27.590361446,25.239879518,17.402168675,17.402168675
1558701565,Corker,Anastasia,Round Rock,TX,78664,1,Nurse Practitioner,Q3014,Telehealth originating site facility fee,O,44,100.0,100,45.0,25.6786,14.639,14.8105
1558706580,Cox,Cassandra,Warsaw,MO,65355,7,Nurse Practitioner,Q3014,Telehealth originating site facility fee,O,37,114.0,114,51.157894737,25.762982456,18.892192982,18.892192982
1558742148,Bales,Erica,Raleigh,NC,27604,1,Licensed Clinical Social Worker,Q3014,Telehealth originating site facility fee,O,22,22.0,22,27.0,25.768181818,18.636363636,18.636363636
1558885582,Samuels,Elizabeth,Round Rock,TX,78664,1,Nurse Practitioner,Q3014,Telehealth originating site facility fee,O,120,393.0,393,40.0,25.798549618,17.159669211,17.159669211
1568411924,Ho,Nhue,Spring,TX,77382,1.1,Internal Medicine,99453,"Remote monitoring of physiologic parameters, initial set-up and patient education on use of equipment",O,97,98.0,98,39.34,17.91,14.27,15.249897959
1568411924,Ho,Nhue,Spring,TX,77382,1.1,Internal Medicine,99454,"Remote monitoring of physiologic parameters, initial supply of devices with daily recordings or programmed alerts transmission, each 30 days",O,99,181.0,181,129.78,59.16,47.14,50.29
1568428647,Simmons,Winnie,Maben,MS,39750,4,General Practice,Q3014,Telehealth originating site facility fee,O,23,39.0,39,35.717948718,25.818717949,16.164871795,16.164871795
1568455764,Boyd,Misty,Tahlequah,OK,74464,4,"Psychologist, Clinical",Q3014,Telehealth originating site facility fee,O,80,128.0,128,30.0,25.803125,16.931640625,16.93171875
1568466043,Leis,Kurt,Wichita,KS,67214,1,Nurse Practitioner,Q3014,Telehealth originating site facility fee,O,55,119.0,119,30.0,25.733529412,20.327731092,20.327731092
1568486041,Sung,Heather,Norwalk,CT,6851,1,Internal Medicine,G2012,"Brief communication technology-based service, e.g. virtual check-in, by a physician or other qualified health care professional who can report evaluation and management services, provided to an established patient, not originating from a related e/m servic",O,16,24.0,24,40.670833333,15.62,12.48,11.627083333
1568494722,Mahar,Kelley,Marquette,MI,49855,4,Psychiatry,Q3014,Telehealth originating site facility fee,O,40,60.0,60,50.0735,24.220666667,17.994333333,17.994333333
1568497204,Hutchinson,Leigh,Hauppauge,NY,11788,1,Cardiology,99457,"Remote monitoring of physiologic parameters management services, 20 minutes or more of qualified health care professional time per calendar month",O,15,41.0,41,200.0,59.745609756,45.512195122,38.429268293
1568625044,Varghees,Seema,Austin,TX,78704,1,Psychiatry,Q3014,Telehealth originating site facility fee,O,29,33.0,33,33.243636364,25.742727273,19.878787879,19.878787879
1568649366,Okezie,Ihuoma,Baltimore,MD,21224,1,Psychiatry,Q3014,Telehealth originating site facility fee,O,18,53.0,53,32.917735849,25.855660377,14.369811321,14.369811321
1568655652,Strauss,Murray,St. Brawley,CA,92227,4.1,General Practice,99453,"Remote monitoring of physiologic parameters, initial set-up and patient education on use of equipment",O,142,147.0,147,20.0,19.303129252,15.272176871,15.158095238
1568655652,Strauss,Murray,St. Brawley,CA,92227,4.1,General Practice,99454,"Remote monitoring of physiologic parameters, initial supply of devices with daily recordings or programmed alerts transmission, each 30 days",O,153,714.0,714,70.0,63.834537815,50.80210084,50.236484594
1568655652,Strauss,Murray,St. Brawley,CA,92227,4.1,General Practice,99457,"Remote monitoring of physiologic parameters management services, 20 minutes or more of qualified health care professional time per calendar month",O,153,686.0,686,60.0,50.986034985,40.624941691,40.401516035
1568664159,Morel,Rachel,Florissant,MO,63031,1,Psychiatry,Q3014,Telehealth originating site facility fee,O,26,96.0,96,35.0,25.734375,20.286458333,20.286458333
1568728582,Giorgetti,Ryan,Brooklyn,NY,11215,1,Emergency Medicine,99453,"Remote monitoring of physiologic parameters, initial set-up and patient education on use of equipment",F,28,28.0,28,46.730357143,21.716785714,17.317142857,15.26
1568728582,Giorgetti,Ryan,Brooklyn,NY,11215,1,Emergency Medicine,99457,"Remote monitoring of physiologic parameters management services, 20 minutes or more of qualified health care professional time per calendar month",F,25,25.0,25,72.2064,34.6252,27.61,25.43
1568771277,Kargman,Maria,New York,NY,10040,1,Licensed Clinical Social Worker,Q3014,Telehealth originating site facility fee,O,12,30.0,30,31.32,25.73,20.5,20.5
1568771517,Seamans,Yancy,Wenatchee,WA,98801,1,Nurse Practitioner,Q3014,Telehealth originating site facility fee,O,51,58.0,58,53.0,25.787931034,17.672413793,17.672413793
1568892032,Jauregui,Noelle,Milwaukee,WI,53215,1,Nurse Practitioner,Q3014,Telehealth originating site facility fee,O,14,25.0,25,30.0,25.7804,18.04,18.04
1568895050,Henson,Lori,Louisville,KY,40218,1,Nurse Practitioner,Q3014,Telehealth originating site facility fee,F,22,29.0,29,25.0,24.824827586,8.5865517241,8.5865517241
1568895050,Henson,Lori,Louisville,KY,40218,1,Nurse Practitioner,Q3014,Telehealth originating site facility fee,O,43,138.0,138,25.0,24.610217391,19.097608696,19.097608696
1568997815,Mccartney,Jill,Sharpsville,PA,16150,1,Nurse Practitioner,Q3014,Telehealth originating site facility fee,O,16,18.0,18,31.38,25.73,20.5,20.5
1578504858,Meade,Sarah,Houston,TX,77021,1,Nurse Practitioner,Q3014,Telehealth originating site facility fee,F,64,77.0,77,25.0,24.777792208,10.886883117,10.886883117
1578504858,Meade,Sarah,Houston,TX,77021,1,Nurse Practitioner,Q3014,Telehealth originating site facility fee,O,106,274.0,274,25.0,24.616532847,18.789525547,18.789525547
1578509238,Blake,Shannon,West Hartford,CT,6110,1,Physician Assistant,Q3014,Telehealth originating site facility fee,O,16,16.0,16,28.0,25.73,20.5,20.5
1578514477,Miller,Stephen,Murray,UT,84123,1,Cardiology,99453,"Remote monitoring of physiologic parameters, initial set-up and patient education on use of equipment",O,11,11.0,11,60.0,18.105454545,11.839090909,12.713636364
1578525408,Perrone,Paolo,Staten Island,NY,10314,1,Internal Medicine,99453,"Remote monitoring of physiologic parameters, initial set-up and patient education on use of equipment",O,13,13.0,13,50.0,23.520769231,14.369230769,11.738461538
1578525408,Perrone,Paolo,Staten Island,NY,10314,1,Internal Medicine,99454,"Remote monitoring of physiologic parameters, initial supply of devices with daily recordings or programmed alerts transmission, each 30 days",O,14,66.0,66,135.0,76.521666667,59.278030303,48.72530303
1578525408,Perrone,Paolo,Staten Island,NY,10314,1,Internal Medicine,99457,"Remote monitoring of physiologic parameters management services, 20 minutes or more of qualified health care professional time per calendar month",O,14,75.0,75,115.0,58.97,47.0,40.4
1578531745,Gregory,Gladys,Gallatin,TN,37066,1,Psychiatry,Q3014,Telehealth originating site facility fee,O,44,64.0,64,32.0,25.8284375,15.6953125,15.6953125
1578537353,Harari,Amir,Scottsdale,AZ,85260,1,Endocrinology,99091,"Collection and interpretation of physical parameters stored in computers and/or transmitted by the patient and/or caregiver to qualified health care professional, requiring 30 minutes or more, per 30 days",O,14,15.0,15,115.0,57.415333333,42.849333333,42.777333333
1578577177,Qureshi,Nauman,Lake Charles,LA,70601,1,Internal Medicine,99453,"Remote monitoring of physiologic parameters, initial set-up and patient education on use of equipment",O,56,58.0,58,35.0,17.12,13.65,15.26
1578577177,Qureshi,Nauman,Lake Charles,LA,70601,1,Internal Medicine,99454,"Remote monitoring of physiologic parameters, initial supply of devices with daily recordings or programmed alerts transmission, each 30 days",O,22,46.0,46,115.0,56.19,44.79,50.29
1578577177,Qureshi,Nauman,Lake Charles,LA,70601,1,Internal Medicine,99457,"Remote monitoring of physiologic parameters management services, 20 minutes or more of qualified health care professional time per calendar month",O,35,59.0,59,95.0,47.94,38.21,40.4
1578598074,Boomer,Walter,Tulsa,OK,74136,1,Pulmonary Disease,99453,"Remote monitoring of physiologic parameters, initial set-up and patient education on use of equipment",O,142,142.0,142,27.0,17.34,13.87,15.26
1578598074,Boomer,Walter,Tulsa,OK,74136,1,Pulmonary Disease,99454,"Remote monitoring of physiologic parameters, initial supply of devices with daily recordings or programmed alerts transmission, each 30 days",O,136,565.0,565,86.0,57.11,45.67,50.281823009
1578598074,Boomer,Walter,Tulsa,OK,74136,1,Pulmonary Disease,99457,"Remote monitoring of physiologic parameters management services, 20 minutes or more of qualified health care professional time per calendar month",O,32,37.0,37,73.0,48.35,38.67,40.4
1578659116,Bobyr,Boris,Brooklyn,NY,11235,1,Nurse Practitioner,99453,"Remote monitoring of physiologic parameters, initial set-up and patient education on use of equipment",O,28,28.0,28,25.99,19.9,15.86,12.97
1578659116,Bobyr,Boris,Brooklyn,NY,11235,1,Nurse Practitioner,99454,"Remote monitoring of physiologic parameters, initial supply of devices with daily recordings or programmed alerts transmission, each 30 days",O,14,28.0,28,80.99,64.93,51.73,42.74
1578755070,Joe,Roger,Richmond,TX,77469,1,Psychiatry,Q3014,Telehealth originating site facility fee,O,13,16.0,16,34.43875,24.803125,17.278125,17.278125
1578755922,Harrison,Dionne,Raleigh,NC,27617,1,Psychiatry,Q3014,Telehealth originating site facility fee,O,30,68.0,68,42.0,25.740441176,19.992058824,19.992058824
1578760898,Salisu,Adamu,Monroe,NC,28112,1,Psychiatry,Q3014,Telehealth originating site facility fee,O,42,134.0,134,25.0,24.626343284,18.310746269,18.310746269
1578807590,Mansour,Ibrahim,Jamaica,NY,11432,1,Internal Medicine,99453,"Remote monitoring of physiologic parameters, initial set-up and patient education on use of equipment",O,137,159.0,159,25.377358491,17.880440252,14.200125786,15.173333333
1578807590,Mansour,Ibrahim,Jamaica,NY,11432,1,Internal Medicine,99454,"Remote monitoring of physiologic parameters, initial supply of devices with daily recordings or programmed alerts transmission, each 30 days",O,160,612.0,612,70.0,59.02,47.17,50.29
1578807590,Mansour,Ibrahim,Jamaica,NY,11432,1,Internal Medicine,99457,"Remote monitoring of physiologic parameters management services, 20 minutes or more of qualified health care professional time per calendar month",O,132,501.0,501,70.03992016,48.98,39.15,40.41
1578817003,Funes,Irma,Skokie,IL,60077,1,Nurse Practitioner,Q3014,Telehealth originating site facility fee,O,14,22.0,22,31.38,25.73,20.5,20.5
1578854881,Thomas,Hugh,Spokane,WA,99204,1,Nurse Practitioner,99457,"Remote monitoring of physiologic parameters management services, 20 minutes or more of qualified health care professional time per calendar month",O,35,37.0,37,70.0,41.86,33.07,34.34
1578954657,Myklak,Rina,Wilsonville,OR,97070,1,Nurse Practitioner,Q3014,Telehealth originating site facility fee,O,12,14.0,14,50.0,25.73,20.5,20.5
1588095038,Belford,Connie,Gettysburg,SD,57442,10,Nurse Practitioner,Q3014,Telehealth originating site facility fee,O,15,21.0,21,26.476190476,25.682380952,15.766190476,15.766190476
1588095806,Schmutzler,Alice,Park Falls,WI,54552,10,Nurse Practitioner,Q3014,Telehealth originating site facility fee,O,21,30.0,30,40.0,25.772,18.45,18.45
1588103493,Tyler,Tonya,Windsor,MO,65360,7,Nurse Practitioner,Q3014,Telehealth originating site facility fee,O,13,16.0,16,50.0,25.96625,8.96875,8.96875
1588105365,Graves,Carol,Atlantic,IA,50022,7,Nurse Practitioner,Q3014,Telehealth originating site facility fee,O,14,64.0,64,40.46875,25.7628125,18.8984375,18.8984375
1588117048,Sherrell,Tammy,Artesia,NM,88210,4,Nurse Practitioner,Q3014,Telehealth originating site facility fee,O,22,48.0,48,23.0,22.683958333,15.400625,15.400625
1588119861,Mckinnon,Tossica,Brooklyn,NY,11203,1,Nurse Practitioner,99453,"Remote monitoring of physiologic parameters, initial set-up and patient education on use of equipment",O,14,19.0,19,25.99,19.9,15.86,12.97
1588182885,Harnden,Glen,Overland Park,KS,66085,2,"Psychologist, Clinical",Q3014,Telehealth originating site facility fee,O,17,45.0,45,30.0,25.898,12.3,12.3
1588192421,Hammond,Kareemah,Newark,DE,19711,1,Nurse Practitioner,Q3014,Telehealth originating site facility fee,O,49,62.0,62,50.0,25.744516129,19.792258065,19.792258065
1588602312,Morris,Judith,Attalla,AL,35954,1,Nurse Practitioner,Q3014,Telehealth originating site facility fee,O,132,181.0,181,40.0,25.774972376,18.305635359,18.305635359
1588602379,Persing,James,Menomonie,WI,54751,4,Psychiatry,Q3014,Telehealth originating site facility fee,O,93,308.0,308,25.0,24.658474026,16.73474026,16.73474026
1588609754,Krasner,Stephen,Atlantis,FL,33462,1,Cardiology,99453,"Remote monitoring of physiologic parameters, initial set-up and patient education on use of equipment",O,15,15.0,15,40.0,19.9,15.9,15.25
1588609754,Krasner,Stephen,Atlantis,FL,33462,1,Cardiology,99454,"Remote monitoring of physiologic parameters, initial supply of devices with daily recordings or programmed alerts transmission, each 30 days",O,28,137.0,137,131.0,64.92,51.88,50.29
1588609754,Krasner,Stephen,Atlantis,FL,33462,1,Cardiology,99457,"Remote monitoring of physiologic parameters management services, 20 minutes or more of qualified health care professional time per calendar month",O,28,137.0,137,107.0,52.8,42.2,40.41
1588615322,Lamberton,Leandrea,Port Washington,WI,53074,1,Psychiatry,Q3014,Telehealth originating site facility fee,O,94,255.0,255,35.0,25.750862745,16.487960784,16.549333333
1588620777,Goshen,Charles,Winchester,VA,22601,1,Psychiatry,Q3014,Telehealth originating site facility fee,O,12,12.0,12,50.0,25.73,20.5,20.5
1588629414,Earwood,Thomas,Clinton,IA,52732,4,Psychiatry,Q3014,Telehealth originating site facility fee,O,225,737.0,737,100.0,25.705617368,17.050502035,17.145563094
1588636922,Karlsberg,Ronald,Beverly Hills,CA,90210,1,Cardiology,99091,"Collection and interpretation of physical parameters stored in computers and/or transmitted by the patient and/or caregiver to qualified health care professional, requiring 30 minutes or more, per 30 days",O,185,1221.0,1221,126.0,61.935749386,47.124398034,43.614144144
1588636922,Karlsberg,Ronald,Beverly Hills,CA,90210,1,Cardiology,99453,"Remote monitoring of physiologic parameters, initial set-up and patient education on use of equipment",O,60,65.0,65,46.0,22.6,18.05,15.25
1588655823,Peppercorn,Robert,Yuba City,CA,95991,1,Dermatology,G2012,"Brief communication technology-based service, e.g. virtual check-in, by a physician or other qualified health care professional who can report evaluation and management services, provided to an established patient, not originating from a related e/m servic",O,15,20.0,20,40.0,15.0,12.0,11.59
1588655914,Anderson,Felton,Washington,DC,20010,1,Cardiology,99453,"Remote monitoring of physiologic parameters, initial set-up and patient education on use of equipment",O,62,65.0,65,20.0,19.05,15.05,15.26
1588655914,Anderson,Felton,Washington,DC,20010,1,Cardiology,99454,"Remote monitoring of physiologic parameters, initial supply of devices with daily recordings or programmed alerts transmission, each 30 days",O,63,183.0,183,69.0,65.73,51.93,50.29
1588655914,Anderson,Felton,Washington,DC,20010,1,Cardiology,99457,"Remote monitoring of physiologic parameters management services, 20 minutes or more of qualified health care professional time per calendar month",O,26,33.0,33,54.0,51.44,40.64,40.4
1588665012,Leibowitz,Jonathan,Brooklyn,NY,11219,1,Nephrology,99453,"Remote monitoring of physiologic parameters, initial set-up and patient education on use of equipment",O,19,20.0,20,25.25,23.45,18.69,15.26
1588665012,Leibowitz,Jonathan,Brooklyn,NY,11219,1,Nephrology,99457,"Remote monitoring of physiologic parameters management services, 20 minutes or more of qualified health care professional time per calendar month",O,13,15.0,15,64.06,58.909333333,46.955333333,40.4
1588703565,Hartley,Shanda,Canton,GA,30114,1,Nurse Practitioner,99457,"Remote monitoring of physiologic parameters management services, 20 minutes or more of qualified health care professional time per calendar month",O,59,255.0,255,63.978,43.040823529,34.292941176,34.339529412
1588779094,Zdor-North,Deborah,Greenwood,WI,54437.0,10,Family Practice,Q3014,Telehealth originating site facility fee,O,11,16.0,16,40.0,25.73,20.5,20.5
1588808364,Edmondson,Tonya,Cincinnati,OH,45215.0,1,Nurse Practitioner,Q3014,Telehealth originating site facility fee,O,143,474.0,474,30.000021097,25.782616034,17.935970464,17.935970464
1588847917,Wall,Christopher,Knoxville,TN,37921.0,1,Nurse Practitioner,Q3014,Telehealth originating site facility fee,O,24,25.0,25,65.4,25.8476,14.76,14.76
1588929806,Hamdani,Najma,Norman,OK,73069.0,1.1,Psychiatry,Q3014,Telehealth originating site facility fee,O,65,163.0,163,50.0,25.765521472,18.764662577,18.764662577
1588965503,Husson Martinez,Jill,Punta Gorda,FL,33950.0,1,Psychiatry,Q3014,Telehealth originating site facility fee,O,302,1199.0,1199,30.0,25.779499583,18.08530442,18.08530442
1598042145,Holm,Roxane,Sparta,WI,54656,7,Nurse Practitioner,Q3014,Telehealth originating site facility fee,O,16,23.0,23,45.0,25.784782609,17.826086957,17.826086957
1598174633,Watkins,Sabrina,Austin,TX,78752,1,Nurse Practitioner,Q3014,Telehealth originating site facility fee,O,36,120.0,120,23.72,23.423916667,14.49,14.49
1598177065,Seton Health Corporation Of Southeastern Michigan,,Troy,MI,48083,1,Clinic or Group Practice,Q3014,Telehealth originating site facility fee,O,14,19.0,19,46.0,25.73,20.5,20.5
1598184798,Rana,Gina,Port St Lucie,FL,34952,1,Psychiatry,Q3014,Telehealth originating site facility fee,O,77,226.0,226,26.15,25.786769912,17.730840708,17.730840708
1598201972,Bayless,Jeffrey,Austin,TX,78749,1,Nurse Practitioner,Q3014,Telehealth originating site facility fee,O,97,230.0,230,40.0,25.796434783,17.257043478,17.257043478
1598700189,Frye,Jason,Mesa,AZ,85206,1,Family Practice,99453,"Remote monitoring of physiologic parameters, initial set-up and patient education on use of equipment",O,12,12.0,12,50.0,18.034166667,13.0075,14.038333333
1598700189,Frye,Jason,Mesa,AZ,85206,1,Family Practice,99454,"Remote monitoring of physiologic parameters, initial supply of devices with daily recordings or programmed alerts transmission, each 30 days",O,12,31.0,31,150.0,59.378387097,45.431935484,48.823548387
1598700189,Frye,Jason,Mesa,AZ,85206,1,Family Practice,99457,"Remote monitoring of physiologic parameters management services, 20 minutes or more of qualified health care professional time per calendar month",O,12,32.0,32,110.0,48.08,37.98,40.4
1598711681,Salyapongse,Aaron,Dublin,CA,94568,1,Orthopedic Surgery,99454,"Remote monitoring of physiologic parameters, initial supply of devices with daily recordings or programmed alerts transmission, each 30 days",O,19,33.0,33,169.34,84.5,67.57,50.29
1598726564,Whiddon,David,Clearwater,FL,33756,1,Orthopedic Surgery,99454,"Remote monitoring of physiologic parameters, initial supply of devices with daily recordings or programmed alerts transmission, each 30 days",O,26,44.0,44,520.0,60.721136364,47.428636364,49.258636364
1598730020,Dillon,Sherese,Merrillville,IN,46410,1,Podiatry,99454,"Remote monitoring of physiologic parameters, initial supply of devices with daily recordings or programmed alerts transmission, each 30 days",O,11,11.0,11,117.52,55.98,44.23,50.29
1598730020,Dillon,Sherese,Merrillville,IN,46410,1,Podiatry,99457,"Remote monitoring of physiologic parameters management services, 20 minutes or more of qualified health care professional time per calendar month",O,11,11.0,11,96.73,46.07,36.4,40.4
1598734402,Freiji,Khalil,Westminster,MD,21157,2,Internal Medicine,G2012,"Brief communication technology-based service, e.g. virtual check-in, by a physician or other qualified health care professional who can report evaluation and management services, provided to an established patient, not originating from a related e/m servic",O,44,118.0,118,20.0,15.632881356,11.76940678,10.907033898
1598764540,Abraham,Titus,Annapolis,MD,21401,1,Internal Medicine,G2012,"Brief communication technology-based service, e.g. virtual check-in, by a physician or other qualified health care professional who can report evaluation and management services, provided to an established patient, not originating from a related e/m servic",O,69,77.0,77,20.0,15.661038961,11.86961039,10.978441558
1598765877,Moeller,Michael,Mankato,MN,56001,1,Psychiatry,Q3014,Telehealth originating site facility fee,O,35,80.0,80,34.125,25.74675,19.6805,19.6805
1598766305,Gill,Harmeet,Gilbert,AZ,85234,1,Pulmonary Disease,99091,"Collection and interpretation of physical parameters stored in computers and/or transmitted by the patient and/or caregiver to qualified health care professional, requiring 30 minutes or more, per 30 days",O,33,35.0,35,110.0,56.957142857,41.024285714,41.441142857
1598795361,Siddiqui,Jamal,Flushing,NY,11367,1,Internal Medicine,99453,"Remote monitoring of physiologic parameters, initial set-up and patient education on use of equipment",O,98,101.0,101,70.0,23.404356436,14.338514851,11.741683168
1598795361,Siddiqui,Jamal,Flushing,NY,11367,1,Internal Medicine,99454,"Remote monitoring of physiologic parameters, initial supply of devices with daily recordings or programmed alerts transmission, each 30 days",O,109,754.0,754,115.0,76.104986737,59.883421751,49.641140584
1598795361,Siddiqui,Jamal,Flushing,NY,11367,1,Internal Medicine,99457,"Remote monitoring of physiologic parameters management services, 20 minutes or more of qualified health care professional time per calendar month",O,109,757.0,757,100.01981506,58.982483487,46.875825627,40.30323646
1598821209,Gulley,Pamela,Clinton,MO,64735,7,Psychiatry,Q3014,Telehealth originating site facility fee,O,42,91.0,91,51.538461538,25.753626374,19.34967033,19.34967033
1598824039,Aronson,Robert,Olympia Fields,IL,60461,1,Pulmonary Disease,99457,"Remote monitoring of physiologic parameters management services, 20 minutes or more of qualified health care professional time per calendar month",O,258,362.0,362,75.0,53.527900552,42.134696133,39.83281768
1598834574,Rubin,Ronald,Kenosha,WI,53140,1.1,Psychiatry,Q3014,Telehealth originating site facility fee,O,195,737.0,737,30.101763908,25.754016282,19.327815468,19.327815468
1598853368,Subramani,Vishnu,Cape Girardeau,MO,63703,1,Internal Medicine,99457,"Remote monitoring of physiologic parameters management services, 20 minutes or more of qualified health care professional time per calendar month",O,17,57.0,57,100.0,45.16,36.1,39.645614035
1598880098,Chander,Ajay,Lincoln,NE,68526,1,Cardiology,Q3014,Telehealth originating site facility fee,O,14,17.0,17,45.764705882,25.73,20.5,20.5
1598881179,Lee,Nick,Los Angeles,CA,90012,1,Family Practice,99453,"Remote monitoring of physiologic parameters, initial set-up and patient education on use of equipment",O,24,24.0,24,40.0,22.39,17.84,16.005416667
1598912784,Rose,Kimberly,Wilmington,NC,28403,1,Licensed Clinical Social Worker,Q3014,Telehealth originating site facility fee,O,39,177.0,177,28.0,25.73,20.5,20.5
1598920357,Talati,Ravin,Demorest,GA,30535,4.1,General Practice,99453,"Remote monitoring of physiologic parameters, initial set-up and patient education on use of equipment",O,79,85.0,85,50.0,17.404588235,13.487882353,14.854
1598920357,Talati,Ravin,Demorest,GA,30535,4.1,General Practice,99454,"Remote monitoring of physiologic parameters, initial supply of devices with daily recordings or programmed alerts transmission, each 30 days",O,97,203.0,203,150.0,57.193004926,45.383990148,49.967438424
1598920357,Talati,Ravin,Demorest,GA,30535,4.1,General Practice,99457,"Remote monitoring of physiologic parameters management services, 20 minutes or more of qualified health care professional time per calendar month",O,114,229.0,229,150.0,48.343799127,38.261222707,40.062401747
1609025949,Levitan,Marjorie,New York,NY,10025,1,Internal Medicine,G2012,"Brief communication technology-based service, e.g. virtual check-in, by a physician or other qualified health care professional who can report evaluation and management services, provided to an established patient, not originating from a related e/m servic",O,12,14.0,14,16.241428571,15.949285714,11.789285714,10.761428571
1609034594,Durkin,Ryan,Pensacola,FL,32503,1,Anesthesiology,99453,"Remote monitoring of physiologic parameters, initial set-up and patient education on use of equipment",O,81,81.0,81,56.004320988,18.202222222,14.341975309,15.098024691
1609034594,Durkin,Ryan,Pensacola,FL,32503,1,Anesthesiology,99454,"Remote monitoring of physiologic parameters, initial supply of devices with daily recordings or programmed alerts transmission, each 30 days",O,180,857.0,857,183.93612602,60.04378063,47.859719953,50.231318553
1609034594,Durkin,Ryan,Pensacola,FL,32503,1,Anesthesiology,99457,"Remote monitoring of physiologic parameters management services, 20 minutes or more of qualified health care professional time per calendar month",O,180,851.0,851,152.01903643,49.776721504,39.702079906,40.422432432
1609051168,Johnson,Thomas,Grand Rapids,MN,55744,7,Certified Clinical Nurse Specialist,Q3014,Telehealth originating site facility fee,O,67,169.0,169,50.0,25.73,20.5,20.5
1609193804,Syed,Saba,Chicago,IL,60604,1,Psychiatry,Q3014,Telehealth originating site facility fee,O,20,32.0,32,76.0,25.83625,15.31125,15.31125
1609214253,Ali,Danish,Houston,TX,77065,1,Physical Medicine and Rehabilitation,99453,"Remote monitoring of physiologic parameters, initial set-up and patient education on use of equipment",O,100,101.0,101,56.004653465,18.210990099,14.512574257,15.258910891
1609214253,Ali,Danish,Houston,TX,77065,1,Physical Medicine and Rehabilitation,99454,"Remote monitoring of physiologic parameters, initial supply of devices with daily recordings or programmed alerts transmission, each 30 days",O,142,750.0,750,183.90434667,59.988,47.799,50.286946667
1609214253,Ali,Danish,Houston,TX,77065,1,Physical Medicine and Rehabilitation,99457,"Remote monitoring of physiologic parameters management services, 20 minutes or more of qualified health care professional time per calendar month",O,142,758.0,758,152.02955145,49.715461741,39.611081794,40.4
1609320357,Buckley,Jeani,Springfield,MO,65807,1,Nurse Practitioner,99453,"Remote monitoring of physiologic parameters, initial set-up and patient education on use of equipment",O,45,45.0,45,42.0,14.3,11.44,12.97
1609320357,Buckley,Jeani,Springfield,MO,65807,1,Nurse Practitioner,99454,"Remote monitoring of physiologic parameters, initial supply of devices with daily recordings or programmed alerts transmission, each 30 days",O,49,96.0,96,139.0,47.04,37.62,42.74
1609320357,Buckley,Jeani,Springfield,MO,65807,1,Nurse Practitioner,99457,"Remote monitoring of physiologic parameters management services, 20 minutes or more of qualified health care professional time per calendar month",O,83,323.0,323,119.0,40.472972136,30.419814241,32.462229102
1609327832,Orin,Jacob,Westmont,IL,60559,1,Nurse Practitioner,Q3014,Telehealth originating site facility fee,O,50,154.0,154,51.0,25.751883117,19.432857143,19.432857143
1609800739,Gama,Oma,Greenville,NC,27858,1,Physician Assistant,Q3014,Telehealth originating site facility fee,O,26,38.0,38,27.0,25.788157895,17.671052632,17.671052632
1609828334,Salk,Eric,Torrington,CT,6790,4,Emergency Medicine,99453,"Remote monitoring of physiologic parameters, initial set-up and patient education on use of equipment",F,15,15.0,15,47.58,23.083333333,18.414666667,15.26
1609828334,Salk,Eric,Torrington,CT,6790,4,Emergency Medicine,99457,"Remote monitoring of physiologic parameters management services, 20 minutes or more of qualified health care professional time per calendar month",F,12,12.0,12,73.68,35.865833333,28.611666667,25.43
1609849637,Young,Stephen,Midlothian,VA,23114,1,Internal Medicine,99453,"Remote monitoring of physiologic parameters, initial set-up and patient education on use of equipment",O,15,15.0,15,20.0,19.11,15.28,15.26
1609849637,Young,Stephen,Midlothian,VA,23114,1,Internal Medicine,99457,"Remote monitoring of physiologic parameters management services, 20 minutes or more of qualified health care professional time per calendar month",O,12,28.0,28,55.0,50.86,40.66,40.4
1609903988,Oprisiu,Cornelius,Commerce Township,MI,48382,1,General Surgery,99453,"Remote monitoring of physiologic parameters, initial set-up and patient education on use of equipment",O,18,18.0,18,45.0,19.19,15.29,15.265
1609903988,Oprisiu,Cornelius,Commerce Township,MI,48382,1,General Surgery,99454,"Remote monitoring of physiologic parameters, initial supply of devices with daily recordings or programmed alerts transmission, each 30 days",O,16,38.0,38,135.0,62.68,49.94,50.280789474
1609903988,Oprisiu,Cornelius,Commerce Township,MI,48382,1,General Surgery,99457,"Remote monitoring of physiologic parameters management services, 20 minutes or more of qualified health care professional time per calendar month",O,19,48.0,48,110.0,51.38,40.94,40.454166667
1609955483,Hummel,Rick,St Louis,MO,63136,1,Internal Medicine,99091,"Collection and interpretation of physical parameters stored in computers and/or transmitted by the patient and/or caregiver to qualified health care professional, requiring 30 minutes or more, per 30 days",O,18,63.0,63,75.0,55.11,43.54,45.77
1609989193,Movva,Usha,Caro,MI,48723,7,Psychiatry,Q3014,Telehealth originating site facility fee,O,66,155.0,155,31.968774194,25.753548387,19.349225806,19.349225806
1619086121,Young,James,Wittenberg,WI,54499,10.1,Family Practice,Q3014,Telehealth originating site facility fee,O,16,20.0,20,40.0,25.793,17.425,17.425
1619088580,Coles,Jason,Grand Rapids,MI,49546,1,Internal Medicine,Q3014,Telehealth originating site facility fee,O,26,27.0,27,44.259259259,24.91037037,18.922592593,19.774814815
1619117421,Modi,Fagunkumar,Crystal River,FL,34429,2,Internal Medicine,99457,"Remote monitoring of physiologic parameters management services, 20 minutes or more of qualified health care professional time per calendar month",O,37,49.0,49,65.612244898,50.61,40.47,40.4
1619151636,Sigur,Cynthia,Port Arthur,TX,77640,1,Nurse Practitioner,Q3014,Telehealth originating site facility fee,O,158,462.0,462,40.0,25.812424242,16.479805195,16.479805195
1619262003,Shaw,James,Austin,TX,78726,1,"Psychologist, Clinical",Q3014,Telehealth originating site facility fee,O,19,49.0,49,30.0,25.747142857,19.663265306,19.663265306
1619288735,Hall,Ruth,Wilmington,NC,28403,1,Licensed Clinical Social Worker,Q3014,Telehealth originating site facility fee,O,17,74.0,74,28.0,25.73,20.5,20.5
1619321718,Fadke,Katherine,Olympia Fields,IL,60461,1,Nurse Practitioner,99457,"Remote monitoring of physiologic parameters management services, 20 minutes or more of qualified health care professional time per calendar month",O,273,351.0,351,75.0,45.310655271,36.151282051,34.241452991
1619353547,Ramdhanny,Christopher,Brooklyn,NY,11204,1,Nurse Practitioner,99453,"Remote monitoring of physiologic parameters, initial set-up and patient education on use of equipment",O,82,86.0,86,25.99,19.9,15.86,12.97
1619353547,Ramdhanny,Christopher,Brooklyn,NY,11204,1,Nurse Practitioner,99454,"Remote monitoring of physiologic parameters, initial supply of devices with daily recordings or programmed alerts transmission, each 30 days",O,67,148.0,148,80.99,64.93,51.73,42.74
1619353547,Ramdhanny,Christopher,Brooklyn,NY,11204,1,Nurse Practitioner,99457,"Remote monitoring of physiologic parameters management services, 20 minutes or more of qualified health care professional time per calendar month",O,19,29.0,29,62.99,50.07,39.89,38.358965517
1619379526,Krieg,Erin,Wintersville,OH,43953,1,Nurse Practitioner,Q3014,Telehealth originating site facility fee,O,261,1262.0,1262,39.431061807,25.73,20.5,20.5
1619904554,Peterson,Brady,Grand Rapids,MI,49525,1,Physician Assistant,Q3014,Telehealth originating site facility fee,O,13,14.0,14,43.714285714,25.73,20.5,20.5
1619914975,Shetty,Dinakara,Warner Robins,GA,31088,1,Internal Medicine,99453,"Remote monitoring of physiologic parameters, initial set-up and patient education on use of equipment",O,57,57.0,57,25.0,17.284912281,13.528421053,15.024912281
1619914975,Shetty,Dinakara,Warner Robins,GA,31088,1,Internal Medicine,99454,"Remote monitoring of physiologic parameters, initial supply of devices with daily recordings or programmed alerts transmission, each 30 days",O,57,90.0,90,75.0,56.830444444,44.254222222,49.312222222
1619914975,Shetty,Dinakara,Warner Robins,GA,31088,1,Internal Medicine,99457,"Remote monitoring of physiologic parameters management services, 20 minutes or more of qualified health care professional time per calendar month",O,46,67.0,67,60.0,48.031641791,37.688955224,39.837014925
1619924446,Musaffi,Albert,Atlantis,FL,33462,1,Cardiology,99453,"Remote monitoring of physiologic parameters, initial set-up and patient education on use of equipment",O,23,24.0,24,40.0,19.9,15.9,15.25
1619924446,Musaffi,Albert,Atlantis,FL,33462,1,Cardiology,99454,"Remote monitoring of physiologic parameters, initial supply of devices with daily recordings or programmed alerts transmission, each 30 days",O,32,134.0,134,131.0,64.92,51.88,50.29
1619924446,Musaffi,Albert,Atlantis,FL,33462,1,Cardiology,99457,"Remote monitoring of physiologic parameters management services, 20 minutes or more of qualified health care professional time per calendar month",O,32,132.0,132,107.0,52.8,42.2,40.41
1619996592,Greywolf,Cynthia,Santa Fe,NM,87501,1,Nurse Practitioner,Q3014,Telehealth originating site facility fee,O,11,11.0,11,23.0,22.697272727,14.751818182,14.751818182
1629004569,Patel,Sanjay,Thief River Falls,MN,56701,7,Internal Medicine,Q3014,Telehealth originating site facility fee,O,36,45.0,45,50.0,25.379333333,18.545777778,18.936444444
1629023023,Pierre-Jerome Shoulton,Yardly,Jamaica,NY,11434,1,Internal Medicine,99453,"Remote monitoring of physiologic parameters, initial set-up and patient education on use of equipment",O,12,12.0,12,100.0,22.57,17.83,15.26
1629023023,Pierre-Jerome Shoulton,Yardly,Jamaica,NY,11434,1,Internal Medicine,99454,"Remote monitoring of physiologic parameters, initial supply of devices with daily recordings or programmed alerts transmission, each 30 days",O,19,53.0,53,100.0,73.656037736,58.194716981,50.29
1629023023,Pierre-Jerome Shoulton,Yardly,Jamaica,NY,11434,1,Internal Medicine,99457,"Remote monitoring of physiologic parameters management services, 20 minutes or more of qualified health care professional time per calendar month",O,20,44.0,44,100.0,57.078636364,45.098863636,40.409772727
1629031430,Khoo,Karen,San Francisco,CA,94118,1,Internal Medicine,G2012,"Brief communication technology-based service, e.g. virtual check-in, by a physician or other qualified health care professional who can report evaluation and management services, provided to an established patient, not originating from a related e/m servic",O,29,44.0,44,48.181818182,16.650454545,13.017272727,13.017272727
1629040654,Guevara,Jorge,Brownsville,TX,78520,1,Internal Medicine,Q3014,Telehealth originating site facility fee,O,150,294.0,294,30.0,25.83292517,15.477210884,15.477210884
1629049929,Wahwassuck,Josetta,Kansas City,KS,66104,1,Nurse Practitioner,Q3014,Telehealth originating site facility fee,O,54,100.0,100,50.7,25.78,18.0616,18.0616
1629053988,Rahim,Perwaiz,Bartow,FL,33830,1,Critical Care (Intensivists),99091,"Collection and interpretation of physical parameters stored in computers and/or transmitted by the patient and/or caregiver to qualified health care professional, requiring 30 minutes or more, per 30 days",O,40,59.0,59,174.4779661,57.760847458,40.507118644,40.348474576
1629058615,Breneisen,Jeffrey,Fairfield,CA,94533,1,Cardiology,99454,"Remote monitoring of physiologic parameters, initial supply of devices with daily recordings or programmed alerts transmission, each 30 days",O,13,48.0,48,200.7,79.94,63.88,50.29
1629058615,Breneisen,Jeffrey,Fairfield,CA,94533,1,Cardiology,99457,"Remote monitoring of physiologic parameters management services, 20 minutes or more of qualified health care professional time per calendar month",O,12,45.0,45,147.9,58.91,47.08,40.4
1629059043,Sandhu,Kulbir,Midlothian,VA,23114,1,Internal Medicine,99453,"Remote monitoring of physiologic parameters, initial set-up and patient education on use of equipment",O,13,13.0,13,20.0,19.11,15.28,15.26
1629081500,Kashi,Kiumarce,Baltimore,MD,21237,1,Internal Medicine,99453,"Remote monitoring of physiologic parameters, initial set-up and patient education on use of equipment",O,15,15.0,15,50.0,21.04,16.76,15.25
1629081500,Kashi,Kiumarce,Baltimore,MD,21237,1,Internal Medicine,99454,"Remote monitoring of physiologic parameters, initial supply of devices with daily recordings or programmed alerts transmission, each 30 days",O,198,259.0,259,120.0,69.194362934,54.917142857,50.095830116
1629081500,Kashi,Kiumarce,Baltimore,MD,21237,1,Internal Medicine,99457,"Remote monitoring of physiologic parameters management services, 20 minutes or more of qualified health care professional time per calendar month",O,43,43.0,43,100.0,54.26,43.23,40.465813953
1629092564,Villa,Marivic,Summerfield,FL,34491,1.1,Internal Medicine,99453,"Remote monitoring of physiologic parameters, initial set-up and patient education on use of equipment",O,57,59.0,59,37.084745763,18.54,14.81,15.26
1629092564,Villa,Marivic,Summerfield,FL,34491,1.1,Internal Medicine,99454,"Remote monitoring of physiologic parameters, initial supply of devices with daily recordings or programmed alerts transmission, each 30 days",O,82,361.0,361,109.55124654,60.79,48.55,50.280360111
1629092564,Villa,Marivic,Summerfield,FL,34491,1.1,Internal Medicine,99457,"Remote monitoring of physiologic parameters management services, 20 minutes or more of qualified health care professional time per calendar month",O,84,389.0,389,90.560411311,50.35,40.21,40.4
1629097472,Shah,Suresh,Norcross,GA,30093,1,Internal Medicine,99453,"Remote monitoring of physiologic parameters, initial set-up and patient education on use of equipment",O,13,13.0,13,40.0,19.23,15.34,15.26
1629098413,Aggarwala,Gaurav,Huntsville,TX,77340,4,Cardiology,99453,"Remote monitoring of physiologic parameters, initial set-up and patient education on use of equipment",O,16,18.0,18,68.333333333,17.93,14.29,15.26
1629098413,Aggarwala,Gaurav,Huntsville,TX,77340,4,Cardiology,99457,"Remote monitoring of physiologic parameters management services, 20 minutes or more of qualified health care professional time per calendar month",O,14,30.0,30,152.66666667,48.77,38.87,40.4
1629131305,Smith,Jason,Springfield,OR,97477,1,Nurse Practitioner,Q3014,Telehealth originating site facility fee,O,15,81.0,81,35.0,25.735185185,20.24691358,20.24691358
1629167747,Boykoff,Alla,San Francisco,CA,94115,1,Internal Medicine,G2012,"Brief communication technology-based service, e.g. virtual check-in, by a physician or other qualified health care professional who can report evaluation and management services, provided to an established patient, not originating from a related e/m servic",O,34,38.0,38,85.0,15.88,12.55,11.615263158
1629189253,Desai,Rita,Clinton,MO,64735,7,Psychiatry,Q3014,Telehealth originating site facility fee,O,11,32.0,32,51.5625,25.73,20.5,20.5
1629200894,Deluisa,Jason,Anchorage,AK,99508,1,Nurse Practitioner,Q3014,Telehealth originating site facility fee,O,24,31.0,31,23.0,22.63,18.03,18.03
1629210927,Ruan,Cheng-Huai,Houston,TX,77040,1,Internal Medicine,99453,"Remote monitoring of physiologic parameters, initial set-up and patient education on use of equipment",O,16,17.0,17,25.0,19.36,15.43,15.26
1629210927,Ruan,Cheng-Huai,Houston,TX,77040,1,Internal Medicine,99454,"Remote monitoring of physiologic parameters, initial supply of devices with daily recordings or programmed alerts transmission, each 30 days",O,26,52.0,52,80.288461538,63.87,49.891730769,49.322884615
1629210927,Ruan,Cheng-Huai,Houston,TX,77040,1,Internal Medicine,99457,"Remote monitoring of physiologic parameters management services, 20 minutes or more of qualified health care professional time per calendar month",O,26,182.0,182,66.098901099,51.382747253,40.805824176,40.275824176
1629210927,Ruan,Cheng-Huai,Houston,TX,77040,1,Internal Medicine,G2012,"Brief communication technology-based service, e.g. virtual check-in, by a physician or other qualified health care professional who can report evaluation and management services, provided to an established patient, not originating from a related e/m servic",O,16,54.0,54,25.092592593,14.73,11.74,11.59
1629218474,Pulido,Alex,Palatka,FL,32177,4,Internal Medicine,99453,"Remote monitoring of physiologic parameters, initial set-up and patient education on use of equipment",O,19,19.0,19,50.0,18.4,14.67,15.26
1629218474,Pulido,Alex,Palatka,FL,32177,4,Internal Medicine,99454,"Remote monitoring of physiologic parameters, initial supply of devices with daily recordings or programmed alerts transmission, each 30 days",O,18,18.0,18,120.0,60.32,48.08,50.29
1629218474,Pulido,Alex,Palatka,FL,32177,4,Internal Medicine,99457,"Remote monitoring of physiologic parameters management services, 20 minutes or more of qualified health care professional time per calendar month",O,19,19.0,19,100.0,49.96,39.82,40.4
1629238860,Davis,Matthew,West Long Branch,NJ,7764,1,Neurology,99091,"Collection and interpretation of physical parameters stored in computers and/or transmitted by the patient and/or caregiver to qualified health care professional, requiring 30 minutes or more, per 30 days",O,41,52.0,52,149.0,60.224615385,47.994615385,45.78
1629248588,Akhtar,Naeem,Lexington,KY,40503,1,Psychiatry,Q3014,Telehealth originating site facility fee,F,21,44.0,44,15.0,14.792727273,10.156363636,10.156363636
1629262183,Nassif,Nader,Newport Beach,CA,92660,1,Orthopedic Surgery,99091,"Collection and interpretation of physical parameters stored in computers and/or transmitted by the patient and/or caregiver to qualified health care professional, requiring 30 minutes or more, per 30 days",O,46,57.0,57,170.0,61.31,48.85,45.78
1629262183,Nassif,Nader,Newport Beach,CA,92660,1,Orthopedic Surgery,99453,"Remote monitoring of physiologic parameters, initial set-up and patient education on use of equipment",O,11,11.0,11,60.0,22.37,17.82,15.25
1629262183,Nassif,Nader,Newport Beach,CA,92660,1,Orthopedic Surgery,99457,"Remote monitoring of physiologic parameters management services, 20 minutes or more of qualified health care professional time per calendar month",O,12,12.0,12,170.0,56.17,44.75,40.4
1629262258,King,Justin,National City,CA,91950,1,General Surgery,99453,"Remote monitoring of physiologic parameters, initial set-up and patient education on use of equipment",O,299,302.0,302,35.0,20.757284768,16.381523179,15.109900662
1629271507,Zhu,Jiakai,Annapolis,MD,21401,1,Urology,G2012,"Brief communication technology-based service, e.g. virtual check-in, by a physician or other qualified health care professional who can report evaluation and management services, provided to an established patient, not originating from a related e/m servic",O,49,57.0,57,15.68,15.63,12.49,11.58
1629272083,Naim,Dan,Beverly Hills,CA,90210,1,Pulmonary Disease,G2012,"Brief communication technology-based service, e.g. virtual check-in, by a physician or other qualified health care professional who can report evaluation and management services, provided to an established patient, not originating from a related e/m servic",O,15,17.0,17,47.647058824,15.762941176,11.1,10.226470588
1629275474,Vigilia,Larry,Glendale,CA,91205,1,Family Practice,Q3014,Telehealth originating site facility fee,O,12,21.0,21,105.0,25.73,20.5,20.5
1629304050,Harpe,Karisa,Newnan,GA,30263,1,Certified Clinical Nurse Specialist,Q3014,Telehealth originating site facility fee,O,55,80.0,80,25.1,24.73,18.204,18.204
1629323605,Cornell,Carissa,Fargo,ND,58104,1,Nurse Practitioner,Q3014,Telehealth originating site facility fee,O,11,22.0,22,50.0,25.749090909,19.568181818,19.568181818
1629411574,Livermont,Kirk,Pierre,SD,57501,4,Family Practice,Q3014,Telehealth originating site facility fee,O,11,13.0,13,48.692307692,25.743846154,19.819230769,19.819230769
1639110281,Dubose,Joseph,Miami,FL,33136,1,Nurse Practitioner,Q3014,Telehealth originating site facility fee,O,35,47.0,47,50.0,25.73,20.5,20.5
1639119621,Grobman,Craig,Greenvale,NY,11548,1,Internal Medicine,G2012,"Brief communication technology-based service, e.g. virtual check-in, by a physician or other qualified health care professional who can report evaluation and management services, provided to an established patient, not originating from a related e/m servic",O,23,27.0,27,20.0,16.196666667,10.981851852,9.7288888889
1639131014,Peterson,Thomas,Grand Forks,ND,58201,1,Psychiatry,Q3014,Telehealth originating site facility fee,O,118,484.0,484,51.0,25.767768595,18.655950413,18.655950413
1639149545,Fesen,Mark,Great Bend,KS,67530,4,Medical Oncology,Q3014,Telehealth originating site facility fee,O,121,251.0,251,76.2,25.543784861,19.418565737,19.626932271
1639186240,Ejeh,Sylvester,Fayetteville,NC,28304,1,Cardiology,99091,"Collection and interpretation of physical parameters stored in computers and/or transmitted by the patient and/or caregiver to qualified health care professional, requiring 30 minutes or more, per 30 days",O,67,68.0,68,150.0,54.821764706,43.687941176,45.938382353
1639224561,Siddiqui,Naushin,Flushing,NY,11367,1,Internal Medicine,99453,"Remote monitoring of physiologic parameters, initial set-up and patient education on use of equipment",O,52,52.0,52,70.0,23.400384615,14.609807692,11.865
1639224561,Siddiqui,Naushin,Flushing,NY,11367,1,Internal Medicine,99454,"Remote monitoring of physiologic parameters, initial supply of devices with daily recordings or programmed alerts transmission, each 30 days",O,76,439.0,439,115.0,76.110387244,59.652323462,49.438769932
1639224561,Siddiqui,Naushin,Flushing,NY,11367,1,Internal Medicine,99457,"Remote monitoring of physiologic parameters management services, 20 minutes or more of qualified health care professional time per calendar month",O,76,440.0,440,100.0,58.980409091,46.972613636,40.382727273
1639269723,Nguyen,Marisa,Aiea,HI,96701,1,Internal Medicine,G2012,"Brief communication technology-based service, e.g. virtual check-in, by a physician or other qualified health care professional who can report evaluation and management services, provided to an established patient, not originating from a related e/m servic",O,27,32.0,32,38.0,13.37,10.65,10.45
1639334337,Sanderson,Scott,Kailua,HI,96734,2,Emergency Medicine,99453,"Remote monitoring of physiologic parameters, initial set-up and patient education on use of equipment",F,61,62.0,62,46.04516129,22.615806452,18.086290323,15.26
1639334337,Sanderson,Scott,Kailua,HI,96734,2,Emergency Medicine,99457,"Remote monitoring of physiologic parameters management services, 20 minutes or more of qualified health care professional time per calendar month",F,47,48.0,48,70.61,35.812291667,28.63875,25.430416667
1639335607,Chowdhury,Mohammad,Odessa,MO,64076,2,Psychiatry,Q3014,Telehealth originating site facility fee,O,16,35.0,35,51.485714286,25.814,16.4,16.4
1639354434,Pandya,Tanya,Suwanee,GA,30024,1,Family Practice,G2012,"Brief communication technology-based service, e.g. virtual check-in, by a physician or other qualified health care professional who can report evaluation and management services, provided to an established patient, not originating from a related e/m servic",O,14,17.0,17,17.0,14.72,11.76,11.59
1639372949,Tamirisa,Srinath,San Antonio,TX,78212,1,Nephrology,99453,"Remote monitoring of physiologic parameters, initial set-up and patient education on use of equipment",O,13,13.0,13,25.0,18.15,14.51,15.26
1639373731,Ibazebo,Ehireme,Dallas,TX,75207,1,Psychiatry,Q3014,Telehealth originating site facility fee,O,21,24.0,24,26.88,25.9225,11.104166667,11.104166667
1639379837,Guillermo,Andres,Lake Charles,LA,70601,1,Family Practice,99453,"Remote monitoring of physiologic parameters, initial set-up and patient education on use of equipment",O,107,108.0,108,58.0,17.12,13.65,15.26
1639379837,Guillermo,Andres,Lake Charles,LA,70601,1,Family Practice,99454,"Remote monitoring of physiologic parameters, initial supply of devices with daily recordings or programmed alerts transmission, each 30 days",O,107,272.0,272,188.0,56.19,44.79,50.29
1639379837,Guillermo,Andres,Lake Charles,LA,70601,1,Family Practice,99457,"Remote monitoring of physiologic parameters management services, 20 minutes or more of qualified health care professional time per calendar month",O,107,272.0,272,161.0,47.94,38.21,40.4
1639387418,Mushlin,Neil,Lansdale,PA,19446,1,Pulmonary Disease,99091,"Collection and interpretation of physical parameters stored in computers and/or transmitted by the patient and/or caregiver to qualified health care professional, requiring 30 minutes or more, per 30 days",O,166,1026.0,1026,184.3128655,61.228177388,48.392865497,45.258099415
1639387418,Mushlin,Neil,Lansdale,PA,19446,1,Pulmonary Disease,99453,"Remote monitoring of physiologic parameters, initial set-up and patient education on use of equipment",O,43,43.0,43,66.0,20.894418605,16.705348837,15.259767442
1639387418,Mushlin,Neil,Lansdale,PA,19446,1,Pulmonary Disease,99454,"Remote monitoring of physiologic parameters, initial supply of devices with daily recordings or programmed alerts transmission, each 30 days",O,41,81.0,81,216.0,68.842345679,55.035925926,50.29
1639387418,Mushlin,Neil,Lansdale,PA,19446,1,Pulmonary Disease,99457,"Remote monitoring of physiologic parameters management services, 20 minutes or more of qualified health care professional time per calendar month",O,12,17.0,17,167.0,54.49,43.56,40.4
1639400740,Geiggar-Schad,Erika,Phoenix,AZ,85031,1,"Psychologist, Clinical",Q3014,Telehealth originating site facility fee,O,112,341.0,341,30.0,25.857888563,14.259002933,14.259002933
1639497134,Clifton,Ginger,Little Rock,AR,72205,1,Psychiatry,Q3014,Telehealth originating site facility fee,O,83,199.0,199,25.0,24.713467337,14.038844221,14.038894472
1639509607,Fischer,Melissa,Saint Charles,MO,63301,1,Nurse Practitioner,Q3014,Telehealth originating site facility fee,O,25,50.0,50,51.8,25.7468,19.68,19.68
1639598907,Iype,Anita,Lansing,MI,48910,1,Psychiatry,Q3014,Telehealth originating site facility fee,O,19,32.0,32,23.0,22.6803125,15.5890625,15.5890625
1639669088,Wright,Lori,West Columbia,SC,29169,1,Nurse Practitioner,G2012,"Brief communication technology-based service, e.g. virtual check-in, by a physician or other qualified health care professional who can report evaluation and management services, provided to an established patient, not originating from a related e/m servic",O,25,34.0,34,15.31,11.725588235,9.0652941176,9.5791176471
1649209594,Spyropoulos,Basil,Manitowoc,WI,54220,4,Psychiatry,Q3014,Telehealth originating site facility fee,O,31,104.0,104,40.0,25.765384615,18.775865385,18.775865385
1649271453,Ahmed,Wahaj,Gilbert,AZ,85234,1,Pulmonary Disease,99091,"Collection and interpretation of physical parameters stored in computers and/or transmitted by the patient and/or caregiver to qualified health care professional, requiring 30 minutes or more, per 30 days",O,44,47.0,47,79.361702128,56.649787234,45.149787234,45.77
1649271453,Ahmed,Wahaj,Gilbert,AZ,85234,1,Pulmonary Disease,99453,"Remote monitoring of physiologic parameters, initial set-up and patient education on use of equipment",O,112,118.0,118,20.0,18.552542373,14.654745763,15.135762712
1649289497,Flores,Michael,Donna,TX,78537,1,Internal Medicine,99091,"Collection and interpretation of physical parameters stored in computers and/or transmitted by the patient and/or caregiver to qualified health care professional, requiring 30 minutes or more, per 30 days",O,69,283.0,283,112.0,56.016678445,43.762226148,44.918374558
1649292426,Weisman,Jeffrey,Trevose,PA,19053,1,Cardiology,99453,"Remote monitoring of physiologic parameters, initial set-up and patient education on use of equipment",O,57,57.0,57,23.0,20.985438596,12.404385965,11.270175439
1649292426,Weisman,Jeffrey,Trevose,PA,19053,1,Cardiology,99454,"Remote monitoring of physiologic parameters, initial supply of devices with daily recordings or programmed alerts transmission, each 30 days",O,57,337.0,337,76.0,68.991780415,54.475252226,49.682878338
1649292426,Weisman,Jeffrey,Trevose,PA,19053,1,Cardiology,99457,"Remote monitoring of physiologic parameters management services, 20 minutes or more of qualified health care professional time per calendar month",O,57,347.0,335,59.0,54.518097983,43.141613833,39.995072046
1649292426,Weisman,Jeffrey,Trevose,PA,19053,1,Cardiology,G2012,"Brief communication technology-based service, e.g. virtual check-in, by a physician or other qualified health care professional who can report evaluation and management services, provided to an established patient, not originating from a related e/m servic",O,57,295.0,295,18.0,15.566711864,12.245016949,11.400474576
1649310517,Lloyd,Jim,Waxahachie,TX,75165,1,Psychiatry,Q3014,Telehealth originating site facility fee,O,115,421.0,421,23.72,23.408598575,15.242137767,15.242137767
1649317835,Rebori,Thomas,Northbrook,IL,60062,1,Psychiatry,Q3014,Telehealth originating site facility fee,O,35,57.0,57,45.0,25.73,20.5,20.5
1649327735,Stevens,Perry,Great Neck,NY,11021,1,Internal Medicine,99091,"Collection and interpretation of physical parameters stored in computers and/or transmitted by the patient and/or caregiver to qualified health care professional, requiring 30 minutes or more, per 30 days",O,12,61.0,61,109.0,65.757868852,51.639344262,45.019672131
1649353046,Laurence,Kevin,Minocqua,WI,54548,10,Internal Medicine,Q3014,Telehealth originating site facility fee,O,38,45.0,45,40.0,25.167555556,19.588888889,20.17
1649389594,Donahue,Patrice,Selma,AL,36701,4,Psychiatry,Q3014,Telehealth originating site facility fee,O,33,64.0,64,25.128125,24.7896875,16.6265625,16.6265625
1649393109,Morrow,Traci,Sylacauga,AL,35150,4,Nurse Practitioner,Q3014,Telehealth originating site facility fee,O,41,57.0,57,50.0,25.755614035,19.251754386,19.251754386
1649403817,Daniels,Daphne,Dallas,TX,75247,1,Nurse Practitioner,Q3014,Telehealth originating site facility fee,O,35,91.0,91,28.418461538,25.881648352,13.10010989,13.10010989
1649406752,White,Gregory,Texarkana,TX,75503,1,Internal Medicine,G2012,"Brief communication technology-based service, e.g. virtual check-in, by a physician or other qualified health care professional who can report evaluation and management services, provided to an established patient, not originating from a related e/m servic",O,20,21.0,21,25.0,14.174285714,9.6771428571,9.9985714286
1649442302,Halappanavar,Monica,Louisville,KY,40203,1,Psychiatry,Q3014,Telehealth originating site facility fee,O,42,109.0,109,30.0,25.759908257,19.039449541,19.039449541
1649629130,Williams,Ayanna,Charlotte,NC,28269,1,Nurse Practitioner,Q3014,Telehealth originating site facility fee,O,52,183.0,183,50.409836066,25.752786885,19.387595628,19.387595628
1649670316,Sowles,Sabrina,Worthington,MN,56187,4,Nurse Practitioner,Q3014,Telehealth originating site facility fee,O,56,83.0,83,47.819277108,25.745180723,19.759036145,19.759036145
1649692203,Parker,Carin,Raleigh,NC,27609,1,Licensed Clinical Social Worker,Q3014,Telehealth originating site facility fee,O,12,12.0,12,27.0,25.73,20.5,20.5
1649796665,Carpenter,Susan,Round Rock,TX,78664,1,Nurse Practitioner,Q3014,Telehealth originating site facility fee,O,55,189.0,189,26.0,25.393968254,18.521746032,18.746084656
1659310175,Thompson,Will,Orange Grove,TX,78372,2,Physician Assistant,Q3014,Telehealth originating site facility fee,O,11,12.0,12,50.0,25.835,15.375,15.375
1659317345,Lipscomb,Geoffrey,Foley,AL,36535,4,Family Practice,Q3014,Telehealth originating site facility fee,O,66,93.0,93,34.408602151,25.73,20.5,20.5
1659318608,Diaz,Jose,Leesburg,FL,34748,1,Pulmonary Disease,99453,"Remote monitoring of physiologic parameters, initial set-up and patient education on use of equipment",O,35,36.0,36,37.0,18.4,14.67,15.26
1659318608,Diaz,Jose,Leesburg,FL,34748,1,Pulmonary Disease,99454,"Remote monitoring of physiologic parameters, initial supply of devices with daily recordings or programmed alerts transmission, each 30 days",O,40,94.0,94,122.0,60.33,48.09,50.29
1659318608,Diaz,Jose,Leesburg,FL,34748,1,Pulmonary Disease,99457,"Remote monitoring of physiologic parameters management services, 20 minutes or more of qualified health care professional time per calendar month",O,33,72.0,72,101.0,49.97,39.83,40.4
1659334092,Uecker,Jonathan,New Brighton,MN,55112,1,Psychiatry,Q3014,Telehealth originating site facility fee,O,477,1358.0,1358,80.0,25.692091311,17.061494845,17.169874816
1659375236,Schilling,Sherri,Decorah,IA,52101,7,Family Practice,Q3014,Telehealth originating site facility fee,O,69,90.0,90,39.0,25.733888889,20.310555556,20.310555556
1659391951,Lopez,Fernando,Dothan,AL,36301,1,Psychiatry,Q3014,Telehealth originating site facility fee,O,25,45.0,45,25.76,25.441111111,15.711111111,15.711111111
1659428803,Goldstein,Paul,New York,NY,10011,1,Internal Medicine,G2012,"Brief communication technology-based service, e.g. virtual check-in, by a physician or other qualified health care professional who can report evaluation and management services, provided to an established patient, not originating from a related e/m servic",O,22,30.0,30,18.14,16.35,13.03,11.58
1659475267,Paukman,Lev,Brooklyn,NY,11223,1,Internal Medicine,99453,"Remote monitoring of physiologic parameters, initial set-up and patient education on use of equipment",O,39,39.0,39,150.0,23.761538462,18.025641026,14.861025641
1659475267,Paukman,Lev,Brooklyn,NY,11223,1,Internal Medicine,99454,"Remote monitoring of physiologic parameters, initial supply of devices with daily recordings or programmed alerts transmission, each 30 days",O,39,241.0,241,202.48962656,77.540995851,61.406099585,50.356099585
1659475267,Paukman,Lev,Brooklyn,NY,11223,1,Internal Medicine,99457,"Remote monitoring of physiologic parameters management services, 20 minutes or more of qualified health care professional time per calendar month",O,39,243.0,243,253.08641975,59.780329218,47.616790123,40.599670782
1659481133,Reisler,Scott,Edison,NJ,8817,1,Internal Medicine,G2012,"Brief communication technology-based service, e.g. virtual check-in, by a physician or other qualified health care professional who can report evaluation and management services, provided to an established patient, not originating from a related e/m servic",O,25,31.0,31,17.0,15.758387097,12.14516129,11.216129032
1659535656,Wysoczanski,Mariusz,Chula Vista,CA,91911,1,Cardiology,99453,"Remote monitoring of physiologic parameters, initial set-up and patient education on use of equipment",O,17,18.0,18,63.06,21.18,16.88,15.44
1659535656,Wysoczanski,Mariusz,Chula Vista,CA,91911,1,Cardiology,99454,"Remote monitoring of physiologic parameters, initial supply of devices with daily recordings or programmed alerts transmission, each 30 days",O,17,17.0,17,211.08,70.25,55.97,50.624117647
1659535656,Wysoczanski,Mariusz,Chula Vista,CA,91911,1,Cardiology,99457,"Remote monitoring of physiologic parameters management services, 20 minutes or more of qualified health care professional time per calendar month",O,17,18.0,18,165.66,53.81,42.87,40.674444444
1659623221,Khosravani,Katayoun,Norfolk,VA,23513,1,General Practice,99453,"Remote monitoring of physiologic parameters, initial set-up and patient education on use of equipment",O,13,13.0,13,95.0,23.34,18.65,15.26
1659623221,Khosravani,Katayoun,Norfolk,VA,23513,1,General Practice,99454,"Remote monitoring of physiologic parameters, initial supply of devices with daily recordings or programmed alerts transmission, each 30 days",O,12,12.0,12,154.16666667,76.91,61.45,50.29
1659623221,Khosravani,Katayoun,Norfolk,VA,23513,1,General Practice,99457,"Remote monitoring of physiologic parameters management services, 20 minutes or more of qualified health care professional time per calendar month",O,12,12.0,12,125.0,58.34,46.61,40.4
1659629772,Tatum,Lindsey,Waycross,GA,31501,4,Nurse Practitioner,Q3014,Telehealth originating site facility fee,O,20,26.0,26,26.0,25.610769231,18.883461538,18.883461538
1659630960,Grille,Michael,West Hartford,CT,6107,1,Interventional Pain Management,99453,"Remote monitoring of physiologic parameters, initial set-up and patient education on use of equipment",O,172,173.0,173,50.0,21.34,17.0,15.26
1659630960,Grille,Michael,West Hartford,CT,6107,1,Interventional Pain Management,99454,"Remote monitoring of physiologic parameters, initial supply of devices with daily recordings or programmed alerts transmission, each 30 days",O,176,747.0,747,135.0,70.183212851,55.871566265,50.257095047
1659630960,Grille,Michael,West Hartford,CT,6107,1,Interventional Pain Management,99457,"Remote monitoring of physiologic parameters management services, 20 minutes or more of qualified health care professional time per calendar month",O,121,311.0,311,115.0,54.62,43.52,40.4
1659645646,Sexton,Jessica,Savannah,TN,38372,7,Nurse Practitioner,Q3014,Telehealth originating site facility fee,O,46,47.0,47,78.893617021,25.73893617,20.063829787,20.063829787
1659650935,Fry,Sarah,Austin,TX,78757,1,Nurse Practitioner,Q3014,Telehealth originating site facility fee,O,67,254.0,254,26.0,25.631377953,17.887362205,17.887362205
1659713212,Ford,Deborah,Waynesville,NC,28786,1,Nurse Practitioner,Q3014,Telehealth originating site facility fee,O,105,339.0,339,21.25,20.92300885,16.023097345,16.023097345
1659731487,Khan,Shazia,Dothan,AL,36301,1,Family Practice,Q3014,Telehealth originating site facility fee,O,27,28.0,28,50.0,25.73,20.5,20.5
1659790582,Deng,Yi,Wentzville,MO,63385,1,Psychiatry,Q3014,Telehealth originating site facility fee,O,34,85.0,85,51.294117647,25.73,20.5,20.5
1659807386,Akinyele,Olajumoke,Rome,GA,30165,1,Nurse Practitioner,Q3014,Telehealth originating site facility fee,O,59,110.0,110,28.0,25.73,20.5,20.5
1659889798,Krebs,Natasha,Grand Forks,ND,58201,1,Nurse Practitioner,Q3014,Telehealth originating site facility fee,O,30,80.0,80,51.0,25.77625,18.246,18.246
1669439279,Patel,Chirag,Dallas,TX,75234,1,Internal Medicine,99453,"Remote monitoring of physiologic parameters, initial set-up and patient education on use of equipment",O,13,13.0,13,30.0,19.33,15.4,15.26
1669439279,Patel,Chirag,Dallas,TX,75234,1,Internal Medicine,99454,"Remote monitoring of physiologic parameters, initial supply of devices with daily recordings or programmed alerts transmission, each 30 days",O,13,29.0,29,75.01,63.92,50.93,50.29
1669439436,Cool,Alicia,Baltimore,MD,21204,1,Internal Medicine,G2012,"Brief communication technology-based service, e.g. virtual check-in, by a physician or other qualified health care professional who can report evaluation and management services, provided to an established patient, not originating from a related e/m servic",O,21,26.0,26,20.0,15.45,12.31,11.58
1669454898,Saben,Laurence,El Cajon,CA,92020,1,Psychiatry,G2012,"Brief communication technology-based service, e.g. virtual check-in, by a physician or other qualified health care professional who can report evaluation and management services, provided to an established patient, not originating from a related e/m servic",F,65,106.0,105,25.0,13.518490566,10.133018868,9.8196226415
1669454898,Saben,Laurence,El Cajon,CA,92020,1,Psychiatry,G2012,"Brief communication technology-based service, e.g. virtual check-in, by a physician or other qualified health care professional who can report evaluation and management services, provided to an established patient, not originating from a related e/m servic",O,16,54.0,54,25.0,15.111851852,11.157407407,10.782592593
1669464665,Kuno,Helen,Midlothian,VA,23114,1,Internal Medicine,99453,"Remote monitoring of physiologic parameters, initial set-up and patient education on use of equipment",O,12,12.0,12,20.0,19.11,15.28,15.26
1669468146,Simor,Ginger,Saratoga Springs,NY,12866,1.1,Psychiatry,Q3014,Telehealth originating site facility fee,O,19,62.0,62,48.523387097,25.73,20.5,20.5
1669485371,Patel,Bharat,Webster,TX,77598,1,Cardiology,Q3014,Telehealth originating site facility fee,O,39,213.0,213,495.25826291,25.753943662,19.33056338,19.33056338
1669586319,Patel,Jirpesh,Raleigh,NC,27606,1,Psychiatry,Q3014,Telehealth originating site facility fee,O,28,69.0,69,25.0,24.647536232,17.268985507,17.268985507
1669651667,Onafuye,Rasheed,Monroe,NC,28112,1,Psychiatry,Q3014,Telehealth originating site facility fee,O,21,72.0,72,25.0,24.606666667,19.270416667,19.270416667
1669727137,Freeman-Scott,Tiffany,Reston,VA,20190,1,Nurse Practitioner,Q3014,Telehealth originating site facility fee,O,197,659.0,659,52.47,25.846024279,14.840045524,14.840045524
1669785242,Petzke,Cindy,Elizabethtown,KY,42701,2,Nurse Practitioner,Q3014,Telehealth originating site facility fee,F,40,48.0,48,25.0,24.776041667,10.976458333,10.976458333
1669785242,Petzke,Cindy,Elizabethtown,KY,42701,2,Nurse Practitioner,Q3014,Telehealth originating site facility fee,O,68,197.0,197,25.0,24.614162437,18.904517766,18.904517766
1669801551,Rubin,Barbara,Rome,GA,30165,1,"Psychologist, Clinical",Q3014,Telehealth originating site facility fee,O,34,130.0,130,28.0,25.73,20.5,20.5
1669973822,Williams,Sharon,Evansville,IN,47715,1,Nurse Practitioner,Q3014,Telehealth originating site facility fee,O,41,123.0,123,50.0,25.73,20.5,20.5
1669995411,Yang,Mary,Milwaukee,WI,53226,1,Nurse Practitioner,Q3014,Telehealth originating site facility fee,O,55,115.0,115,30.0,25.759217391,19.073913043,19.073913043
1679001341,Ecclesiastre,Nelcie,Brooklyn,NY,11204,1,Nurse Practitioner,99453,"Remote monitoring of physiologic parameters, initial set-up and patient education on use of equipment",O,21,21.0,21,25.99,19.9,15.86,12.97
1679001341,Ecclesiastre,Nelcie,Brooklyn,NY,11204,1,Nurse Practitioner,99454,"Remote monitoring of physiologic parameters, initial supply of devices with daily recordings or programmed alerts transmission, each 30 days",O,17,39.0,39,80.99,64.93,51.73,42.74
1679131312,Herrick,Martha,Waterford,PA,16441,2,Licensed Clinical Social Worker,Q3014,Telehealth originating site facility fee,O,25,25.0,25,25.0,24.616,18.816,18.816
1679547533,Hively,Jeffrey,Danville,VA,24541,4,Family Practice,Q3014,Telehealth originating site facility fee,O,96,98.0,98,35.0,25.769387755,18.576632653,18.576632653
1679642565,Gelbert,Rimma,Brooklyn,NY,11229,1,Family Practice,99091,"Collection and interpretation of physical parameters stored in computers and/or transmitted by the patient and/or caregiver to qualified health care professional, requiring 30 minutes or more, per 30 days",O,51,60.0,60,70.0,65.19,51.94,45.77
1679642565,Gelbert,Rimma,Brooklyn,NY,11229,1,Family Practice,Q3014,Telehealth originating site facility fee,O,43,60.0,60,50.0,25.751,19.475,19.475
1679648463,Ahmad,Lubna,Las Vegas,NV,89128,1,Endocrinology,99091,"Collection and interpretation of physical parameters stored in computers and/or transmitted by the patient and/or caregiver to qualified health care professional, requiring 30 minutes or more, per 30 days",O,17,22.0,22,75.0,57.62,45.92,45.78
1679661102,Tageldin,Magdi,Spanish Fort,AL,36527,1.1,Psychiatry,Q3014,Telehealth originating site facility fee,O,209,706.0,706,24.83,24.490991501,16.493441926,16.493441926
1679680474,Brazile,Cathleen,Belgrade,ME,4917,5,Nurse Practitioner,Q3014,Telehealth originating site facility fee,O,24,43.0,43,40.0,24.601395349,16.227674419,17.443953488
1679686943,Wellman,Kathryn,Varney,WV,25696,3,Nurse Practitioner,Q3014,Telehealth originating site facility fee,O,13,30.0,30,33.0,25.758,19.133333333,19.133333333
1679973580,Subedi,Kalyan,Lexington,KY,40502,1,Nurse Practitioner,Q3014,Telehealth originating site facility fee,O,137,241.0,241,50.0,25.747302905,19.656182573,19.656182573
1679983738,Ramsook,Ryan,Staten Island,NY,10305,1,Pain Management,99453,"Remote monitoring of physiologic parameters, initial set-up and patient education on use of equipment",O,26,26.0,26,56.008846154,18.37,14.64,15.26
1679983738,Ramsook,Ryan,Staten Island,NY,10305,1,Pain Management,99454,"Remote monitoring of physiologic parameters, initial supply of devices with daily recordings or programmed alerts transmission, each 30 days",O,63,165.0,165,183.66,60.245939394,47.709090909,50.002606061
1679983738,Ramsook,Ryan,Staten Island,NY,10305,1,Pain Management,99457,"Remote monitoring of physiologic parameters management services, 20 minutes or more of qualified health care professional time per calendar month",O,63,173.0,173,152.1,49.89,39.75,40.4
1679996375,Ganpat,Seeta,Glendale,NY,11385,1,Nurse Practitioner,99453,"Remote monitoring of physiologic parameters, initial set-up and patient education on use of equipment",O,24,24.0,24,25.99,19.9,15.86,12.97
1679996375,Ganpat,Seeta,Glendale,NY,11385,1,Nurse Practitioner,99454,"Remote monitoring of physiologic parameters, initial supply of devices with daily recordings or programmed alerts transmission, each 30 days",O,21,54.0,54,80.99,64.940555556,51.217592593,42.227592593
1689035032,Brazell,Karen,Brunswick,GA,31520,1,Nurse Practitioner,Q3014,Telehealth originating site facility fee,O,131,239.0,239,25.09539749,24.703849372,19.264686192,19.264686192
1689059057,Bougere,Lori,Beaumont,TX,77701,1,Nurse Practitioner,Q3014,Telehealth originating site facility fee,O,47,80.0,80,25.71875,25.3715,16.96625,16.96625
1689089112,Hiranandani,Raj,Park Falls,WI,54552,10,Internal Medicine,Q3014,Telehealth originating site facility fee,O,44,54.0,54,40.0,25.772962963,18.40037037,18.40037037
1689124125,Adelekan-Adeogun,Latifat,Dallas,TX,75228,1,Nurse Practitioner,Q3014,Telehealth originating site facility fee,O,98,239.0,239,18.471631799,18.029414226,10.718702929,10.718702929
1689603839,Opsahl,Linda,Kingsford,MI,49802,4,Nurse Practitioner,Q3014,Telehealth originating site facility fee,O,29,80.0,80,25.0,24.67325,16.0115,16.0115
1689611337,Chang,Ku-Juey Raymond,Lake Forest,CA,92630,1.1,Nephrology,99453,"Remote monitoring of physiologic parameters, initial set-up and patient education on use of equipment",O,23,114.0,114,32.0,22.56,18.01,15.25
1689611337,Chang,Ku-Juey Raymond,Lake Forest,CA,92630,1.1,Nephrology,99454,"Remote monitoring of physiologic parameters, initial supply of devices with daily recordings or programmed alerts transmission, each 30 days",O,23,114.0,114,104.0,74.782982456,59.384210526,49.967807018
1689615197,Goodwin,Laura,San Diego,CA,92123,1,Nurse Practitioner,Q3014,Telehealth originating site facility fee,O,74,460.0,460,30.382608696,25.761456522,18.963434783,18.963478261
1689620700,Iyengar,Devarajan,Bayonne,NJ,7002,1,Internal Medicine,G2012,"Brief communication technology-based service, e.g. virtual check-in, by a physician or other qualified health care professional who can report evaluation and management services, provided to an established patient, not originating from a related e/m servic",O,70,127.0,127,250.0,15.77,12.57,11.59
1689627135,Fromherz,Scott,Tigard,OR,97223,1,Sleep Medicine,99454,"Remote monitoring of physiologic parameters, initial supply of devices with daily recordings or programmed alerts transmission, each 30 days",O,125,244.0,244,129.46016393,60.359467213,47.13545082,49.646352459
1689628885,Mallik,Subodh,Fort Stockton,TX,79735,7,Internal Medicine,99091,"Collection and interpretation of physical parameters stored in computers and/or transmitted by the patient and/or caregiver to qualified health care professional, requiring 30 minutes or more, per 30 days",O,25,25.0,25,113.48,56.132,35.664,36.922
1689645657,Pruitt,Charles,Winnsboro,TX,75494,8,Family Practice,99453,"Remote monitoring of physiologic parameters, initial set-up and patient education on use of equipment",O,45,46.0,46,50.0,18.03,14.39,15.26
1689645657,Pruitt,Charles,Winnsboro,TX,75494,8,Family Practice,99454,"Remote monitoring of physiologic parameters, initial supply of devices with daily recordings or programmed alerts transmission, each 30 days",O,35,115.0,115,100.0,59.56,47.54,50.29
1689645657,Pruitt,Charles,Winnsboro,TX,75494,8,Family Practice,99457,"Remote monitoring of physiologic parameters management services, 20 minutes or more of qualified health care professional time per calendar month",O,35,115.0,115,80.0,49.04,39.14,40.4
1689664492,Keeffe,Brian,Larkspur,CA,94939,1,Cardiology,99091,"Collection and interpretation of physical parameters stored in computers and/or transmitted by the patient and/or caregiver to qualified health care professional, requiring 30 minutes or more, per 30 days",O,39,181.0,181,295.0,60.541270718,45.544475138,43.150276243
1689664492,Keeffe,Brian,Larkspur,CA,94939,1,Cardiology,99457,"Remote monitoring of physiologic parameters management services, 20 minutes or more of qualified health care professional time per calendar month",O,16,21.0,21,276.71,56.81,45.34,40.4
1689669293,Bellucci Jackson,Jennifer,Wauconda,IL,60084,2,Family Practice,99453,"Remote monitoring of physiologic parameters, initial set-up and patient education on use of equipment",O,43,43.0,43,75.0,20.348837209,15.334418605,14.401395349
1689669293,Bellucci Jackson,Jennifer,Wauconda,IL,60084,2,Family Practice,99454,"Remote monitoring of physiologic parameters, initial supply of devices with daily recordings or programmed alerts transmission, each 30 days",O,54,211.0,211,140.0,67.246303318,53.002843602,49.637014218
1689669293,Bellucci Jackson,Jennifer,Wauconda,IL,60084,2,Family Practice,99457,"Remote monitoring of physiologic parameters management services, 20 minutes or more of qualified health care professional time per calendar month",O,53,211.0,211,140.0,53.663601896,42.443838863,40.017061611
1689693707,Smith,Alan,Wenatchee,WA,98801,1,Gastroenterology,Q3014,Telehealth originating site facility fee,O,15,16.0,16,53.0,25.7825,17.9375,17.9375
1689757775,Raish,Robert,Bellingham,WA,98225,1,Hematology-Oncology,Q3014,Telehealth originating site facility fee,O,44,68.0,68,56.536764706,25.781323529,17.995735294,17.995735294
1689765059,Lomis,Van,Baltimore,MD,21237,1,Internal Medicine,G2012,"Brief communication technology-based service, e.g. virtual check-in, by a physician or other qualified health care professional who can report evaluation and management services, provided to an established patient, not originating from a related e/m servic",O,140,222.0,222,25.0,15.439009009,11.847117117,11.162702703
1689770521,Oglesby-Junk,Brooks,Vancouver,WA,98661,1,Nurse Practitioner,Q3014,Telehealth originating site facility fee,O,178,540.0,540,35.0,25.690351852,18.593111111,18.671814815
1689778706,Cancel,Jaime,Port Charlotte,FL,33980,1,Pulmonary Disease,99453,"Remote monitoring of physiologic parameters, initial set-up and patient education on use of equipment",O,14,14.0,14,26.25,17.262142857,13.798571429,15.532142857
1689778706,Cancel,Jaime,Port Charlotte,FL,33980,1,Pulmonary Disease,99454,"Remote monitoring of physiologic parameters, initial supply of devices with daily recordings or programmed alerts transmission, each 30 days",O,11,33.0,33,86.0,60.95,48.71,50.29
1689778946,Scumpia,Simona,Austin,TX,78758,1,Endocrinology,99453,"Remote monitoring of physiologic parameters, initial set-up and patient education on use of equipment",O,82,83.0,83,40.0,19.47,15.52,15.26
1689778946,Scumpia,Simona,Austin,TX,78758,1,Endocrinology,99454,"Remote monitoring of physiologic parameters, initial supply of devices with daily recordings or programmed alerts transmission, each 30 days",O,83,84.0,84,79.761904762,64.42,51.34,50.29
1689804262,Yarasi,Naveen,Columbia,MO,65212,1,Psychiatry,Q3014,Telehealth originating site facility fee,O,24,51.0,51,50.980392157,25.749607843,19.545098039,19.545098039
1689811689,Sims,Catherine,Hobbs,NM,88242,4,Licensed Clinical Social Worker,Q3014,Telehealth originating site facility fee,O,30,46.0,46,24.144347826,23.794347826,17.280869565,17.280869565
1689817439,Walia,Ameeta,Lake Success,NY,11042,1,Cardiology,99453,"Remote monitoring of physiologic parameters, initial set-up and patient education on use of equipment",O,74,78.0,78,70.0,23.62,18.86,15.26
1689817439,Walia,Ameeta,Lake Success,NY,11042,1,Cardiology,99454,"Remote monitoring of physiologic parameters, initial supply of devices with daily recordings or programmed alerts transmission, each 30 days",O,72,363.0,363,207.0,76.745619835,61.277052342,50.57630854
1689817439,Walia,Ameeta,Lake Success,NY,11042,1,Cardiology,99457,"Remote monitoring of physiologic parameters management services, 20 minutes or more of qualified health care professional time per calendar month",O,71,362.0,362,159.0,59.42,47.45,40.555801105
1689822835,Fulton,Ann,Fairfield,OH,45014,1,Nurse Practitioner,Q3014,Telehealth originating site facility fee,O,19,87.0,87,48.0,25.739655172,20.028735632,20.028735632
1689847485,Firth,Ryan,Lander,WY,82520,7,Pediatric Medicine,Q3014,Telehealth originating site facility fee,O,21,24.0,24,40.0,25.73,20.5,20.5
1689926982,Lyon-Paul,Sharon,Newark,OH,43055,1,Nurse Practitioner,Q3014,Telehealth originating site facility fee,F,123,424.0,424,20.0,19.702712264,14.568490566,14.568490566
1689981904,Enriquez,Julio,El Paso,TX,79902,1,Nurse Practitioner,Q3014,Telehealth originating site facility fee,O,32,35.0,35,39.72,25.814,16.4,16.4
1689985962,Gallardo,Joshuae,Hollywood,FL,33021,1,Internal Medicine,Q3014,Telehealth originating site facility fee,O,25,45.0,45,60.0,25.748666667,19.588888889,19.588888889
1699053553,Koroma,Zainabu,Garland,TX,75043,1,Nurse Practitioner,99453,"Remote monitoring of physiologic parameters, initial set-up and patient education on use of equipment",O,21,21.0,21,30.0,16.57,13.23,12.97
1699053553,Koroma,Zainabu,Garland,TX,75043,1,Nurse Practitioner,99454,"Remote monitoring of physiologic parameters, initial supply of devices with daily recordings or programmed alerts transmission, each 30 days",O,21,39.0,39,75.01,54.83,43.79,42.75
1699068353,Maloku,Marie,Pembroke Pines,FL,33028,1,Nurse Practitioner,99091,"Collection and interpretation of physical parameters stored in computers and/or transmitted by the patient and/or caregiver to qualified health care professional, requiring 30 minutes or more, per 30 days",O,27,46.0,46,70.0,50.68,40.38,38.9
1699068486,Johnson,Shauna,North Las Vegas,NV,89031,1,Licensed Clinical Social Worker,Q3014,Telehealth originating site facility fee,O,15,143.0,143,24.24,23.85986014,18.519090909,18.519090909
1699075333,Tyrell,Jessica,Grand Rapids,MI,49546,1,Physician Assistant,Q3014,Telehealth originating site facility fee,O,93,112.0,112,44.142857143,25.754553571,19.300625,19.300625
1699114025,Mcewan,Matthew,Crestview,FL,32536,2,Pain Management,99453,"Remote monitoring of physiologic parameters, initial set-up and patient education on use of equipment",O,107,107.0,107,56.002616822,18.372803738,14.50317757,15.124672897
1699114025,Mcewan,Matthew,Crestview,FL,32536,2,Pain Management,99454,"Remote monitoring of physiologic parameters, initial supply of devices with daily recordings or programmed alerts transmission, each 30 days",O,124,452.0,452,183.97367257,60.24,48.0,50.29
1699114025,Mcewan,Matthew,Crestview,FL,32536,2,Pain Management,99457,"Remote monitoring of physiologic parameters management services, 20 minutes or more of qualified health care professional time per calendar month",O,124,448.0,448,152.0078125,49.89,39.75,40.4
1699216028,Bryan,George,Fremont,CA,94538,1,Physician Assistant,G2010,"Remote evaluation of recorded video and/or images submitted by an established patient (e.g., store and forward), including interpretation with follow-up with the patient within 24 business hours, not originating from a related e/m service provided within t",O,24,24.0,24,20.0,12.35,9.84,8.41
1699216028,Bryan,George,Fremont,CA,94538,1,Physician Assistant,G2012,"Brief communication technology-based service, e.g. virtual check-in, by a physician or other qualified health care professional who can report evaluation and management services, provided to an established patient, not originating from a related e/m servic",O,27,27.0,27,20.0,13.94,11.11,9.85
1699337121,Trent,Lauren,West Columbia,SC,29169,1,Nurse Practitioner,G2012,"Brief communication technology-based service, e.g. virtual check-in, by a physician or other qualified health care professional who can report evaluation and management services, provided to an established patient, not originating from a related e/m servic",O,12,14.0,14,15.31,11.72,9.34,9.85
1699710012,Sehgal,Sudhir,Huntsville,TX,77340,4,Pulmonary Disease,99091,"Collection and interpretation of physical parameters stored in computers and/or transmitted by the patient and/or caregiver to qualified health care professional, requiring 30 minutes or more, per 30 days",O,176,344.0,344,150.26162791,56.485639535,43.018982558,43.739622093
1699735159,Montgomery,Stephen,Pontotoc,MS,38863,7,Family Practice,Q3014,Telehealth originating site facility fee,O,43,68.0,68,36.647058824,25.736176471,20.198529412,20.198529412
1699748046,Omais,Abbas,White Plains,MD,20695,2,Critical Care (Intensivists),99091,"Collection and interpretation of physical parameters stored in computers and/or transmitted by the patient and/or caregiver to qualified health care professional, requiring 30 minutes or more, per 30 days",O,158,255.0,255,69.795215686,56.479529412,42.494862745,43.316941176
1699762641,Aduen,Javier,St Augustine,FL,32086,1,Internal Medicine,99457,"Remote monitoring of physiologic parameters management services, 20 minutes or more of qualified health care professional time per calendar month",O,13,13.0,13,76.0,50.13,39.99,40.4
1699779389,Dao,Hien,Fort Walton Beach,FL,32547,1,Hospitalist,99453,"Remote monitoring of physiologic parameters, initial set-up and patient education on use of equipment",O,16,16.0,16,100.0,18.37,14.64,15.26
1699779389,Dao,Hien,Fort Walton Beach,FL,32547,1,Hospitalist,99454,"Remote monitoring of physiologic parameters, initial supply of devices with daily recordings or programmed alerts transmission, each 30 days",O,16,24.0,24,80.0,60.24,48.0,50.29
1699779389,Dao,Hien,Fort Walton Beach,FL,32547,1,Hospitalist,99457,"Remote monitoring of physiologic parameters management services, 20 minutes or more of qualified health care professional time per calendar month",O,11,12.0,12,95.0,49.89,39.75,40.4
1699786681,Dejarnette-Holly,Tracie,Houston,TX,77002,1,Psychiatry,Q3014,Telehealth originating site facility fee,O,13,14.0,14,27.95,23.953571429,16.386428571,16.386428571
1699858506,Agaon,Gavriil,Rego Park,NY,11374,1,Internal Medicine,G2012,"Brief communication technology-based service, e.g. virtual check-in, by a physician or other qualified health care professional who can report evaluation and management services, provided to an established patient, not originating from a related e/m servic",O,13,20.0,20,52.5,16.79,13.38,11.59
1699889428,Razavipour,Nika,Wayne,WV,25570,2,Psychiatry,Q3014,Telehealth originating site facility fee,O,49,78.0,78,26.07,25.734102564,16.349487179,16.349487179
1699906222,Leiggi Brandon,Sondra,Honolulu,HI,96813,1,Nurse Practitioner,Q3014,Telehealth originating site facility fee,O,15,23.0,23,20.0,19.693913043,14.99826087,14.99826087
1700046018,Reiher,Alexandra,Lakewood,CO,80228,1,Endocrinology,99091,"Collection and interpretation of physical parameters stored in computers and/or transmitted by the patient and/or caregiver to qualified health care professional, requiring 30 minutes or more, per 30 days",O,31,63.0,63,147.55555556,58.655555556,41.697936508,40.705873016
1700067816,Cobb,Enesha,Ann Arbor,MI,48109,1,Emergency Medicine,99453,"Remote monitoring of physiologic parameters, initial set-up and patient education on use of equipment",F,15,15.0,15,47.58,22.342,17.8,15.26
1700067816,Cobb,Enesha,Ann Arbor,MI,48109,1,Emergency Medicine,99457,"Remote monitoring of physiologic parameters management services, 20 minutes or more of qualified health care professional time per calendar month",F,14,14.0,14,73.68,35.103571429,27.967142857,25.43
1700239522,Hill,Carrie,Rock Hill,SC,29732,1.1,Nurse Practitioner,Q3014,Telehealth originating site facility fee,O,12,12.0,12,22.94,22.600833333,16.481666667,16.481666667
1700314978,Delacruz,Maricel,El Cajon,CA,92020,1,Nurse Practitioner,G2012,"Brief communication technology-based service, e.g. virtual check-in, by a physician or other qualified health care professional who can report evaluation and management services, provided to an established patient, not originating from a related e/m servic",O,26,37.0,37,30.52,12.76,10.17,9.8672972973
1700808185,Goerbig-Campbell,Jennifer,Des Moines,IA,50314,1,Advanced Heart Failure and Transplant Cardiology,99454,"Remote monitoring of physiologic parameters, initial supply of devices with daily recordings or programmed alerts transmission, each 30 days",O,14,49.0,49,182.0,57.08,45.48,50.29
1700808185,Goerbig-Campbell,Jennifer,Des Moines,IA,50314,1,Advanced Heart Failure and Transplant Cardiology,99457,"Remote monitoring of physiologic parameters management services, 20 minutes or more of qualified health care professional time per calendar month",O,13,46.0,46,146.0,47.32,37.7,40.341304348
1700841251,Badhiwala,Shamji,Waco,TX,76701,1,Psychiatry,Q3014,Telehealth originating site facility fee,O,141,479.0,479,24.150229645,23.854154489,14.600208768,14.600208768
1700871969,Mcconnell,Jeremy,Bradenton,FL,34209,1,Family Practice,99091,"Collection and interpretation of physical parameters stored in computers and/or transmitted by the patient and/or caregiver to qualified health care professional, requiring 30 minutes or more, per 30 days",O,202,248.0,248,88.0,54.69,43.569153226,45.769153226
1700871969,Mcconnell,Jeremy,Bradenton,FL,34209,1,Family Practice,99453,"Remote monitoring of physiologic parameters, initial set-up and patient education on use of equipment",O,67,69.0,69,28.0,17.46,13.91,15.26
1700871969,Mcconnell,Jeremy,Bradenton,FL,34209,1,Family Practice,99454,"Remote monitoring of physiologic parameters, initial supply of devices with daily recordings or programmed alerts transmission, each 30 days",O,194,416.0,416,92.0,57.102403846,45.305360577,49.986923077
1700904406,Gibson,Robert,Ketchikan,AK,99901,4,Family Practice,Q3014,Telehealth originating site facility fee,O,18,25.0,25,62.43,25.2576,16.8896,17.436
1700925211,Serrano,Noel,Santa Rosa,CA,95405,1,Internal Medicine,99091,"Collection and interpretation of physical parameters stored in computers and/or transmitted by the patient and/or caregiver to qualified health care professional, requiring 30 minutes or more, per 30 days",F,226,673.0,673,100.0,59.370936107,47.254442793,45.728989599
1700925211,Serrano,Noel,Santa Rosa,CA,95405,1,Internal Medicine,99091,"Collection and interpretation of physical parameters stored in computers and/or transmitted by the patient and/or caregiver to qualified health care professional, requiring 30 minutes or more, per 30 days",O,121,560.0,560,100.0,59.680464286,47.040785714,45.285696429
1700925211,Serrano,Noel,Santa Rosa,CA,95405,1,Internal Medicine,99453,"Remote monitoring of physiologic parameters, initial set-up and patient education on use of equipment",F,148,150.0,150,30.0,21.44,17.08,15.903066667
1700925211,Serrano,Noel,Santa Rosa,CA,95405,1,Internal Medicine,99453,"Remote monitoring of physiologic parameters, initial set-up and patient education on use of equipment",O,37,37.0,37,30.0,21.44,17.08,15.997837838
1700936200,Trippe,Bruce,Montgomery,AL,36106,1,Endocrinology,99453,"Remote monitoring of physiologic parameters, initial set-up and patient education on use of equipment",O,12,12.0,12,23.0,16.9325,12.3475,14.165833333
1700944121,Tupper,Charles,Helena,MT,59601,4,Psychiatry,Q3014,Telehealth originating site facility fee,O,12,36.0,36,28.0,25.788333333,17.652777778,17.652777778
1700983004,Mundy,Suzanne,Pittsburgh,PA,15206,1,Physician Assistant,Q3014,Telehealth originating site facility fee,O,47,136.0,136,27.532720588,25.806764706,15.739558824,15.739558824
1700986460,Coolidge,Bradley,Olympia Fields,IL,60461,1,Pulmonary Disease,99457,"Remote monitoring of physiologic parameters management services, 20 minutes or more of qualified health care professional time per calendar month",O,37,45.0,45,75.0,52.428444444,41.868444444,40.624666667
1710026935,Connelly,Jennifer,Long Beach,CA,90815,1,Internal Medicine,99454,"Remote monitoring of physiologic parameters, initial supply of devices with daily recordings or programmed alerts transmission, each 30 days",O,13,26.0,26,150.0,71.897307692,54.509615385,48.355769231
1710048483,Fung,Jason,Oakland,CA,94609,1,Dermatology,G2012,"Brief communication technology-based service, e.g. virtual check-in, by a physician or other qualified health care professional who can report evaluation and management services, provided to an established patient, not originating from a related e/m servic",O,28,50.0,50,25.01,16.6,13.27,11.59
1710060298,Berkman,Andrew,Atlantis,FL,33462,1,Internal Medicine,99454,"Remote monitoring of physiologic parameters, initial supply of devices with daily recordings or programmed alerts transmission, each 30 days",O,96,475.0,475,75.0,64.355789474,50.960926316,49.945747368
1710060298,Berkman,Andrew,Atlantis,FL,33462,1,Internal Medicine,99457,"Remote monitoring of physiologic parameters management services, 20 minutes or more of qualified health care professional time per calendar month",O,96,356.0,356,75.0,52.331516854,41.637106742,40.31747191
1710078928,Sengupta,Shari,Jamestown,NC,27282,1,Psychiatry,Q3014,Telehealth originating site facility fee,O,59,168.0,168,25.0,24.626964286,18.277559524,18.277559524
1710133277,Maouelainin,Nina,Lansdale,PA,19446,1,Critical Care (Intensivists),99453,"Remote monitoring of physiologic parameters, initial set-up and patient education on use of equipment",O,47,47.0,47,85.0,20.99,16.79,15.26
1710133277,Maouelainin,Nina,Lansdale,PA,19446,1,Critical Care (Intensivists),99454,"Remote monitoring of physiologic parameters, initial supply of devices with daily recordings or programmed alerts transmission, each 30 days",O,32,57.0,57,220.0,68.92,55.12,50.29
1710133277,Maouelainin,Nina,Lansdale,PA,19446,1,Critical Care (Intensivists),99457,"Remote monitoring of physiologic parameters management services, 20 minutes or more of qualified health care professional time per calendar month",O,32,56.0,56,280.0,54.58,43.65,40.4
1710181870,Gupta,Vinita,Brooklyn,NY,11203,1,Hematology,99453,"Remote monitoring of physiologic parameters, initial set-up and patient education on use of equipment",F,11,12.0,12,47.58,23.135,18.4775,15.26
1710188479,Cooper,Andrew,Clearwater,FL,33756,1,Orthopedic Surgery,99454,"Remote monitoring of physiologic parameters, initial supply of devices with daily recordings or programmed alerts transmission, each 30 days",O,34,57.0,57,520.0,60.715438596,47.951403509,49.776491228
1710206545,Jariwala,Neil,Decatur,GA,30030,1,Psychiatry,Q3014,Telehealth originating site facility fee,O,135,345.0,345,50.0,25.750347826,19.507826087,19.507826087
1710250055,Waldroup,Tera,Hyannis,MA,2601,1,Nurse Practitioner,Q3014,Telehealth originating site facility fee,O,50,62.0,62,27.987096774,25.451129032,18.288709677,18.288709677
1710356555,Singleton,Charmaine,Omaha,NE,68124,1,Nurse Practitioner,Q3014,Telehealth originating site facility fee,O,151,587.0,587,27.929131175,25.734224872,19.293901193,19.293901193
1710361464,Reed,Whitney,Mountain Home,AR,72653,4,Nurse Practitioner,Q3014,Telehealth originating site facility fee,O,65,170.0,170,58.411764706,25.749764706,19.539058824,19.539058824
1710375050,Gore,Cheryl,Bowling Green,KY,42103,1,Nurse Practitioner,Q3014,Telehealth originating site facility fee,O,82,137.0,137,38.02919708,25.525839416,17.32080292,17.32080292
1710386289,Gonzalez,Robert,Montgomery,AL,36117,1,Nurse Practitioner,Q3014,Telehealth originating site facility fee,O,16,30.0,30,25.4,25.181333333,10.632,10.632
1710390620,Kohler-Krava,Ellen,Anchorage,AK,99508,1,Nurse Practitioner,Q3014,Telehealth originating site facility fee,O,25,40.0,40,50.0,25.73,20.5,20.5
1710430624,Kessel,Christine,Round Rock,TX,78664,1,Nurse Practitioner,Q3014,Telehealth originating site facility fee,O,19,40.0,40,26.0,25.60325,19.2615,19.2615
1710434055,Brunson,Donna,Las Vegas,NV,89117,1,Nurse Practitioner,Q3014,Telehealth originating site facility fee,O,45,108.0,108,23.72,23.455740741,12.933888889,12.933888889
1710914312,Leibrand,Howard,Burlington,WA,98233,1,Emergency Medicine,Q3014,Telehealth originating site facility fee,O,16,19.0,19,50.0,25.73,20.5,20.5
1710921424,Zhang,Wei,Raleigh,NC,27606,1,Psychiatry,Q3014,Telehealth originating site facility fee,O,134,322.0,322,25.0,24.679658385,15.698447205,15.698447205
1710941000,Warren,Laurie,Sioux City,IA,51101,1,Physician Assistant,Q3014,Telehealth originating site facility fee,O,175,517.0,517,30.0,25.781334623,17.9955706,17.9955706
1710957907,Maas,Carlos,Port Charlotte,FL,33980,1,Pulmonary Disease,99453,"Remote monitoring of physiologic parameters, initial set-up and patient education on use of equipment",O,58,59.0,59,26.25,18.65,14.92,15.26
1710957907,Maas,Carlos,Port Charlotte,FL,33980,1,Pulmonary Disease,99454,"Remote monitoring of physiologic parameters, initial supply of devices with daily recordings or programmed alerts transmission, each 30 days",O,68,235.0,235,86.0,61.14,48.9,50.29
1710957907,Maas,Carlos,Port Charlotte,FL,33980,1,Pulmonary Disease,99457,"Remote monitoring of physiologic parameters management services, 20 minutes or more of qualified health care professional time per calendar month",O,12,12.0,12,66.0,50.63,40.49,40.4
1710958947,Anderson,Troy,Goodyear,AZ,85395,2,Neurology,99091,"Collection and interpretation of physical parameters stored in computers and/or transmitted by the patient and/or caregiver to qualified health care professional, requiring 30 minutes or more, per 30 days",O,59,65.0,65,147.0,57.085230769,45.009076923,45.205384615
1710959762,Peery,Terry,Round Rock,TX,78681,1,Neurology,99454,"Remote monitoring of physiologic parameters, initial supply of devices with daily recordings or programmed alerts transmission, each 30 days",O,134,162.0,162,143.0,59.020740741,46.36191358,49.678765432
1710985379,Roth,Aaron,New Rochelle,NY,10804,1,Family Practice,99091,"Collection and interpretation of physical parameters stored in computers and/or transmitted by the patient and/or caregiver to qualified health care professional, requiring 30 minutes or more, per 30 days",O,12,33.0,33,89.0,60.237878788,47.998181818,45.78
1710985379,Roth,Aaron,New Rochelle,NY,10804,1,Family Practice,99453,"Remote monitoring of physiologic parameters, initial set-up and patient education on use of equipment",O,25,27.0,27,31.7,21.44,17.08,15.26
1710993977,Findley,Michael,Waco,TX,76707,1,Psychiatry,Q3014,Telehealth originating site facility fee,O,32,89.0,89,23.94,23.667640449,13.451011236,13.451011236
1710999529,Glodowski,Justin,Cary,NC,27513,1,Family Practice,99091,"Collection and interpretation of physical parameters stored in computers and/or transmitted by the patient and/or caregiver to qualified health care professional, requiring 30 minutes or more, per 30 days",O,11,62.0,62,60.0,56.230483871,43.176451613,44.063225806
1710999529,Glodowski,Justin,Cary,NC,27513,1,Family Practice,99454,"Remote monitoring of physiologic parameters, initial supply of devices with daily recordings or programmed alerts transmission, each 30 days",O,11,64.0,64,111.38296875,59.35,47.42,50.29
1720001118,Grable,Kristen,Dallas,TX,75228,1,Psychiatry,Q3014,Telehealth originating site facility fee,O,66,112.0,112,23.72,23.414821429,14.935625,14.935625
1720017122,Wagnitz,John,Sanford,NC,27330,4,Psychiatry,Q3014,Telehealth originating site facility fee,O,62,132.0,132,25.0,24.646136364,17.335681818,17.335681818
1720045206,Hopkins,Thomas,Roseville,CA,95661,1,Internal Medicine,99454,"Remote monitoring of physiologic parameters, initial supply of devices with daily recordings or programmed alerts transmission, each 30 days",O,12,26.0,26,75.0,69.77,55.8,50.29
1720045206,Hopkins,Thomas,Roseville,CA,95661,1,Internal Medicine,99457,"Remote monitoring of physiologic parameters management services, 20 minutes or more of qualified health care professional time per calendar month",O,12,29.0,29,60.0,54.01,43.19,40.4
1720097298,Edwards,Jonathan,Athens,TX,75751,4,Family Practice,99457,"Remote monitoring of physiologic parameters management services, 20 minutes or more of qualified health care professional time per calendar month",O,13,13.0,13,60.0,48.95,39.05,40.4
1720118458,Samani,Kaveh,Houston,TX,77098,1,Internal Medicine,99453,"Remote monitoring of physiologic parameters, initial set-up and patient education on use of equipment",O,12,12.0,12,79.0,19.57,15.64,15.26
1720127020,Duarte,Ryan,Pasco,WA,99301,1,Physician Assistant,Q3014,Telehealth originating site facility fee,O,11,17.0,17,50.0,25.73,20.5,20.5
1720148760,Zoroufy,Darius,Issaquah,WA,98029,1,Internal Medicine,99457,"Remote monitoring of physiologic parameters management services, 20 minutes or more of qualified health care professional time per calendar month",O,37,41.0,41,116.0,54.736829268,43.745609756,40.4
1720163140,Foster,Robert,Birmingham,AL,35235,1,Interventional Cardiology,99457,"Remote monitoring of physiologic parameters management services, 20 minutes or more of qualified health care professional time per calendar month",O,11,26.0,26,70.0,47.44,37.9,40.4
1720169972,Artal,Roy,Los Angeles,CA,90048,1,Pulmonary Disease,99091,"Collection and interpretation of physical parameters stored in computers and/or transmitted by the patient and/or caregiver to qualified health care professional, requiring 30 minutes or more, per 30 days",O,53,92.0,92,100.0,61.58576087,48.736086957,45.398152174
1720178700,Morgan,Shelly,Bernalillo,NM,87004,1,Nurse Practitioner,Q3014,Telehealth originating site facility fee,O,124,377.0,377,117.97461538,25.785145889,17.810291777,17.810291777
1720188717,Mannem,Koti,Green Bay,WI,54311,1,Psychiatry,Q3014,Telehealth originating site facility fee,O,118,404.0,404,25.0,24.680866337,15.637623762,15.637623762
1720213556,Mcarthur,Kristin,Cary,NC,27511,1,Psychiatry,Q3014,Telehealth originating site facility fee,O,20,75.0,75,25.0,24.6328,17.995733333,17.995733333
1720240401,Comstock,Calista,Coeur D Alene,ID,83814,1,Physician Assistant,Q3014,Telehealth originating site facility fee,O,13,13.0,13,50.0,25.73,20.5,20.5
1720254816,Tolley,Glenna,Dickinson,TX,77539,2,Nurse Practitioner,Q3014,Telehealth originating site facility fee,O,187,759.0,759,44.637681159,25.73055336,20.472990777,20.472990777
1720284250,Krehbiel,Trever,Wichita,KS,67226,1,Psychiatry,Q3014,Telehealth originating site facility fee,O,27,42.0,42,42.857142857,25.416666667,19.776190476,19.776190476
1720321003,Klepfer,Patrick,Houston,TX,77054,1,Physician Assistant,Q3014,Telehealth originating site facility fee,O,11,23.0,23,50.0,25.836086957,15.330434783,15.330434783
1720326739,Ngo,Kimberly,Tomball,TX,77377,1,Physician Assistant,Q3014,Telehealth originating site facility fee,O,111,200.0,200,26.125,24.70535,16.9717,16.97175
1720365406,Thomas,Sibi,Fort Worth,TX,76102,1,Internal Medicine,Q3014,Telehealth originating site facility fee,O,26,26.0,26,50.0,25.73,20.5,20.5
1720433865,Uke,Irene,Lufkin,TX,75901,4,Nurse Practitioner,Q3014,Telehealth originating site facility fee,O,48,62.0,62,25.556451613,25.235967742,15.670806452,15.670806452
1720440092,Bickerstaff,Rhoda,Houston,TX,77006,1,Nurse Practitioner,Q3014,Telehealth originating site facility fee,O,135,603.0,603,90.0,25.767230514,18.686766169,18.686766169
1720466246,Skurat,Angela,Florissant,MO,63031,1,Nurse Practitioner,Q3014,Telehealth originating site facility fee,O,291,1592.0,1592,31.721733668,25.761991206,18.938737437,18.938737437
1720485600,Easley,Amy,Jackson,MS,39216,1,Nurse Practitioner,Q3014,Telehealth originating site facility fee,O,27,48.0,48,15.0,14.81,9.31,9.31
1730103672,Garcia,Marco,Elmhurst,NY,11373,1,Internal Medicine,99453,"Remote monitoring of physiologic parameters, initial set-up and patient education on use of equipment",O,16,16.0,16,35.0,23.32,18.58,15.26
1730104613,Banaszynski,Brenda,Merrill,WI,54452,4,Family Practice,Q3014,Telehealth originating site facility fee,O,16,22.0,22,40.0,25.749090909,19.568181818,19.568181818
1730108192,Steele,Terri,Birmingham,AL,35235,1,Psychiatry,Q3014,Telehealth originating site facility fee,O,66,111.0,111,30.0,25.814234234,16.39018018,16.39018018
1730119074,Petrie,Russell,Newport Beach,CA,92660,1,Orthopedic Surgery,99091,"Collection and interpretation of physical parameters stored in computers and/or transmitted by the patient and/or caregiver to qualified health care professional, requiring 30 minutes or more, per 30 days",O,12,13.0,13,170.0,61.6,49.14,45.78
1730122029,Thorp,Richard,Chico,CA,95926,1,Internal Medicine,99453,"Remote monitoring of physiologic parameters, initial set-up and patient education on use of equipment",O,528,528.0,528,21.0,20.422083333,16.168087121,15.15967803
1730122029,Thorp,Richard,Chico,CA,95926,1,Internal Medicine,99454,"Remote monitoring of physiologic parameters, initial supply of devices with daily recordings or programmed alerts transmission, each 30 days",O,533,1487.0,1487,69.0,67.728298588,53.52736382,49.874862139
1730124520,Ikeda,Daniel,Sacramento,CA,95816,1,Pulmonary Disease,99453,"Remote monitoring of physiologic parameters, initial set-up and patient education on use of equipment",O,13,13.0,13,65.0,21.04,16.83,15.26
1730124520,Ikeda,Daniel,Sacramento,CA,95816,1,Pulmonary Disease,99454,"Remote monitoring of physiologic parameters, initial supply of devices with daily recordings or programmed alerts transmission, each 30 days",O,16,49.0,49,210.0,69.77,55.8,50.29
1730138843,Fredericks,Ruth,Jackson,MS,39216,1,Neurology,Q3014,Telehealth originating site facility fee,O,143,172.0,172,18.069767442,17.699418605,12.268023256,12.363953488
1730159864,Cartee,Rhonda,Moncks Corner,SC,29461,1,Nurse Practitioner,Q3014,Telehealth originating site facility fee,O,289,639.0,639,28.0,25.737496088,20.1342723,20.1342723
1730165341,Ali,Mehrunissa,Warrensburg,MO,64093,4,Psychiatry,Q3014,Telehealth originating site facility fee,O,87,325.0,325,50.824615385,25.772430769,18.428923077,18.428923077
1730208158,Montgomery,Lyle,Ogdensburg,NY,13669,4,Psychiatry,Q3014,Telehealth originating site facility fee,O,14,19.0,19,32.422105263,24.503684211,18.53,18.53
1730260787,Warlick,Christopher,Minneapolis,MN,55455,1,Urology,G2012,"Brief communication technology-based service, e.g. virtual check-in, by a physician or other qualified health care professional who can report evaluation and management services, provided to an established patient, not originating from a related e/m servic",O,13,14.0,14,30.0,14.28,11.41,11.59
1730272584,Baliga,Bantwal,Columbus,GA,31904,1,Family Practice,99453,"Remote monitoring of physiologic parameters, initial set-up and patient education on use of equipment",O,24,24.0,24,100.0,17.29,13.78,15.26
1730272584,Baliga,Bantwal,Columbus,GA,31904,1,Family Practice,99454,"Remote monitoring of physiologic parameters, initial supply of devices with daily recordings or programmed alerts transmission, each 30 days",O,20,44.0,44,80.0,56.85,45.3,50.29
1730272584,Baliga,Bantwal,Columbus,GA,31904,1,Family Practice,99457,"Remote monitoring of physiologic parameters management services, 20 minutes or more of qualified health care professional time per calendar month",O,20,44.0,44,90.0,48.06,38.3,40.4
1730282070,Davidson,Christopher,Pensacola,FL,32514,1,Psychiatry,Q3014,Telehealth originating site facility fee,O,211,771.0,771,24.007782101,23.662036316,16.874954604,16.874954604
1730321027,Behar,Brenda,Far Rockaway,NY,11691,1,Physician Assistant,99453,"Remote monitoring of physiologic parameters, initial set-up and patient education on use of equipment",O,21,40.0,40,25.99,19.9,15.86,12.97
1730321027,Behar,Brenda,Far Rockaway,NY,11691,1,Physician Assistant,99454,"Remote monitoring of physiologic parameters, initial supply of devices with daily recordings or programmed alerts transmission, each 30 days",O,16,42.0,42,80.99,64.93,51.73,42.74
1730332800,Pakalns,Ruta,Wisconsin Rapids,WI,54494,4,Family Practice,Q3014,Telehealth originating site facility fee,O,46,54.0,54,40.0,25.774444444,18.332037037,18.332037037
1730334723,Fieldsmith,Reta,Terrell,TX,75160,4.1,Nurse Practitioner,G2012,"Brief communication technology-based service, e.g. virtual check-in, by a physician or other qualified health care professional who can report evaluation and management services, provided to an established patient, not originating from a related e/m servic",O,15,20.0,20,32.5,12.0465,9.1295,9.3765
1730483082,Stephens,Elisa,Flagstaff,AZ,86004,1,Nurse Practitioner,Q3014,Telehealth originating site facility fee,O,13,21.0,21,25.788095238,25.473809524,15.392380952,15.392380952
1730495763,Butler,Angelique,Springfield,MO,65804,1,"Psychologist, Clinical",Q3014,Telehealth originating site facility fee,O,45,113.0,113,30.0,25.903097345,12.051150442,12.051150442
1730511924,Fonville,Necole,Wilmington,NC,28405,1,Nurse Practitioner,Q3014,Telehealth originating site facility fee,O,15,15.0,15,28.0,25.743333333,19.838666667,19.838666667
1730622739,Shetti,Kosha,Dallas,TX,75209,1,"Psychologist, Clinical",Q3014,Telehealth originating site facility fee,O,61,478.0,478,30.59832636,25.769539749,18.571276151,18.571276151
1730660010,Foster,Kaleigh,Texarkana,TX,75503,1,Nurse Practitioner,G2012,"Brief communication technology-based service, e.g. virtual check-in, by a physician or other qualified health care professional who can report evaluation and management services, provided to an established patient, not originating from a related e/m servic",O,56,65.0,65,25.0,11.982923077,9.4030769231,9.7043076923
1740236694,Thompson,Jason,Birmingham,AL,35235,1,Cardiology,99457,"Remote monitoring of physiologic parameters management services, 20 minutes or more of qualified health care professional time per calendar month",O,12,21.0,21,70.0,47.44,37.9,40.4
1740239227,Lavery,John,Allen,TX,75013,1,Rheumatology,99453,"Remote monitoring of physiologic parameters, initial set-up and patient education on use of equipment",O,19,19.0,19,60.0,17.91,14.27,15.26
1740239227,Lavery,John,Allen,TX,75013,1,Rheumatology,99454,"Remote monitoring of physiologic parameters, initial supply of devices with daily recordings or programmed alerts transmission, each 30 days",O,18,25.0,25,200.0,59.16,47.14,50.29
1740241207,Polam,Uma,Greenbelt,MD,20770,1,Internal Medicine,99453,"Remote monitoring of physiologic parameters, initial set-up and patient education on use of equipment",O,17,17.0,17,50.0,23.12,18.43,15.26
1740241207,Polam,Uma,Greenbelt,MD,20770,1,Internal Medicine,99454,"Remote monitoring of physiologic parameters, initial supply of devices with daily recordings or programmed alerts transmission, each 30 days",O,17,78.0,78,100.0,76.19,60.73,50.29
1740241207,Polam,Uma,Greenbelt,MD,20770,1,Internal Medicine,99457,"Remote monitoring of physiologic parameters management services, 20 minutes or more of qualified health care professional time per calendar month",O,13,43.0,43,100.0,57.8,46.07,40.4
1740252741,Hughes,Gina,Springfield,MA,1103,1,Certified Clinical Nurse Specialist,Q3014,Telehealth originating site facility fee,O,19,23.0,23,23.0,22.774782609,10.974782609,10.974782609
1740285998,Mcmullen,Jill,Tomah,WI,54660,7,Family Practice,Q3014,Telehealth originating site facility fee,O,13,15.0,15,39.0,25.786,17.766666667,17.766666667
1740292895,Africano,Ernesto,Silver Spring,MD,20901,1,Cardiology,99457,"Remote monitoring of physiologic parameters management services, 20 minutes or more of qualified health care professional time per calendar month",O,35,37.0,37,180.0,57.72,45.99,40.702162162
1740309301,Booker,Cherie,Redding,CA,96002,1,Nurse Practitioner,99091,"Collection and interpretation of physical parameters stored in computers and/or transmitted by the patient and/or caregiver to qualified health care professional, requiring 30 minutes or more, per 30 days",O,88,135.0,135,100.0,49.609185185,39.053185185,38.437925926
1740361617,Gamse,Andrea,Austin,TX,78701,1,Physician Assistant,Q3014,Telehealth originating site facility fee,O,36,75.0,75,45.0,25.7412,19.953333333,19.953333333
1740419092,Vasu,Kavita,Elmhurst,NY,11373,1,Psychiatry,Q3014,Telehealth originating site facility fee,O,17,51.0,51,35.0,25.804117647,16.882352941,16.882352941
1740425479,Hubbard,Mandy,Jesup,GA,31545,4,Nurse Practitioner,Q3014,Telehealth originating site facility fee,O,23,33.0,33,25.939393939,25.584242424,17.244848485,17.244848485
1740489004,Hassan,Farah,El Dorado Springs,MO,64744,7,Psychiatry,Q3014,Telehealth originating site facility fee,O,61,279.0,279,50.860215054,25.782759857,17.929283154,17.929283154
1740504810,Staab-Peters,Jamie,Omaha,NE,68105,1,Nurse Practitioner,99453,"Remote monitoring of physiologic parameters, initial set-up and patient education on use of equipment",O,14,14.0,14,61.0,15.026428571,11.970714286,12.97
1740504810,Staab-Peters,Jamie,Omaha,NE,68105,1,Nurse Practitioner,99454,"Remote monitoring of physiologic parameters, initial supply of devices with daily recordings or programmed alerts transmission, each 30 days",O,14,57.0,57,135.0,49.557368421,39.493157895,42.74
1740504810,Staab-Peters,Jamie,Omaha,NE,68105,1,Nurse Practitioner,99457,"Remote monitoring of physiologic parameters management services, 20 minutes or more of qualified health care professional time per calendar month",O,13,54.0,54,115.0,40.21,32.05,34.34
1740514116,Shukla,Dave,Newport Beach,CA,92660,1,Orthopedic Surgery,99091,"Collection and interpretation of physical parameters stored in computers and/or transmitted by the patient and/or caregiver to qualified health care professional, requiring 30 minutes or more, per 30 days",O,12,13.0,13,170.0,61.31,48.85,45.78
1740521913,Maldonado,Markie,Woodland,CA,95695,1,Physician Assistant,Q3014,Telehealth originating site facility fee,O,21,65.0,65,53.0,25.731384615,20.434923077,20.434923077
1740537125,Arnow,Deborah,Reno,NV,89502,1,Nurse Practitioner,Q3014,Telehealth originating site facility fee,O,20,133.0,133,56.262481203,25.740601504,19.987067669,19.987067669
1740539733,Khan,Malik,Grand Rapids,MI,49546,1,Pulmonary Disease,Q3014,Telehealth originating site facility fee,O,19,22.0,22,44.272727273,25.780909091,18.014090909,18.014090909
1740615749,Baumer,Donald,Anacortes,WA,98221,4,Nurse Practitioner,Q3014,Telehealth originating site facility fee,O,34,117.0,117,35.0,25.74974359,19.535982906,19.535982906
1740662394,Curphy,Joshua,Iowa City,IA,52246,1,Nurse Practitioner,Q3014,Telehealth originating site facility fee,O,15,17.0,17,50.0,25.73,20.5,20.5
1750347449,Bellavia,Thomas,Hasbrouck Heights,NJ,7604,1,Family Practice,99453,"Remote monitoring of physiologic parameters, initial set-up and patient education on use of equipment",O,36,37.0,37,25.635135135,22.499189189,17.434864865,14.911351351
1750347449,Bellavia,Thomas,Hasbrouck Heights,NJ,7604,1,Family Practice,99454,"Remote monitoring of physiologic parameters, initial supply of devices with daily recordings or programmed alerts transmission, each 30 days",O,30,65.0,65,83.0,74.500153846,59.360461538,50.410615385
1750347449,Bellavia,Thomas,Hasbrouck Heights,NJ,7604,1,Family Practice,99457,"Remote monitoring of physiologic parameters management services, 20 minutes or more of qualified health care professional time per calendar month",O,23,36.0,36,64.0,56.56,45.08,40.4
1750351235,Cooper,Lisa,Laconia,NH,3246,4,Nurse Practitioner,Q3014,Telehealth originating site facility fee,O,200,527.0,527,30.0,25.732390892,20.383301708,20.383301708
1750367967,Gowda,Bhaskar,Chesterfield,MO,63017,1,Psychiatry,Q3014,Telehealth originating site facility fee,O,74,134.0,134,50.910447761,25.837761194,15.242238806,15.242238806
1750386553,Jennings,Larry,Marshall,AR,72650,10,Family Practice,Q3014,Telehealth originating site facility fee,O,32,92.0,92,25.0,24.737065217,12.882173913,12.882173913
1750421756,Whiteley,Amanda,Austin,TX,78731,1,Psychiatry,Q3014,Telehealth originating site facility fee,O,15,17.0,17,80.0,24.725294118,8.7276470588,9.9735294118
1750449732,Kenny,John,Scarsdale,NY,10583,1,Psychiatry,Q3014,Telehealth originating site facility fee,O,28,31.0,31,40.97516129,25.17,15.526129032,15.526129032
1750472361,Hammer,Michaela,Vero Beach,FL,32960,1,Licensed Clinical Social Worker,Q3014,Telehealth originating site facility fee,O,131,811.0,811,30.298397041,25.73811344,20.104389642,20.104389642
1750489043,Songbandith,Victor,El Paso,TX,79936,1,Family Practice,Q3014,Telehealth originating site facility fee,O,101,213.0,213,45.0,25.776056338,18.254131455,18.254131455
1750489340,Wininger,Eric,Freehold,NJ,7728,1,Endocrinology,G2012,"Brief communication technology-based service, e.g. virtual check-in, by a physician or other qualified health care professional who can report evaluation and management services, provided to an established patient, not originating from a related e/m servic",O,11,12.0,12,25.0,15.32,12.21,11.59
1750566402,Perlman,Craig,Bethpage,NY,11714,1,Internal Medicine,99091,"Collection and interpretation of physical parameters stored in computers and/or transmitted by the patient and/or caregiver to qualified health care professional, requiring 30 minutes or more, per 30 days",O,26,33.0,33,100.0,66.036060606,51.180606061,44.383030303
1750588471,Khatkhate,Gauri,Hines,IL,60141,1,Psychiatry,Q3014,Telehealth originating site facility fee,O,76,121.0,121,31.38,25.73,20.5,20.5
1750627493,Fridrick,Richard,Lenoir City,TN,37771,1,Licensed Clinical Social Worker,Q3014,Telehealth originating site facility fee,O,12,17.0,17,50.0,25.754705882,19.294117647,19.294117647
1750645743,Lafrenierre,Stefani,Escondido,CA,92025,1,Psychiatry,Q3014,Telehealth originating site facility fee,O,22,46.0,46,32.532173913,25.73,20.5,20.5
1750649455,Obasi,Ikenna,Woodbury,MN,55125,1,Psychiatry,Q3014,Telehealth originating site facility fee,O,16,17.0,17,29.823529412,25.827058824,15.760588235,15.760588235
1750662995,Davis,James,Phoenix,AZ,85054,1,Pulmonary Disease,99453,"Remote monitoring of physiologic parameters, initial set-up and patient education on use of equipment",O,63,64.0,64,20.0,18.55,14.78,15.26
1750735825,Amematsro,Fred,Greensboro,NC,27401,1,Nurse Practitioner,Q3014,Telehealth originating site facility fee,O,19,20.0,20,27.0,25.835,15.375,15.375
1750760948,Brown,Ryan,Austin,TX,78723,1,Psychiatry,Q3014,Telehealth originating site facility fee,O,23,23.0,23,33.836521739,25.74826087,19.608695652,19.608695652
1750794319,Chambers,Quentin,Chesterfield,MO,63017,1,Nurse Practitioner,Q3014,Telehealth originating site facility fee,O,33,111.0,111,24.0,23.623423423,18.65045045,18.65045045
1760407936,Lyapis,Victor,Colusa,CA,95932,7,General Practice,G2012,"Brief communication technology-based service, e.g. virtual check-in, by a physician or other qualified health care professional who can report evaluation and management services, provided to an established patient, not originating from a related e/m servic",O,28,29.0,29,85.0,15.88,12.55,12.020344828
1760429799,Hiser,Wesley,Casper,WY,82601,1,Interventional Cardiology,Q3014,Telehealth originating site facility fee,O,44,44.0,44,36.727272727,25.293409091,20.182272727,20.625454545
1760499156,Brandyberry,Lisa,Concord,NC,28025,1,"Psychologist, Clinical",Q3014,Telehealth originating site facility fee,O,16,16.0,16,25.0,24.625,18.375,18.375
1760499826,Ganti,Vinu,Germantown,MD,20874,1,Internal Medicine,G2012,"Brief communication technology-based service, e.g. virtual check-in, by a physician or other qualified health care professional who can report evaluation and management services, provided to an established patient, not originating from a related e/m servic",O,25,39.0,39,45.0,16.14,12.86,11.58
1760568398,Davis,Tearsanee,Jackson,MS,39216,1,Nurse Practitioner,99091,"Collection and interpretation of physical parameters stored in computers and/or transmitted by the patient and/or caregiver to qualified health care professional, requiring 30 minutes or more, per 30 days",O,84,84.0,84,78.0,46.125714286,36.259166667,38.352142857
1760593180,Holbrook,Thomas,Hartland,WI,53029,1,Psychiatry,Q3014,Telehealth originating site facility fee,O,235,978.0,978,31.38,25.730429448,20.479038855,20.479038855
1760610067,Fox,David,Chicago,IL,60611,1,Internal Medicine,G2012,"Brief communication technology-based service, e.g. virtual check-in, by a physician or other qualified health care professional who can report evaluation and management services, provided to an established patient, not originating from a related e/m servic",O,12,13.0,13,35.0,15.671538462,11.566153846,10.689230769
1760615033,Borengasser,Carrie,Little Rock,AR,72209,1,Physician Assistant,Q3014,Telehealth originating site facility fee,O,65,72.0,72,35.0,25.7475,19.645833333,19.645833333
1760638886,Tran,Susan,Green Bay,WI,54311,1,Psychiatry,Q3014,Telehealth originating site facility fee,O,52,253.0,253,35.0,25.656679842,18.796482213,18.904782609
1760777031,Graham Steinhauer,Jessica,Fargo,ND,58103,1,Nurse Practitioner,Q3014,Telehealth originating site facility fee,O,97,272.0,272,51.0,25.791139706,17.516176471,17.516176471
1760984454,Klaverweiden,Paul,Salisbury,MD,21804,1,Nurse Practitioner,Q3014,Telehealth originating site facility fee,O,28,49.0,49,27.0,25.73,20.5,20.5
1770051229,Rae,Benjamin,Mountlake Terrace,WA,98043,1,Nurse Practitioner,Q3014,Telehealth originating site facility fee,O,21,21.0,21,50.0,25.73,20.5,20.5
1770508582,Dheeriya,Ujjwala,Torrance,CA,90505,1,Family Practice,Q3014,Telehealth originating site facility fee,O,35,40.0,40,25.76,25.35,20.2,20.2
1770526410,Kilgore,John,Clearwater,FL,33756,1,Orthopedic Surgery,99454,"Remote monitoring of physiologic parameters, initial supply of devices with daily recordings or programmed alerts transmission, each 30 days",O,23,38.0,38,520.0,60.718684211,47.650526316,49.478421053
1770543795,Bishop,Troy,Cuyahoga Falls,OH,44223,1,Internal Medicine,99453,"Remote monitoring of physiologic parameters, initial set-up and patient education on use of equipment",O,29,29.0,29,33.0,17.59,14.01,15.207241379
1770543795,Bishop,Troy,Cuyahoga Falls,OH,44223,1,Internal Medicine,99454,"Remote monitoring of physiologic parameters, initial supply of devices with daily recordings or programmed alerts transmission, each 30 days",O,28,71.0,71,109.0,57.92,46.15,50.29
1770566341,Hashmi,Shahzad,Gainesville,GA,30501,1,Psychiatry,99453,"Remote monitoring of physiologic parameters, initial set-up and patient education on use of equipment",O,16,16.0,16,35.0,19.16,15.27,15.26
1770566341,Hashmi,Shahzad,Gainesville,GA,30501,1,Psychiatry,99454,"Remote monitoring of physiologic parameters, initial supply of devices with daily recordings or programmed alerts transmission, each 30 days",O,14,42.0,42,85.0,63.05,50.25,50.29
1770566341,Hashmi,Shahzad,Gainesville,GA,30501,1,Psychiatry,99457,"Remote monitoring of physiologic parameters management services, 20 minutes or more of qualified health care professional time per calendar month",O,19,59.0,59,65.0,50.82,40.5,40.4
1770566523,Mikos,Stephen,Roswell,GA,30076,1,Internal Medicine,99454,"Remote monitoring of physiologic parameters, initial supply of devices with daily recordings or programmed alerts transmission, each 30 days",O,12,20.0,20,95.0,60.67,48.51,50.29
1770566523,Mikos,Stephen,Roswell,GA,30076,1,Internal Medicine,99457,"Remote monitoring of physiologic parameters management services, 20 minutes or more of qualified health care professional time per calendar month",O,85,577.0,577,65.0,48.901195841,38.169168111,39.498024263
1770584070,Fernan,Kathleen,Ridgway,PA,15853,7,Family Practice,G2012,"Brief communication technology-based service, e.g. virtual check-in, by a physician or other qualified health care professional who can report evaluation and management services, provided to an established patient, not originating from a related e/m servic",O,31,37.0,37,45.0,14.256216216,11.043243243,11.274864865
1770678880,Daly,James,Naperville,IL,60563,1,Psychiatry,Q3014,Telehealth originating site facility fee,O,22,60.0,60,48.0,25.7625,18.9155,18.9155
1770779225,Wicher,Christopher,Missoula,MT,59808,1,Urology,99453,"Remote monitoring of physiologic parameters, initial set-up and patient education on use of equipment",O,28,28.0,28,40.0,19.67,15.73,15.545357143
1770783599,Urubusi,Joy,St Charles,IL,60175,1,Psychiatry,Q3014,Telehealth originating site facility fee,O,18,68.0,68,125.05882353,25.760882353,18.992647059,18.992647059
1770805277,Lambert,Theresa,Royal Oak,MI,48067,1,Certified Clinical Nurse Specialist,Q3014,Telehealth originating site facility fee,O,164,616.0,616,35.0,25.789983766,17.574886364,17.574886364
1770833881,Gentry,Shelly,Muskego,WI,53150,1,Nurse Practitioner,Q3014,Telehealth originating site facility fee,O,68,104.0,104,25.0,24.615384615,18.846153846,18.846153846
1770933046,Biller,Shelby,Corbin,KY,40701,4,Nurse Practitioner,Q3014,Telehealth originating site facility fee,O,63,190.0,190,76.257894737,25.784052632,17.862631579,17.864789474
1770989410,Toussaint,Tracy,Marysville,CA,95901,1,Nurse Practitioner,99453,"Remote monitoring of physiologic parameters, initial set-up and patient education on use of equipment",O,29,33.0,33,25.46,21.29,16.96,12.97
1770989410,Toussaint,Tracy,Marysville,CA,95901,1,Nurse Practitioner,99454,"Remote monitoring of physiologic parameters, initial supply of devices with daily recordings or programmed alerts transmission, each 30 days",O,50,128.0,128,50.458828125,47.89546875,38.161484375,42.741484375
1770989410,Toussaint,Tracy,Marysville,CA,95901,1,Nurse Practitioner,99457,"Remote monitoring of physiologic parameters management services, 20 minutes or more of qualified health care professional time per calendar month",O,49,122.0,122,61.363032787,51.37942623,40.939672131,34.34
1780011908,Lospaluto,Felicia,Greendale,WI,53129,1,Nurse Practitioner,Q3014,Telehealth originating site facility fee,O,125,236.0,236,30.0,25.794279661,13.647669492,13.723855932
1780027938,Abokede,Eseoghene,Ladysmith,WI,54848,7,Family Practice,Q3014,Telehealth originating site facility fee,O,65,85.0,85,40.0,25.804117647,16.882352941,16.882352941
1780091512,Donaldson-Vargha,Sarah,Bloomington,IN,47403,1,Psychiatry,Q3014,Telehealth originating site facility fee,O,77,153.0,153,40.0,25.743137255,19.857320261,19.857320261
1780625822,Sandoval,Carlos,Key Largo,FL,33037,4,Psychiatry,Q3014,Telehealth originating site facility fee,O,22,24.0,24,49.027083333,25.7475,19.645833333,19.645833333
1780654186,Ehrlich,Michael,Ruston,LA,71270,4,Neurology,Q3014,Telehealth originating site facility fee,O,102,253.0,253,30.0,25.787470356,17.69770751,17.69770751
1780664524,Richman,Craig,Centre Hall,PA,16828,2,Psychiatry,Q3014,Telehealth originating site facility fee,O,29,37.0,37,25.97972973,25.628378378,17.153513514,17.153513514
1780667444,Win,Arthur,Springfield,OH,45504,1,Internal Medicine,G2012,"Brief communication technology-based service, e.g. virtual check-in, by a physician or other qualified health care professional who can report evaluation and management services, provided to an established patient, not originating from a related e/m servic",O,23,43.0,43,15.0,14.159767442,10.755348837,11.07
1780679803,Mclemore,Theodore,Paris,TX,75460,4,Pulmonary Disease,99457,"Remote monitoring of physiologic parameters management services, 20 minutes or more of qualified health care professional time per calendar month",O,363,673.0,673,60.0,49.157028232,38.786047548,39.942095097
1780689398,Khosla,Uday,Houston,TX,77098,1,Nephrology,99453,"Remote monitoring of physiologic parameters, initial set-up and patient education on use of equipment",O,11,12.0,12,79.0,19.57,15.64,15.26
1780723338,Malaty,Raga,Morgan City,LA,70380,4,Psychiatry,Q3014,Telehealth originating site facility fee,O,52,63.0,63,30.0,25.743333333,19.849206349,19.849206349
1780733618,Sabo,Robert,Somers Point,NJ,8244,1,Neurosurgery,99091,"Collection and interpretation of physical parameters stored in computers and/or transmitted by the patient and/or caregiver to qualified health care professional, requiring 30 minutes or more, per 30 days",O,14,31.0,31,130.0,60.26,48.03,45.78
1780742882,Clinton,John,Columbia,SC,29203,1,Licensed Clinical Social Worker,Q3014,Telehealth originating site facility fee,O,73,188.0,188,28.0,25.73,20.5,20.5
1780772673,Halickman,Jack,Palm Beach Gardens,FL,33410,1,Internal Medicine,99454,"Remote monitoring of physiologic parameters, initial supply of devices with daily recordings or programmed alerts transmission, each 30 days",O,11,11.0,11,120.0,64.16,51.12,50.29
1780775098,Gomez,Edwin,Weston,FL,33326,1,Psychiatry,Q3014,Telehealth originating site facility fee,O,23,75.0,75,50.0,25.740533333,19.9836,19.9836
1780779827,Jajesnica,Jessica,Bellevue,WA,98004,1,Nurse Practitioner,Q3014,Telehealth originating site facility fee,O,18,42.0,42,35.0,25.74,20.011904762,20.011904762
1780784645,Nanney,Gregory,Newton,KS,67114,4,Medical Oncology,Q3014,Telehealth originating site facility fee,O,18,20.0,20,76.2,25.751,19.475,19.475
1780828954,Kaul,Aarti,Pittsburgh,PA,15212,1,Psychiatry,Q3014,Telehealth originating site facility fee,O,20,34.0,34,25.0,24.716764706,13.868529412,13.868529412
1780849034,Yamini,David,Santa Monica,CA,90404,1,Gastroenterology,G2012,"Brief communication technology-based service, e.g. virtual check-in, by a physician or other qualified health care professional who can report evaluation and management services, provided to an established patient, not originating from a related e/m servic",O,16,18.0,18,50.0,15.61,12.44,11.59
1780863332,Bregman,Benjamin,Winston Salem,NC,27103,1,Internal Medicine,99457,"Remote monitoring of physiologic parameters management services, 20 minutes or more of qualified health care professional time per calendar month",O,58,63.0,63,55.0,48.825714286,38.344920635,39.76968254
1780903203,Goltser,Anatoliy,Brooklyn,NY,11219,1,Emergency Medicine,99453,"Remote monitoring of physiologic parameters, initial set-up and patient education on use of equipment",F,12,13.0,13,47.58,22.999230769,18.323076923,15.26
1780903203,Goltser,Anatoliy,Brooklyn,NY,11219,1,Emergency Medicine,99457,"Remote monitoring of physiologic parameters management services, 20 minutes or more of qualified health care professional time per calendar month",F,11,12.0,12,73.68,35.804166667,28.525,25.43
1780922500,Tabor,Shirley,Tampa,FL,33604,1,Nurse Practitioner,Q3014,Telehealth originating site facility fee,O,20,61.0,61,28.0,25.73,20.5,20.5
1780923797,Garfield,Pamela,Albuquerque,NM,87109,1,Nurse Practitioner,Q3014,Telehealth originating site facility fee,O,104,296.0,296,23.0,22.68347973,15.424256757,15.424256757
1780951996,Hale,Anthony,Milwaukee,WI,53222,1,Nurse Practitioner,Q3014,Telehealth originating site facility fee,O,65,431.0,431,65.0,25.78262181,17.932111369,17.932111369
1780972307,Palmerston,Janet,Savannah,GA,31406,1,"Psychologist, Clinical",Q3014,Telehealth originating site facility fee,O,44,114.0,114,28.0,25.73,20.5,20.5
1780983569,Vichich,Robert,Louisville,KY,40207,1,Emergency Medicine,99453,"Remote monitoring of physiologic parameters, initial set-up and patient education on use of equipment",F,50,52.0,52,47.1225,21.915,17.503846154,15.26
1780983569,Vichich,Robert,Louisville,KY,40207,1,Emergency Medicine,99457,"Remote monitoring of physiologic parameters management services, 20 minutes or more of qualified health care professional time per calendar month",F,38,40.0,40,72.759,34.6795,27.6985,25.43
1790167419,Boldon,Katelyn,Hilliard,OH,43026,1,Nurse Practitioner,Q3014,Telehealth originating site facility fee,O,82,105.0,105,30.0,25.745428571,19.747619048,19.747619048
1790703809,Miranda,Dalton,Petoskey,MI,49770,7,Cardiology,Q3014,Telehealth originating site facility fee,O,26,32.0,32,25.7475,24.75,18.4871875,19.105625
1790710895,Lechin,Alex,Houston,TX,77034,1,Internal Medicine,99091,"Collection and interpretation of physical parameters stored in computers and/or transmitted by the patient and/or caregiver to qualified health care professional, requiring 30 minutes or more, per 30 days",O,62,188.0,188,59.21,58.289893617,45.945957447,45.292978723
1790739365,Mufti,Rizwan,Lathrup Village,MI,48076,1,Psychiatry,Q3014,Telehealth originating site facility fee,O,41,90.0,90,26.15,25.764888889,18.800444444,18.800444444
1790742005,Idupuganti,Sudharam,Brooklyn,NY,11209,1,Psychiatry,G2012,"Brief communication technology-based service, e.g. virtual check-in, by a physician or other qualified health care professional who can report evaluation and management services, provided to an established patient, not originating from a related e/m servic",O,22,36.0,36,47.222222222,15.907222222,12.318055556,11.268055556
1790751949,Gupta,Ravi,Chandler,AZ,85224,1,Internal Medicine,99454,"Remote monitoring of physiologic parameters, initial supply of devices with daily recordings or programmed alerts transmission, each 30 days",O,19,107.0,107,90.0,61.797009346,47.50271028,48.492990654
1790751949,Gupta,Ravi,Chandler,AZ,85224,1,Internal Medicine,99457,"Remote monitoring of physiologic parameters management services, 20 minutes or more of qualified health care professional time per calendar month",O,19,125.0,125,75.0,50.11248,39.744,40.13704
1790757896,Mandel,William,Beverly Hills,CA,90210,1,Cardiology,99091,"Collection and interpretation of physical parameters stored in computers and/or transmitted by the patient and/or caregiver to qualified health care professional, requiring 30 minutes or more, per 30 days",O,24,103.0,103,126.0,61.975436893,48.722038835,45.032330097
1790757896,Mandel,William,Beverly Hills,CA,90210,1,Cardiology,99453,"Remote monitoring of physiologic parameters, initial set-up and patient education on use of equipment",O,11,11.0,11,46.0,22.6,18.05,15.25
1790761948,Hayhurst,James,Garland,TX,75042,1,Vascular Surgery,99453,"Remote monitoring of physiologic parameters, initial set-up and patient education on use of equipment",O,30,30.0,30,49.1,19.46,15.53,15.26
1790761948,Hayhurst,James,Garland,TX,75042,1,Vascular Surgery,99454,"Remote monitoring of physiologic parameters, initial supply of devices with daily recordings or programmed alerts transmission, each 30 days",O,22,49.0,49,160.0,61.750612245,49.555918367,51.060204082
1790761948,Hayhurst,James,Garland,TX,75042,1,Vascular Surgery,99457,"Remote monitoring of physiologic parameters management services, 20 minutes or more of qualified health care professional time per calendar month",O,20,40.0,40,130.0,49.6835,39.832,40.936
1790775500,Knight,Timothy,Paoli,IN,47454,7,"Psychologist, Clinical",Q3014,Telehealth originating site facility fee,O,11,28.0,28,45.0,25.82,16.107142857,16.107142857
1790784643,Copeland,Jerrelle,Gold Canyon,AZ,85118,1,Internal Medicine,99453,"Remote monitoring of physiologic parameters, initial set-up and patient education on use of equipment",O,116,120.0,120,47.0,18.55,14.78,15.256
1790784643,Copeland,Jerrelle,Gold Canyon,AZ,85118,1,Internal Medicine,99454,"Remote monitoring of physiologic parameters, initial supply of devices with daily recordings or programmed alerts transmission, each 30 days",O,117,204.0,204,156.0,61.24,48.79,50.282647059
1790784643,Copeland,Jerrelle,Gold Canyon,AZ,85118,1,Internal Medicine,99457,"Remote monitoring of physiologic parameters management services, 20 minutes or more of qualified health care professional time per calendar month",O,28,30.0,30,126.0,49.67,39.57,40.372333333
1790786507,Slobig,Thomas,Gilbert,AZ,85234,1,Pulmonary Disease,99091,"Collection and interpretation of physical parameters stored in computers and/or transmitted by the patient and/or caregiver to qualified health care professional, requiring 30 minutes or more, per 30 days",O,54,59.0,59,110.0,56.922881356,44.400508475,44.771186441
1790799500,Reichard,Lisa,Baltimore,MD,21201,1,Psychiatry,Q3014,Telehealth originating site facility fee,O,133,402.0,402,25.959850746,25.597810945,17.743283582,17.743283582
1790812162,Petrossian,Melita,Santa Monica,CA,90404,1,Neurology,G2012,"Brief communication technology-based service, e.g. virtual check-in, by a physician or other qualified health care professional who can report evaluation and management services, provided to an established patient, not originating from a related e/m servic",O,17,22.0,22,69.772727273,15.84,12.67,11.59
1790853315,Tumberg,Roberta,Lufkin,TX,75901,4,Nurse Practitioner,Q3014,Telehealth originating site facility fee,O,43,43.0,43,45.0,25.798372093,17.162790698,17.162790698
1790863298,Kirmiz,Samira,Folsom,CA,95630,1,Endocrinology,99091,"Collection and interpretation of physical parameters stored in computers and/or transmitted by the patient and/or caregiver to qualified health care professional, requiring 30 minutes or more, per 30 days",O,30,68.0,68,217.67647059,59.604264706,43.179117647,41.487941176
1790863900,Raque,Kyle,Blue Ridge,GA,30513,10,"Psychologist, Clinical",Q3014,Telehealth originating site facility fee,O,62,257.0,257,25.0,24.620311284,18.602723735,18.602723735
1790866093,Farley,Christopher,Palos Heights,IL,60463,1,Ophthalmology,G2010,"Remote evaluation of recorded video and/or images submitted by an established patient (e.g., store and forward), including interpretation with follow-up with the patient within 24 business hours, not originating from a related e/m service provided within t",O,13,13.0,13,15.0,13.17,10.53,9.89
1790929891,Kroening,Jody,Independence,WI,54747,10,Nurse Practitioner,Q3014,Telehealth originating site facility fee,O,101,296.0,296,25.0,24.626486486,18.300472973,18.300506757
1790944510,Nasir,Mehmooda,Irving,TX,75062,1,Psychiatry,Q3014,Telehealth originating site facility fee,O,17,55.0,55,90.0,25.806363636,16.772727273,16.772727273
1790952836,Oyerinde,Koyejo,Minot,ND,58703,4,Pediatric Medicine,Q3014,Telehealth originating site facility fee,O,20,26.0,26,32.0,25.790384615,17.548461538,17.548461538
1790992311,Larusch,Kahmien,Las Vegas,NV,89102,1,Psychiatry,Q3014,Telehealth originating site facility fee,O,119,500.0,500,56.26216,25.6807,18.5327,18.6223
1801030408,Soto De La Rosa,Edgardo,Port Charlotte,FL,33980,1,Pulmonary Disease,99453,"Remote monitoring of physiologic parameters, initial set-up and patient education on use of equipment",O,42,43.0,43,26.25,18.65,14.92,15.26
1801030408,Soto De La Rosa,Edgardo,Port Charlotte,FL,33980,1,Pulmonary Disease,99454,"Remote monitoring of physiologic parameters, initial supply of devices with daily recordings or programmed alerts transmission, each 30 days",O,39,140.0,140,86.0,61.13,48.89,50.29
1801058672,Perez-Garcia,Gonzalo,Houston,TX,77002,1,Psychiatry,Q3014,Telehealth originating site facility fee,O,13,15.0,15,33.338666667,24.689333333,17.399333333,17.399333333
1801084900,Farrey,Nicholas,Phoenix,AZ,85086,1,Nurse Practitioner,Q3014,Telehealth originating site facility fee,O,45,79.0,79,119.18,25.863797468,13.971392405,13.971392405
1801089123,Adeyemi,Felix,Fulton,MD,20759,1,Physician Assistant,Q3014,Telehealth originating site facility fee,O,33,46.0,46,50.0,25.73,20.5,20.5
1801114111,Bailony,Mohammed,San Mateo,CA,94403,1,Internal Medicine,99453,"Remote monitoring of physiologic parameters, initial set-up and patient education on use of equipment",O,17,17.0,17,40.0,25.062352941,19.354705882,14.654705882
1801114111,Bailony,Mohammed,San Mateo,CA,94403,1,Internal Medicine,99454,"Remote monitoring of physiologic parameters, initial supply of devices with daily recordings or programmed alerts transmission, each 30 days",O,60,326.0,326,50.030674847,49.245828221,38.45803681,49.541134969
1801114111,Bailony,Mohammed,San Mateo,CA,94403,1,Internal Medicine,99457,"Remote monitoring of physiologic parameters management services, 20 minutes or more of qualified health care professional time per calendar month",O,60,418.0,418,59.976076555,59.024952153,46.605526316,40.047822967
1801131461,Olson,Meredith,Des Moines,IA,50314,1,Nurse Practitioner,Q3014,Telehealth originating site facility fee,O,25,60.0,60,30.75,25.751,19.475,19.475
1801179791,King,Laura,Houston,TX,77006,1,Nurse Practitioner,Q3014,Telehealth originating site facility fee,O,27,325.0,325,30.0,25.7564,19.210830769,19.210830769
1801287529,Roberts,Andrea,Fargo,ND,58104,1,Nurse Practitioner,Q3014,Telehealth originating site facility fee,O,31,33.0,33,50.0,25.73,20.5,20.5
1801805858,Rahimian,Ali,Clinton,MD,20735,1,Internal Medicine,99453,"Remote monitoring of physiologic parameters, initial set-up and patient education on use of equipment",O,20,20.0,20,50.0,22.3215,17.79,15.376
1801805858,Rahimian,Ali,Clinton,MD,20735,1,Internal Medicine,99454,"Remote monitoring of physiologic parameters, initial supply of devices with daily recordings or programmed alerts transmission, each 30 days",O,19,67.0,67,100.0,73.007313433,58.470298507,51.041044776
1801805858,Rahimian,Ali,Clinton,MD,20735,1,Internal Medicine,99457,"Remote monitoring of physiologic parameters management services, 20 minutes or more of qualified health care professional time per calendar month",O,16,48.0,48,100.0,55.282916667,43.308333333,40.190208333
1801855028,Boun,Singh,Monterey Park,CA,91754,1,Family Practice,99453,"Remote monitoring of physiologic parameters, initial set-up and patient education on use of equipment",O,41,41.0,41,40.0,22.39,17.84,15.62902439
1801855028,Boun,Singh,Monterey Park,CA,91754,1,Family Practice,99454,"Remote monitoring of physiologic parameters, initial supply of devices with daily recordings or programmed alerts transmission, each 30 days",O,65,101.0,101,90.0,74.2,59.13,50.29
1801855028,Boun,Singh,Monterey Park,CA,91754,1,Family Practice,99457,"Remote monitoring of physiologic parameters management services, 20 minutes or more of qualified health care professional time per calendar month",O,65,107.0,107,80.0,56.23,44.81,40.4
1801869672,Williams,Lori,Great Bend,KS,67530,4,Physician Assistant,Q3014,Telehealth originating site facility fee,O,12,12.0,12,76.2,25.73,20.5,20.5
1801884051,Murphy,Pamela,Middletown,NY,10941,1,Emergency Medicine,99453,"Remote monitoring of physiologic parameters, initial set-up and patient education on use of equipment",F,13,13.0,13,38.43,22.287692308,17.823846154,15.26
1801884051,Murphy,Pamela,Middletown,NY,10941,1,Emergency Medicine,99457,"Remote monitoring of physiologic parameters management services, 20 minutes or more of qualified health care professional time per calendar month",F,14,14.0,14,60.522857143,35.415,28.321428571,25.430714286
1801890884,Wang,James,Bowie,MD,20716,1,Internal Medicine,G2012,"Brief communication technology-based service, e.g. virtual check-in, by a physician or other qualified health care professional who can report evaluation and management services, provided to an established patient, not originating from a related e/m servic",O,16,26.0,26,25.0,16.381538462,12.092307692,10.689230769
1801907787,Engleman,Lisa,Beaverton,OR,97006,1,Nurse Practitioner,Q3014,Telehealth originating site facility fee,O,79,277.0,277,56.259241877,25.789314079,17.600216606,17.600216606
1801974159,Haidery,Ghazanfar,Glen Head,NY,11545,1,Family Practice,G2012,"Brief communication technology-based service, e.g. virtual check-in, by a physician or other qualified health care professional who can report evaluation and management services, provided to an established patient, not originating from a related e/m servic",O,20,21.0,21,150.0,16.771904762,12.723809524,11.038095238
1811004427,Hope,Theresa,Palatka,FL,32177,4,Nurse Practitioner,Q3014,Telehealth originating site facility fee,F,13,15.0,15,15.0,14.808,9.408,9.408
1811040595,Sundaram,Ravi,Olympia Fields,IL,60461,1,Pulmonary Disease,99457,"Remote monitoring of physiologic parameters management services, 20 minutes or more of qualified health care professional time per calendar month",O,47,59.0,59,75.0,52.711186441,42.094237288,40.571355932
1811055254,Nayak,Gautam,Wenatchee,WA,98801,1,Cardiology,Q3014,Telehealth originating site facility fee,O,61,62.0,62,53.0,25.84516129,14.879032258,14.879032258
1811055684,Sabzwari,Usama,Gainesville,FL,32608,1,Psychiatry,Q3014,Telehealth originating site facility fee,O,19,41.0,41,50.0,25.73,20.5,20.5
1811099005,Ponti,Tatyana,Little Silver,NJ,7739,1,Internal Medicine,G2012,"Brief communication technology-based service, e.g. virtual check-in, by a physician or other qualified health care professional who can report evaluation and management services, provided to an established patient, not originating from a related e/m servic",O,11,18.0,18,45.0,15.55,12.44,11.59
1811101512,Shah,Rishin,Plano,TX,75093,1,Interventional Cardiology,99453,"Remote monitoring of physiologic parameters, initial set-up and patient education on use of equipment",O,11,11.0,11,39.91,17.91,14.27,15.26
1811134562,Tamae Kakazu,Maximiliano,Grand Rapids,MI,49546,1,Pulmonary Disease,Q3014,Telehealth originating site facility fee,O,19,21.0,21,44.047619048,25.75,19.523809524,19.523809524
1811148380,Vita,Anthony,Erlanger,KY,41018,1,Psychiatry,Q3014,Telehealth originating site facility fee,O,22,36.0,36,24.0,23.721111111,13.816666667,13.816666667
1811209224,Chacko,Sneha,New York,NY,10016,1,Family Practice,99453,"Remote monitoring of physiologic parameters, initial set-up and patient education on use of equipment",F,15,15.0,15,47.58,21.524666667,17.214666667,15.26
1811209224,Chacko,Sneha,New York,NY,10016,1,Family Practice,99457,"Remote monitoring of physiologic parameters management services, 20 minutes or more of qualified health care professional time per calendar month",F,12,12.0,12,73.68,34.424166667,27.53,25.431666667
1811292717,Degen,Jill,Chicago,IL,60639,1,Nurse Practitioner,Q3014,Telehealth originating site facility fee,O,13,27.0,27,50.0,25.745555556,19.740740741,19.740740741
1811336050,Mess,Shawna,Altoona,WI,54720,1,Physician Assistant,G2012,"Brief communication technology-based service, e.g. virtual check-in, by a physician or other qualified health care professional who can report evaluation and management services, provided to an established patient, not originating from a related e/m servic",O,21,22.0,22,75.0,11.79,9.39,9.84
1811373673,Onungwa,Odochi,Dallas,TX,75228,1,Nurse Practitioner,Q3014,Telehealth originating site facility fee,O,62,63.0,63,51.851904762,25.734285714,20.172698413,20.172698413
1811428915,Mcglothin,Tierria,Meridian,MS,39301,5,Nurse Practitioner,Q3014,Telehealth originating site facility fee,O,15,38.0,38,51.0,25.73,20.5,20.5
1811912041,Blick,Mark,Bellaire,TX,77401,1,Internal Medicine,99453,"Remote monitoring of physiologic parameters, initial set-up and patient education on use of equipment",O,50,59.0,51,25.847457627,19.371355932,15.440677966,15.259661017
1811912041,Blick,Mark,Bellaire,TX,77401,1,Internal Medicine,99454,"Remote monitoring of physiologic parameters, initial supply of devices with daily recordings or programmed alerts transmission, each 30 days",O,140,432.0,432,75.046296296,63.918842593,50.941111111,50.291527778
1811912041,Blick,Mark,Bellaire,TX,77401,1,Internal Medicine,99457,"Remote monitoring of physiologic parameters management services, 20 minutes or more of qualified health care professional time per calendar month",O,144,299.0,296,75.317725753,51.440133779,41.00006689,40.42367893
1811950454,Lee,Johnny,New York,NY,10016,1,Internal Medicine,G2012,"Brief communication technology-based service, e.g. virtual check-in, by a physician or other qualified health care professional who can report evaluation and management services, provided to an established patient, not originating from a related e/m servic",O,13,23.0,23,75.0,16.34173913,12.444347826,11.076521739
1821014762,Lyandres,Yuly,New Hyde Park,NY,11042,1,Cardiology,99453,"Remote monitoring of physiologic parameters, initial set-up and patient education on use of equipment",O,36,36.0,36,100.0,23.441388889,18.154444444,14.836111111
1821014762,Lyandres,Yuly,New Hyde Park,NY,11042,1,Cardiology,99454,"Remote monitoring of physiologic parameters, initial supply of devices with daily recordings or programmed alerts transmission, each 30 days",O,123,452.0,452,100.0,76.505929204,60.839911504,50.178738938
1821014762,Lyandres,Yuly,New Hyde Park,NY,11042,1,Cardiology,99457,"Remote monitoring of physiologic parameters management services, 20 minutes or more of qualified health care professional time per calendar month",O,122,325.0,325,100.0,58.993969231,46.8764,40.275907692
1821032129,Tchekmedyian,Nerses,Long Beach,CA,90813,1,Hematology-Oncology,G2012,"Brief communication technology-based service, e.g. virtual check-in, by a physician or other qualified health care professional who can report evaluation and management services, provided to an established patient, not originating from a related e/m servic",O,14,16.0,16,40.0,15.66,12.49,11.59
1821037979,Garrett,Patrick,Palm Coast,FL,32137,1,Internal Medicine,G2012,"Brief communication technology-based service, e.g. virtual check-in, by a physician or other qualified health care professional who can report evaluation and management services, provided to an established patient, not originating from a related e/m servic",O,29,32.0,32,25.0,14.7221875,11.3925,11.218125
1821038209,Kakkar,Rahul,Fayetteville,NC,28303,1,Pulmonary Disease,99454,"Remote monitoring of physiologic parameters, initial supply of devices with daily recordings or programmed alerts transmission, each 30 days",O,72,299.0,299,150.0,59.571605351,46.547826087,49.235886288
1821038209,Kakkar,Rahul,Fayetteville,NC,28303,1,Pulmonary Disease,99457,"Remote monitoring of physiologic parameters management services, 20 minutes or more of qualified health care professional time per calendar month",O,69,161.0,161,150.0,49.1,39.27,40.4
1821038209,Kakkar,Rahul,Fayetteville,NC,28303,1,Pulmonary Disease,G2012,"Brief communication technology-based service, e.g. virtual check-in, by a physician or other qualified health care professional who can report evaluation and management services, provided to an established patient, not originating from a related e/m servic",O,35,36.0,36,25.0,14.200555556,5.2422222222,5.6480555556
1821040247,Mattis,Richard,Spokane Valley,WA,99216,1,Family Practice,Q3014,Telehealth originating site facility fee,O,27,31.0,31,50.0,25.743548387,19.838709677,19.838709677
1821041880,Kocsis,Paul,Lillington,NC,27546,2,Psychiatry,Q3014,Telehealth originating site facility fee,O,38,65.0,65,25.0,24.676923077,15.829846154,15.829846154
1821051277,Papastamelos,Athanasios,Linwood,NJ,8221,1,Internal Medicine,99453,"Remote monitoring of physiologic parameters, initial set-up and patient education on use of equipment",O,13,13.0,13,70.0,21.55,17.19,15.26
1821051277,Papastamelos,Athanasios,Linwood,NJ,8221,1,Internal Medicine,99454,"Remote monitoring of physiologic parameters, initial supply of devices with daily recordings or programmed alerts transmission, each 30 days",O,13,63.0,63,165.87301587,69.439365079,55.506190476,50.689365079
1821051277,Papastamelos,Athanasios,Linwood,NJ,8221,1,Internal Medicine,99457,"Remote monitoring of physiologic parameters management services, 20 minutes or more of qualified health care professional time per calendar month",O,13,74.0,74,150.0,52.438648649,41.948108108,40.946486486
1821053364,Cossu,Sergio,Allentown,PA,18103,1,Clinical Cardiac Electrophysiology,99091,"Collection and interpretation of physical parameters stored in computers and/or transmitted by the patient and/or caregiver to qualified health care professional, requiring 30 minutes or more, per 30 days",O,14,42.0,42,79.51,58.277857143,43.234285714,42.51
1821062324,Linden,David,Las Vegas,NV,89146,1,Psychiatry,Q3014,Telehealth originating site facility fee,O,167,258.0,258,24.61372093,24.100736434,17.025193798,17.025193798
1821069204,Chon,Song,White Plains,MD,20695,2,Pulmonary Disease,99091,"Collection and interpretation of physical parameters stored in computers and/or transmitted by the patient and/or caregiver to qualified health care professional, requiring 30 minutes or more, per 30 days",O,124,191.0,191,70.876230366,56.956596859,42.24539267,42.702408377
1821070590,Metzger,Alex,Greenbrae,CA,94904,1,Hematology-Oncology,G2010,"Remote evaluation of recorded video and/or images submitted by an established patient (e.g., store and forward), including interpretation with follow-up with the patient within 24 business hours, not originating from a related e/m service provided within t",O,22,27.0,27,25.0,14.39,11.49,9.89
1821081043,Mcallen,Steven,Templeton,CA,93465,1,Internal Medicine,G2012,"Brief communication technology-based service, e.g. virtual check-in, by a physician or other qualified health care professional who can report evaluation and management services, provided to an established patient, not originating from a related e/m servic",O,31,45.0,45,16.602,14.105555556,9.9733333333,10.353333333
1821163585,Fischer,Philip,Birmingham,AL,35205,1,General Surgery,G2012,"Brief communication technology-based service, e.g. virtual check-in, by a physician or other qualified health care professional who can report evaluation and management services, provided to an established patient, not originating from a related e/m servic",O,12,14.0,14,20.0,13.82,11.05,11.58
1821167149,Ayeni,Akinlawon,Largo,MD,20774,1,Addiction Medicine,Q3014,Telehealth originating site facility fee,O,38,72.0,72,30.0,25.799583333,17.101527778,17.101527778
1821232455,Waters,Kelly,Grand Rapids,MI,49546,1,Sleep Medicine,Q3014,Telehealth originating site facility fee,O,12,15.0,15,43.8,25.786,17.766666667,17.766666667
1821248386,Dayen,Nina,Rego Park,NY,11374,1,Internal Medicine,G2012,"Brief communication technology-based service, e.g. virtual check-in, by a physician or other qualified health care professional who can report evaluation and management services, provided to an established patient, not originating from a related e/m servic",O,30,67.0,67,100.0,16.79,13.38,11.59
1821423799,Metz,Dorothy,Clinton,IA,52732,4,Nurse Practitioner,Q3014,Telehealth originating site facility fee,O,64,69.0,69,100.0,25.755072464,19.276231884,19.276231884
1821520594,Cook,Helen,West Columbia,SC,29169,1,Nurse Practitioner,G2012,"Brief communication technology-based service, e.g. virtual check-in, by a physician or other qualified health care professional who can report evaluation and management services, provided to an established patient, not originating from a related e/m servic",O,17,21.0,21,15.31,11.72,9.34,9.85
1831100023,Coleman,William,Waco,TX,76712,1,General Practice,99453,"Remote monitoring of physiologic parameters, initial set-up and patient education on use of equipment",O,142,142.0,142,20.0,19.354788732,14.650352113,14.507746479
1831100023,Coleman,William,Waco,TX,76712,1,General Practice,99454,"Remote monitoring of physiologic parameters, initial supply of devices with daily recordings or programmed alerts transmission, each 30 days",O,163,807.0,807,75.0,63.968438662,50.539330855,49.864448575
1831100023,Coleman,William,Waco,TX,76712,1,General Practice,99457,"Remote monitoring of physiologic parameters management services, 20 minutes or more of qualified health care professional time per calendar month",O,163,807.0,807,60.0,51.065947955,40.387472119,40.099628253
1831117415,Mcmillan,William,Jamestown,ND,58401,4,Family Practice,Q3014,Telehealth originating site facility fee,O,16,25.0,25,50.0,25.7972,17.22,17.22
1831128016,Bradway,Catherine,Mesa,AZ,85202,1,Nurse Practitioner,Q3014,Telehealth originating site facility fee,O,189,822.0,822,26.0,25.594695864,19.667810219,19.667810219
1831138767,Walkes,Desmar,Bastrop,TX,78602,2,General Practice,99453,"Remote monitoring of physiologic parameters, initial set-up and patient education on use of equipment",O,11,11.0,11,40.0,17.94,14.3,15.26
1831147511,Chengot,Mathew,Amityville,NY,11701,1,Cardiology,99453,"Remote monitoring of physiologic parameters, initial set-up and patient education on use of equipment",O,14,14.0,14,95.0,23.62,18.86,15.26
1831147511,Chengot,Mathew,Amityville,NY,11701,1,Cardiology,99454,"Remote monitoring of physiologic parameters, initial supply of devices with daily recordings or programmed alerts transmission, each 30 days",O,19,44.0,44,175.0,77.07,61.54,50.29
1831147511,Chengot,Mathew,Amityville,NY,11701,1,Cardiology,99457,"Remote monitoring of physiologic parameters management services, 20 minutes or more of qualified health care professional time per calendar month",O,19,45.0,45,150.0,59.42,47.45,40.4
1831160258,Overton,Naomi,Petoskey,MI,49770,7,Clinical Cardiac Electrophysiology,Q3014,Telehealth originating site facility fee,O,11,13.0,13,25.136923077,24.735384615,19.71,19.71
1831176072,Willis,Kerry,Beaufort,NC,28516,4,Family Practice,99454,"Remote monitoring of physiologic parameters, initial supply of devices with daily recordings or programmed alerts transmission, each 30 days",O,17,106.0,106,74.669811321,58.91509434,45.892264151,49.217924528
1831181734,Berger,Meredith,Midlothian,VA,23114,1,Internal Medicine,99453,"Remote monitoring of physiologic parameters, initial set-up and patient education on use of equipment",O,12,12.0,12,20.0,19.11,15.28,15.26
1831182815,Abraham,Ricardo,Brownsville,TX,78520,1,Internal Medicine,99453,"Remote monitoring of physiologic parameters, initial set-up and patient education on use of equipment",O,15,15.0,15,30.0,18.17,14.53,15.26
1831239524,Nowins,Rosemary,Las Vegas,NV,89119,1,Internal Medicine,99091,"Collection and interpretation of physical parameters stored in computers and/or transmitted by the patient and/or caregiver to qualified health care professional, requiring 30 minutes or more, per 30 days",O,417,934.0,934,64.69,57.572762313,45.735331906,45.646284797
1831280593,Mcgaugh,Janette,Hot Springs,AR,71913,1,Psychiatry,Q3014,Telehealth originating site facility fee,O,193,330.0,330,60.0,25.74730303,19.657939394,19.657939394
1831315183,Haase,Deborah,Denison,IA,51442,7,Licensed Clinical Social Worker,Q3014,Telehealth originating site facility fee,O,33,36.0,36,30.0,25.741666667,19.930555556,19.930555556
1831326248,Johnson,Abby,Saint Clair Shores,MI,48080,1,Psychiatry,Q3014,Telehealth originating site facility fee,O,18,68.0,68,26.15,25.771470588,18.477647059,18.477647059
1831327964,Makarem,Andres,Crookston,MN,56716,7,Internal Medicine,Q3014,Telehealth originating site facility fee,O,11,12.0,12,35.0,25.905,11.958333333,11.958333333
1831405539,Sathiyamoorthy,Gayathri,Syracuse,NY,13210,1,Pulmonary Disease,Q3014,Telehealth originating site facility fee,O,32,38.0,38,44.105263158,25.752105263,19.421052632,19.421052632
1831420967,Ostreicher,Marc,Cedarhurst,NY,11516,1,Internal Medicine,99091,"Collection and interpretation of physical parameters stored in computers and/or transmitted by the patient and/or caregiver to qualified health care professional, requiring 30 minutes or more, per 30 days",O,55,59.0,59,150.0,65.344915254,43.348644068,38.136779661
1831459791,Kirby,Wendy,Houston,TX,77074,1,Psychiatry,Q3014,Telehealth originating site facility fee,O,17,25.0,25,45.0,25.7408,19.9716,19.9716
1831492743,Pilkington,Michelle,Beckley,WV,25801,1,Physician Assistant,Q3014,Telehealth originating site facility fee,O,38,58.0,58,26.4,25.876724138,13.340344828,13.340344828
1831547439,Virzi,Jessica,Ames,IA,50010,1,"Psychologist, Clinical",Q3014,Telehealth originating site facility fee,O,34,89.0,89,35.0,24.284494382,19.348314607,20.81741573
1831581222,Wallen,Amy,Saint Louis,MO,63110,1,Nurse Practitioner,Q3014,Telehealth originating site facility fee,O,56,151.0,151,24.0,23.645827815,17.539205298,17.539205298
1831664242,Christman,Stephanie,Kalispell,MT,59901,4,Nurse Practitioner,Q3014,Telehealth originating site facility fee,O,26,82.0,82,50.0,25.73,20.5,20.5
1831693357,Odede,Bamidele,Decatur,GA,30030,1,Nurse Practitioner,Q3014,Telehealth originating site facility fee,O,77,222.0,222,21.25,20.942567568,15.064414414,15.064414414
1841228970,Nguyen,Thien,Houston,TX,77063,1,Family Practice,99453,"Remote monitoring of physiologic parameters, initial set-up and patient education on use of equipment",O,40,40.0,40,40.0,19.51,15.58,15.276
1841228970,Nguyen,Thien,Houston,TX,77063,1,Family Practice,99454,"Remote monitoring of physiologic parameters, initial supply of devices with daily recordings or programmed alerts transmission, each 30 days",O,26,26.0,26,75.0,64.37,51.39,50.374615385
1841228970,Nguyen,Thien,Houston,TX,77063,1,Family Practice,99457,"Remote monitoring of physiologic parameters management services, 20 minutes or more of qualified health care professional time per calendar month",O,42,59.0,59,75.0,51.821016949,40.259322034,39.45
1841259272,Woods,Regina,Elizabethtown,KY,42701,2,Nurse Practitioner,Q3014,Telehealth originating site facility fee,O,18,20.0,20,30.0,25.73,20.5,20.5
1841264082,Jensen,Kathy,Boulder City,NV,89005,2,Licensed Clinical Social Worker,Q3014,Telehealth originating site facility fee,O,20,123.0,123,50.0,25.753902439,19.333333333,19.333333333
1841274248,Hennequin,Karla,N Wilkesboro,NC,28659,4,Physician Assistant,Q3014,Telehealth originating site facility fee,O,24,31.0,31,50.0,24.9,19.838709677,20.682258065
1841274941,Crosby,Susan,Abilene,TX,79606,1,Nurse Practitioner,Q3014,Telehealth originating site facility fee,O,47,155.0,155,151.06,25.81716129,16.242580645,16.242580645
1841311479,Milligan,Cathlin,San Francisco,CA,94115,1,Internal Medicine,G2012,"Brief communication technology-based service, e.g. virtual check-in, by a physician or other qualified health care professional who can report evaluation and management services, provided to an established patient, not originating from a related e/m servic",O,19,20.0,20,27.75,16.65,13.32,11.59
1841339843,Arizaga,Maria Elena,Albuquerque,NM,87131,1,Psychiatry,Q3014,Telehealth originating site facility fee,O,45,64.0,64,33.6034375,25.743125,19.859375,19.859375
1841354164,Rios,Claritza,Oakland,CA,94602,1,Emergency Medicine,99453,"Remote monitoring of physiologic parameters, initial set-up and patient education on use of equipment",F,104,105.0,105,47.126857143,21.946571429,17.165619048,14.979619048
1841354164,Rios,Claritza,Oakland,CA,94602,1,Emergency Medicine,99457,"Remote monitoring of physiologic parameters management services, 20 minutes or more of qualified health care professional time per calendar month",F,80,81.0,81,72.77037037,34.778641975,27.708395062,25.43
1841358017,Green-Mack,Thelma,Indianapolis,IN,46254,1,Physical Medicine and Rehabilitation,G2012,"Brief communication technology-based service, e.g. virtual check-in, by a physician or other qualified health care professional who can report evaluation and management services, provided to an established patient, not originating from a related e/m servic",O,24,26.0,26,14.78,13.72,10.94,11.59
1841390762,Wayman,Derek,Devils Lake,ND,58301,7,Family Practice,Q3014,Telehealth originating site facility fee,O,395,835.0,835,35.0,25.759520958,17.939892216,17.962826347
1841402161,Price,Nerissa,Raleigh,NC,27606,1,Psychiatry,Q3014,Telehealth originating site facility fee,O,39,47.0,47,25.0,24.676595745,15.846808511,15.846808511
1841406246,Hunt,Michael,Lansing,MI,48910,1,Psychiatry,Q3014,Telehealth originating site facility fee,O,35,84.0,84,36.71,25.73,20.5,20.5
1841425097,Miller,Leanne,Summerville,SC,29483,1,Nurse Practitioner,Q3014,Telehealth originating site facility fee,O,30,34.0,34,50.0,25.73,20.5,20.5
1841476835,Wiggins,Jeanne,Warrenton,MO,63383,2,Nurse Practitioner,Q3014,Telehealth originating site facility fee,O,32,84.0,84,51.071428571,25.789404762,17.599166667,17.599166667
1841477817,Mascarenhas,Mark,Eatontown,NJ,7724,1,Clinical Cardiac Electrophysiology,99453,"Remote monitoring of physiologic parameters, initial set-up and patient education on use of equipment",O,54,55.0,55,24.654545455,21.58,17.22,15.26
1841641990,Weichhand,Katherine,Muskegon,MI,49445,1,Nurse Practitioner,Q3014,Telehealth originating site facility fee,O,16,19.0,19,44.157894737,24.627894737,16.25,17.439473684
1841746443,Mcferrin,Dionna,Milwaukee,WI,53204,1,Nurse Practitioner,Q3014,Telehealth originating site facility fee,O,27,74.0,74,20.0,19.744864865,12.501621622,12.501621622
1841754751,Elliott,Sarah,Conway,SC,29526,1,Nurse Practitioner,G2012,"Brief communication technology-based service, e.g. virtual check-in, by a physician or other qualified health care professional who can report evaluation and management services, provided to an established patient, not originating from a related e/m servic",O,14,27.0,27,15.31,11.72,9.34,9.85
1851323810,Tynes,Russell,Shreveport,LA,71106,1,Internal Medicine,G2012,"Brief communication technology-based service, e.g. virtual check-in, by a physician or other qualified health care professional who can report evaluation and management services, provided to an established patient, not originating from a related e/m servic",O,72,129.0,129,25.0,14.126744186,10.918604651,11.248139535
1851326367,Kolesnik,Dmitriy,Rego Park,NY,11374,1,Neurology,G2012,"Brief communication technology-based service, e.g. virtual check-in, by a physician or other qualified health care professional who can report evaluation and management services, provided to an established patient, not originating from a related e/m servic",O,20,26.0,26,100.0,16.312307692,11.852307692,10.698461538
1851333769,Levin,Aaron,Bellevue,WA,98004,1,Anesthesiology,Q3014,Telehealth originating site facility fee,O,25,26.0,26,50.0,25.73,20.5,20.5
1851342877,Lunde,Lise,Minneapolis,MN,55407,1,Nurse Practitioner,Q3014,Telehealth originating site facility fee,O,45,52.0,52,50.0,25.738076923,20.105769231,20.105769231
1851345508,Curatalo,Charles,Santa Barbara,CA,93105,1,Neurology,G2012,"Brief communication technology-based service, e.g. virtual check-in, by a physician or other qualified health care professional who can report evaluation and management services, provided to an established patient, not originating from a related e/m servic",O,133,152.0,152,16.801973684,14.663026316,11.364078947,11.371513158
1851363121,Leibowitz,Howard,Worthington,MN,56187,4,Internal Medicine,Q3014,Telehealth originating site facility fee,O,23,41.0,41,36.0,25.791463415,17.5,17.5
1851365381,Qureshi,Usman,Alice,TX,78332,4,Cardiology,Q3014,Telehealth originating site facility fee,O,144,155.0,155,35.0,25.804903226,16.842580645,16.842580645
1851371405,Aleem,Asaf,Atlanta,GA,30327,1,Psychiatry,Q3014,Telehealth originating site facility fee,O,108,305.0,305,50.0,25.285901639,19.764393443,20.22357377
1851385793,Douglas,Donald,Texarkana,TX,75503,1,Internal Medicine,99453,"Remote monitoring of physiologic parameters, initial set-up and patient education on use of equipment",O,143,144.0,144,25.0,17.1925,12.595902778,14.180902778
1851385793,Douglas,Donald,Texarkana,TX,75503,1,Internal Medicine,99454,"Remote monitoring of physiologic parameters, initial supply of devices with daily recordings or programmed alerts transmission, each 30 days",O,120,650.0,650,69.0,56.739553846,45.180415385,50.157276923
1851385793,Douglas,Donald,Texarkana,TX,75503,1,Internal Medicine,99457,"Remote monitoring of physiologic parameters management services, 20 minutes or more of qualified health care professional time per calendar month",O,131,654.0,654,54.0,46.725963303,37.197094801,40.289159021
1851393201,Duvall,Penelope,Fort Oglethorpe,GA,30742,1,Psychiatry,Q3014,Telehealth originating site facility fee,O,95,234.0,234,25.1,24.749316239,17.252991453,17.252991453
1851440291,Yarnick,Julana,Zanesville,OH,43701,4,Nurse Practitioner,Q3014,Telehealth originating site facility fee,F,186,486.0,486,20.0,19.729794239,13.240246914,13.24026749
1851440291,Yarnick,Julana,Zanesville,OH,43701,4,Nurse Practitioner,Q3014,Telehealth originating site facility fee,O,20,24.0,24,20.0,19.68,15.68,15.68
1851457857,Pedigo,Thomas,Wilson,NC,27893,4,Licensed Clinical Social Worker,Q3014,Telehealth originating site facility fee,O,15,15.0,15,27.0,25.899333333,12.232,12.232
1851485510,Cucchi,Christine,Lapeer,MI,48446,4,Psychiatry,Q3014,Telehealth originating site facility fee,O,60,138.0,138,275.21,25.741304348,19.948115942,19.948115942
1851497424,Berjaoui,Wael,Grand Rapids,MI,49546,1,Pulmonary Disease,Q3014,Telehealth originating site facility fee,O,14,15.0,15,43.8,24.098666667,15.033333333,16.776666667
1851528202,Bobe,Lohaliz,Port Charlotte,FL,33980,1,Pulmonary Disease,99453,"Remote monitoring of physiologic parameters, initial set-up and patient education on use of equipment",O,18,18.0,18,26.25,18.65,14.92,15.26
1851528202,Bobe,Lohaliz,Port Charlotte,FL,33980,1,Pulmonary Disease,99454,"Remote monitoring of physiologic parameters, initial supply of devices with daily recordings or programmed alerts transmission, each 30 days",O,33,88.0,88,86.0,61.14,48.9,50.29
1851559454,Patel,Nick,Bluefield,VA,24605,4,Family Practice,Q3014,Telehealth originating site facility fee,O,54,57.0,57,35.0,25.877368421,13.307017544,13.307017544
1851582357,Davis,Mary,Hayward,WI,54843,10,Nurse Practitioner,Q3014,Telehealth originating site facility fee,O,19,26.0,26,40.0,25.796923077,17.231153846,17.231153846
1851676134,Angelo,Jennifer,Longview,TX,75605,1,Nurse Practitioner,Q3014,Telehealth originating site facility fee,O,23,43.0,43,33.624186047,25.788604651,17.639534884,17.639534884
1861411134,Gendy,Hany,Millstone Township,NJ,8535,1,Internal Medicine,99453,"Remote monitoring of physiologic parameters, initial set-up and patient education on use of equipment",O,63,63.0,63,50.0,21.450634921,16.562380952,14.771111111
1861411134,Gendy,Hany,Millstone Township,NJ,8535,1,Internal Medicine,99454,"Remote monitoring of physiologic parameters, initial supply of devices with daily recordings or programmed alerts transmission, each 30 days",O,51,76.0,76,100.0,70.82,56.43,50.29
1861411134,Gendy,Hany,Millstone Township,NJ,8535,1,Internal Medicine,99457,"Remote monitoring of physiologic parameters management services, 20 minutes or more of qualified health care professional time per calendar month",O,371,1275.0,1275,100.0,54.571662745,41.905458824,38.953490196
1861415374,Siao,Donald,San Jose,CA,95148,1,Family Practice,99453,"Remote monitoring of physiologic parameters, initial set-up and patient education on use of equipment",O,16,16.0,16,44.6875,24.070625,19.189375,15.26
1861415374,Siao,Donald,San Jose,CA,95148,1,Family Practice,99454,"Remote monitoring of physiologic parameters, initial supply of devices with daily recordings or programmed alerts transmission, each 30 days",O,12,17.0,17,73.0,72.02,57.42,50.29
1861420994,Ansari,Saadat,Huntsville,AL,35801,1,Internal Medicine,99453,"Remote monitoring of physiologic parameters, initial set-up and patient education on use of equipment",O,15,15.0,15,22.0,17.01,13.57,15.25
1861462194,Kautzman,Lisa,Rapid City,SD,57701,1,Nurse Practitioner,Q3014,Telehealth originating site facility fee,O,93,238.0,238,28.969831933,25.817647059,16.221890756,16.221890756
1861464166,Gang,Eli,Beverly Hills,CA,90210,1,Clinical Cardiac Electrophysiology,99091,"Collection and interpretation of physical parameters stored in computers and/or transmitted by the patient and/or caregiver to qualified health care professional, requiring 30 minutes or more, per 30 days",O,46,292.0,292,126.0,61.346369863,47.100171233,44.144965753
1861464166,Gang,Eli,Beverly Hills,CA,90210,1,Clinical Cardiac Electrophysiology,99453,"Remote monitoring of physiologic parameters, initial set-up and patient education on use of equipment",O,16,16.0,16,46.0,22.6,18.05,15.25
1861525149,Dugan,Cindy,Parkersburg,WV,26104,1,Psychiatry,Q3014,Telehealth originating site facility fee,O,147,324.0,324,30.0,25.421512346,19.62654321,19.952932099
1861557506,Leverrier,Regina,Lakewood,CO,80228,1,Psychiatry,Q3014,Telehealth originating site facility fee,O,221,665.0,665,25.699398496,25.359172932,16.564285714,16.564285714
1861628711,Novacek,Rebecca,Grand Forks,ND,58201,1,Neurology,Q3014,Telehealth originating site facility fee,O,40,81.0,81,35.0,25.811604938,16.514444444,16.514444444
1861650418,Mian,Salman,Houston,TX,77095,1,Interventional Pain Management,Q3014,Telehealth originating site facility fee,O,86,107.0,107,1.0,0.98,0.78,0.78
1861676942,Sullivan,Mary Ellen,Bennettsville,SC,29512,4,Nurse Practitioner,G2012,"Brief communication technology-based service, e.g. virtual check-in, by a physician or other qualified health care professional who can report evaluation and management services, provided to an established patient, not originating from a related e/m servic",O,11,18.0,18,15.31,11.758888889,8.8494444444,9.3383333333
1861778755,Vanwinkle,Patricia,Round Rock,TX,78665,1,Nurse Practitioner,Q3014,Telehealth originating site facility fee,O,61,220.0,220,26.0,25.627590909,18.072045455,18.072045455
1861873929,Harris,Kayley,Crossett,AR,71635,7,Licensed Clinical Social Worker,Q3014,Telehealth originating site facility fee,O,20,23.0,23,2.54,2.5,1.99,1.99
1861892333,Michael,Hassanatu,Mesquite,TX,75181,1,Nurse Practitioner,Q3014,Telehealth originating site facility fee,O,16,75.0,75,90.0,25.791866667,17.487733333,17.487733333
1861915266,Vasquez,Alicia,Round Rock,TX,78664,1,Nurse Practitioner,Q3014,Telehealth originating site facility fee,O,34,76.0,76,42.559473684,25.760394737,18.331052632,18.331052632
1861965139,Crytzer,Joylynn,West Columbia,SC,29169,1,Nurse Practitioner,G2012,"Brief communication technology-based service, e.g. virtual check-in, by a physician or other qualified health care professional who can report evaluation and management services, provided to an established patient, not originating from a related e/m servic",O,20,22.0,22,15.31,11.728636364,8.9154545455,9.4313636364
1861974024,Guillen,Fernando,Anthony,NM,88021,1,Nurse Practitioner,Q3014,Telehealth originating site facility fee,O,12,20.0,20,45.75,25.73,20.5,20.5
1871007377,Morges,Wilfredo,West Springfield,MA,1089,1,Nurse Practitioner,Q3014,Telehealth originating site facility fee,O,182,592.0,592,32.489864865,25.73,20.5,20.5
1871008045,Perry,Susanna,Austin,TX,78759,1,Nurse Practitioner,Q3014,Telehealth originating site facility fee,O,203,1016.0,1016,30.0,25.755570866,19.250994094,19.250994094
1871521245,Strand,Duane,Wahpeton,ND,58075,4,Internal Medicine,Q3014,Telehealth originating site facility fee,O,11,14.0,14,46.0,25.73,20.5,20.5
1871527903,Zdilar,Darko,Waterloo,IA,50703,1,Psychiatry,Q3014,Telehealth originating site facility fee,O,11,39.0,39,35.0,25.740769231,19.974358974,19.974358974
1871540435,Dawson,Brian,Fargo,ND,58104,1,Emergency Medicine,Q3014,Telehealth originating site facility fee,O,65,71.0,71,50.0,25.495492958,20.044507042,20.288309859
1871543660,Stephanian,Edic,Garland,TX,75042,1,Vascular Surgery,99453,"Remote monitoring of physiologic parameters, initial set-up and patient education on use of equipment",O,81,81.0,81,49.1,19.219753086,15.338271605,15.307037037
1871543660,Stephanian,Edic,Garland,TX,75042,1,Vascular Surgery,99454,"Remote monitoring of physiologic parameters, initial supply of devices with daily recordings or programmed alerts transmission, each 30 days",O,57,180.0,180,160.0,64.37,51.38,50.296055556
1871543660,Stephanian,Edic,Garland,TX,75042,1,Vascular Surgery,99457,"Remote monitoring of physiologic parameters management services, 20 minutes or more of qualified health care professional time per calendar month",O,64,139.0,139,130.0,51.39,41.02,40.408920863
1871562934,Liberatore,Lisa,New York,NY,10028,1,Otolaryngology,G2012,"Brief communication technology-based service, e.g. virtual check-in, by a physician or other qualified health care professional who can report evaluation and management services, provided to an established patient, not originating from a related e/m servic",O,14,14.0,14,100.0,15.81,12.49,11.58
1871682989,Kwan,Siuling,Mililani,HI,96789,1,Family Practice,G2012,"Brief communication technology-based service, e.g. virtual check-in, by a physician or other qualified health care professional who can report evaluation and management services, provided to an established patient, not originating from a related e/m servic",O,44,49.0,49,38.0,15.014693878,11.218367347,10.871020408
1871754036,Krishna,Gollavelli,Lake Jackson,TX,77566,1,Psychiatry,Q3014,Telehealth originating site facility fee,O,16,23.0,23,40.0,25.73,20.5,20.5
1871793240,Bhardwaj,Mohit,Huntington,WV,25705,1,Psychiatry,Q3014,Telehealth originating site facility fee,O,14,26.0,26,52.0,25.746153846,19.711538462,19.711538462
1871909028,Franclemont,Mariah,Portland,OR,97225,1,Physician Assistant,Q3014,Telehealth originating site facility fee,O,14,14.0,14,51.0,25.73,20.5,20.5
1881010130,Ewuchie,Lynette,Waxahachie,TX,75165,1,Physician Assistant,Q3014,Telehealth originating site facility fee,O,35,62.0,62,90.0,25.736774194,20.169354839,20.169354839
1881015444,Hillmer,Nancy,Fergus Falls,MN,56537,4,Nurse Practitioner,Q3014,Telehealth originating site facility fee,O,27,32.0,32,36.0,25.86125,14.09375,14.09375
1881023422,Lopez,April,Mcallen,TX,78501,1,Nurse Practitioner,99091,"Collection and interpretation of physical parameters stored in computers and/or transmitted by the patient and/or caregiver to qualified health care professional, requiring 30 minutes or more, per 30 days",O,17,83.0,83,150.0,47.63,37.96,38.9
1881037927,Barbee,Nicole,La Crosse,WI,54601,1,Family Practice,Q3014,Telehealth originating site facility fee,O,39,52.0,52,39.0,25.787115385,17.713653846,17.713653846
1881605780,Olivieri,Julio,Dallas,TX,75227,1,Internal Medicine,99453,"Remote monitoring of physiologic parameters, initial set-up and patient education on use of equipment",O,18,20.0,20,19.6085,19.272,15.354,15.26
1881605780,Olivieri,Julio,Dallas,TX,75227,1,Internal Medicine,99454,"Remote monitoring of physiologic parameters, initial supply of devices with daily recordings or programmed alerts transmission, each 30 days",O,18,50.0,50,64.6498,63.579,50.6578,50.29
1881605780,Olivieri,Julio,Dallas,TX,75227,1,Internal Medicine,99457,"Remote monitoring of physiologic parameters management services, 20 minutes or more of qualified health care professional time per calendar month",O,18,50.0,50,51.8776,51.0118,40.6454,40.4
1881616290,Patel,Alkeshkumar,Chandler,AZ,85224,1,Internal Medicine,Q3014,Telehealth originating site facility fee,O,72,188.0,188,50.0,25.800212766,17.073670213,17.073670213
1881634368,Siddiqui,Khursheed,Danville,KY,40422,4,Pain Management,Q3014,Telehealth originating site facility fee,O,17,123.0,123,100.0,25.73,20.5,20.5
1881653095,Yu,Hsiling,Dallas,TX,75234,1,Nurse Practitioner,99453,"Remote monitoring of physiologic parameters, initial set-up and patient education on use of equipment",O,43,63.0,63,30.0,16.42,13.08,12.97
1881653095,Yu,Hsiling,Dallas,TX,75234,1,Nurse Practitioner,99454,"Remote monitoring of physiologic parameters, initial supply of devices with daily recordings or programmed alerts transmission, each 30 days",O,37,57.0,57,80.0,54.34,43.3,42.75
1881653095,Yu,Hsiling,Dallas,TX,75234,1,Nurse Practitioner,99457,"Remote monitoring of physiologic parameters management services, 20 minutes or more of qualified health care professional time per calendar month",O,39,52.0,52,75.0,43.37,34.55,34.33
1881660538,Shankar,Uday,Hazard,KY,41701,7,Gastroenterology,Q3014,Telehealth originating site facility fee,O,32,32.0,32,30.0,25.848125,14.734375,14.734375
1881660942,Harvey,James,Tupelo,MS,38801,4,Internal Medicine,Q3014,Telehealth originating site facility fee,O,49,120.0,120,36.283333333,25.788583333,17.6385,17.6385
1881661627,Sabri,Safia,Bristol,TN,37620,1,Psychiatry,Q3014,Telehealth originating site facility fee,O,99,211.0,211,25.0,24.574407583,17.371090047,17.442180095
1881686822,Weinstein,Sheri,Sarasota,FL,34239,1,Internal Medicine,G2012,"Brief communication technology-based service, e.g. virtual check-in, by a physician or other qualified health care professional who can report evaluation and management services, provided to an established patient, not originating from a related e/m servic",O,93,222.0,222,26.73527027,14.770540541,11.490810811,11.267027027
1881766962,Marquardt,Walt,Sacramento,CA,95819,1,Interventional Cardiology,Q3014,Telehealth originating site facility fee,O,36,54.0,54,57.703703704,25.73,20.5,20.5
1881783876,Fisher,Aileen,Terrell,TX,75160,4.1,Psychiatry,Q3014,Telehealth originating site facility fee,O,136,463.0,463,23.72,23.416436285,14.859589633,14.859589633
1881796134,Higgins,Steven,La Jolla,CA,92037,1,Clinical Cardiac Electrophysiology,99091,"Collection and interpretation of physical parameters stored in computers and/or transmitted by the patient and/or caregiver to qualified health care professional, requiring 30 minutes or more, per 30 days",O,237,1796.0,1796,90.0,58.788051225,46.009237194,45.040417595
1881815462,Luley,Mark,Albuquerque,NM,87120,1,Psychiatry,Q3014,Telehealth originating site facility fee,O,49,138.0,138,52.47,25.739130435,20.054347826,20.054347826
1881866739,Todd,Alison,Beverly,MA,1915,1,Licensed Clinical Social Worker,Q3014,Telehealth originating site facility fee,O,171,2806.0,2806,27.915680684,25.715819672,20.004158945,20.004158945
1881870244,Powell,Steffani,Horseshoe Bay,TX,78657,7,Certified Clinical Nurse Specialist,Q3014,Telehealth originating site facility fee,O,12,14.0,14,40.0,25.79,17.571428571,17.571428571
1881995264,Vasquez,Caitlin,Laramie,WY,82072,4,Nurse Practitioner,Q3014,Telehealth originating site facility fee,O,31,100.0,100,20.0,19.7538,12.071,12.071
1891082384,Woods,George,San Francisco,CA,94103,1,Psychiatry,Q3014,Telehealth originating site facility fee,O,454,2451.0,2451,31.38,25.731130151,20.444916361,20.444916361
1891102570,Buch,Erica,Round Rock,TX,78664,1,Nurse Practitioner,Q3014,Telehealth originating site facility fee,O,22,54.0,54,26.0,25.318518519,17.886666667,18.19962963
1891186789,Patel,Marguerite,Houston,TX,77030,1,Psychiatry,Q3014,Telehealth originating site facility fee,O,14,14.0,14,31.88,25.73,20.5,20.5
1891736930,Baron,Keesag,Springfield,MO,65804,1,Cardiology,99457,"Remote monitoring of physiologic parameters management services, 20 minutes or more of qualified health care professional time per calendar month",O,34,104.0,104,119.0,46.992692308,35.704903846,38.716538462
1891748703,Pickrell,John,Casper,WY,82601,1,Cardiology,Q3014,Telehealth originating site facility fee,O,42,42.0,42,36.666666667,25.75,19.523809524,19.523809524
1891750543,Ali,Muhammad Asad,Elgin,IL,60123,1,Cardiology,99453,"Remote monitoring of physiologic parameters, initial set-up and patient education on use of equipment",O,19,19.0,19,40.0,19.548947368,15.626842105,15.451052632
1891779344,West,James,Roswell,GA,30076,1,Internal Medicine,99453,"Remote monitoring of physiologic parameters, initial set-up and patient education on use of equipment",O,38,38.0,38,25.0,18.45,14.76,15.26
1891779344,West,James,Roswell,GA,30076,1,Internal Medicine,99454,"Remote monitoring of physiologic parameters, initial supply of devices with daily recordings or programmed alerts transmission, each 30 days",O,16,57.0,57,95.0,60.71,48.55,50.29
1891779344,West,James,Roswell,GA,30076,1,Internal Medicine,99457,"Remote monitoring of physiologic parameters management services, 20 minutes or more of qualified health care professional time per calendar month",O,58,326.0,326,65.0,48.939509202,38.019447853,39.314754601
1891780912,Shah,Kamalesh,North Bergen,NJ,7047,1,Internal Medicine,99453,"Remote monitoring of physiologic parameters, initial set-up and patient education on use of equipment",O,69,71.0,71,44.85915493,22.524507042,17.224225352,14.61971831
1891780912,Shah,Kamalesh,North Bergen,NJ,7047,1,Internal Medicine,99454,"Remote monitoring of physiologic parameters, initial supply of devices with daily recordings or programmed alerts transmission, each 30 days",O,41,99.0,99,150.0,74.43989899,57.327777778,48.61020202
1891780912,Shah,Kamalesh,North Bergen,NJ,7047,1,Internal Medicine,99457,"Remote monitoring of physiologic parameters management services, 20 minutes or more of qualified health care professional time per calendar month",O,43,59.0,59,120.0,56.521186441,43.484237288,39.030508475
1891787933,Howerton,Randall,Kennewick,WA,99338,1,Obstetrics & Gynecology,Q3014,Telehealth originating site facility fee,O,46,59.0,59,50.0,25.158474576,19.751186441,20.337966102
1891904231,Miller,John,Williamsburg,VA,23185,1,Hematology-Oncology,G2012,"Brief communication technology-based service, e.g. virtual check-in, by a physician or other qualified health care professional who can report evaluation and management services, provided to an established patient, not originating from a related e/m servic",O,31,34.0,34,22.0,14.62,11.69,11.58
1891926531,Sinha,Saket,Highland,IN,46322,1,Internal Medicine,99453,"Remote monitoring of physiologic parameters, initial set-up and patient education on use of equipment",O,126,129.0,129,36.24372093,17.529689922,13.728992248,15.01255814
1891926531,Sinha,Saket,Highland,IN,46322,1,Internal Medicine,99454,"Remote monitoring of physiologic parameters, initial supply of devices with daily recordings or programmed alerts transmission, each 30 days",O,191,277.0,277,112.98216606,58.287870036,46.256389892,50.010433213
1891926531,Sinha,Saket,Highland,IN,46322,1,Internal Medicine,99457,"Remote monitoring of physiologic parameters management services, 20 minutes or more of qualified health care professional time per calendar month",O,188,268.0,268,94.055074627,48.000373134,38.082425373,40.159440299
1891992996,Petrash,Laura,Edmond,OK,73013,1,Physician Assistant,G2012,"Brief communication technology-based service, e.g. virtual check-in, by a physician or other qualified health care professional who can report evaluation and management services, provided to an established patient, not originating from a related e/m servic",O,13,21.0,21,101.0,11.114285714,8.4742857143,9.6385714286
1902000565,Doguet,Lisa,Beaumont,TX,77701,1,Psychiatry,Q3014,Telehealth originating site facility fee,O,55,128.0,128,40.0,25.79859375,17.15296875,17.15296875
1902090558,Chi,Luqi,Saint Louis,MO,63144,1,Sleep Medicine,99091,"Collection and interpretation of physical parameters stored in computers and/or transmitted by the patient and/or caregiver to qualified health care professional, requiring 30 minutes or more, per 30 days",O,20,37.0,37,170.0,57.69,46.12,46.12
1902125677,Rostam,Behzod,Bad Axe,MI,48413,7,Family Practice,99453,"Remote monitoring of physiologic parameters, initial set-up and patient education on use of equipment",O,12,12.0,12,45.0,17.82,14.24,15.26
1902148083,Pangborn,Kristi,La Jolla,CA,92037,1,Nurse Practitioner,99091,"Collection and interpretation of physical parameters stored in computers and/or transmitted by the patient and/or caregiver to qualified health care professional, requiring 30 minutes or more, per 30 days",O,17,101.0,101,150.0,50.268118812,39.643564356,38.582574257
1902176001,Collins,Laura,Columbus,OH,43202,1,Nurse Practitioner,Q3014,Telehealth originating site facility fee,O,71,106.0,106,25.0,24.69490566,14.953018868,14.953018868
1902184484,Valente,Alisa,Wilmington,NC,28403,1,"Psychologist, Clinical",Q3014,Telehealth originating site facility fee,O,23,269.0,269,27.903345725,25.72197026,19.53133829,19.53133829
1902200645,Souza,Kimberly,El Dorado Springs,MO,64744,7,Nurse Practitioner,Q3014,Telehealth originating site facility fee,O,160,494.0,494,31.068825911,25.73,20.5,20.5
1902228935,Remington,Amber,Charlotte,NC,28212,1,Nurse Practitioner,Q3014,Telehealth originating site facility fee,O,25,27.0,27,27.0,25.792222222,17.462962963,17.462962963
1902229222,Zeabart,Kelle,Greenfield,IN,46140,1,Licensed Clinical Social Worker,Q3014,Telehealth originating site facility fee,O,33,100.0,100,40.0,25.7456,19.7379,19.7379
1902257074,King,Arlyn,Andalusia,AL,36420,7,Licensed Clinical Social Worker,Q3014,Telehealth originating site facility fee,O,20,24.0,24,41.0,25.7825,17.9375,17.9375
1902284979,Bolding,John,Monticello,AR,71655,7,Licensed Clinical Social Worker,Q3014,Telehealth originating site facility fee,O,25,28.0,28,2.54,2.5057142857,1.7057142857,1.7057142857
1902312507,Passehl,Patricia,Loganville,WI,53943,10,Nurse Practitioner,Q3014,Telehealth originating site facility fee,O,21,24.0,24,30.0,25.7475,19.645833333,19.645833333
1902806375,Walker,Douglas,Brookings,OR,97415,4,Optometry,Q3014,Telehealth originating site facility fee,O,15,15.0,15,25.0,24.6,19.6,19.6
1902824626,Hiveley Blatz,Valerie,The Dalles,OR,97058,4,Nurse Practitioner,99091,"Collection and interpretation of physical parameters stored in computers and/or transmitted by the patient and/or caregiver to qualified health care professional, requiring 30 minutes or more, per 30 days",O,22,23.0,23,75.0,47.93,38.19,38.91
1902854920,Rothe,Thomas,Tucson,AZ,85741,1,Family Practice,G2012,"Brief communication technology-based service, e.g. virtual check-in, by a physician or other qualified health care professional who can report evaluation and management services, provided to an established patient, not originating from a related e/m servic",O,33,44.0,44,30.0,14.491363636,10.799772727,10.8175
1902861131,Brunstad,Jill,Eagle River,WI,54521,10,Physician Assistant,Q3014,Telehealth originating site facility fee,O,48,66.0,66,40.0,25.370151515,18.727272727,19.123484848
1902876915,Livornese,Douglas,Eatontown,NJ,7724,1,Pulmonary Disease,99091,"Collection and interpretation of physical parameters stored in computers and/or transmitted by the patient and/or caregiver to qualified health care professional, requiring 30 minutes or more, per 30 days",O,28,36.0,36,149.0,60.236944444,46.6475,44.508333333
1902923055,Madden,Marilyn,Wilmington,NC,28403,1,Nurse Practitioner,Q3014,Telehealth originating site facility fee,O,25,62.0,62,28.0,25.73,20.5,20.5
1902947997,Howard,Sandy,Franklin,NC,28734,8,Nurse Practitioner,Q3014,Telehealth originating site facility fee,O,16,19.0,19,21.25,20.91,16.66,16.66
1902969546,Becker,Julia,Grand Rapids,MI,49546,1,Pulmonary Disease,Q3014,Telehealth originating site facility fee,O,26,28.0,28,43.928571429,25.775,18.303571429,18.303571429
1902975683,Taba,Marti,Kailua,HI,96734,2,Family Practice,G2012,"Brief communication technology-based service, e.g. virtual check-in, by a physician or other qualified health care professional who can report evaluation and management services, provided to an established patient, not originating from a related e/m servic",O,25,29.0,29,38.0,13.37,10.65,10.463793103
1912000696,Husain,Kishwar,St Augustine,FL,32086,1,Pulmonary Disease,99457,"Remote monitoring of physiologic parameters management services, 20 minutes or more of qualified health care professional time per calendar month",O,23,23.0,23,67.0,50.13,39.99,40.4
1912063819,Benmen,Eldad,Glen Oaks,NY,11004,1,Internal Medicine,G2012,"Brief communication technology-based service, e.g. virtual check-in, by a physician or other qualified health care professional who can report evaluation and management services, provided to an established patient, not originating from a related e/m servic",O,23,31.0,31,49.161290323,16.93,13.52,11.59
1912070475,Contreras,Monica,Houston,TX,77054,1,Physician Assistant,Q3014,Telehealth originating site facility fee,O,128,218.0,218,25.344036697,24.648440367,18.000229358,18.000229358
1912137290,Taraska,Paul,Lebanon,IN,46052,4.1,Psychiatry,Q3014,Telehealth originating site facility fee,O,13,36.0,36,40.0,25.811666667,16.513888889,16.513888889
1912172826,Stevens,David,Sylacauga,AL,35150,4,Licensed Clinical Social Worker,Q3014,Telehealth originating site facility fee,O,90,250.0,250,50.0,25.7868,17.726,17.726
1912328675,Cataen,Erin,Bridgewater,MA,2324,1,Nurse Practitioner,99457,"Remote monitoring of physiologic parameters management services, 20 minutes or more of qualified health care professional time per calendar month",O,18,32.0,32,135.0,45.1528125,34.83625,33.266875
1912469701,Abdulla,Bilal,Dearborn,MI,48126,1,Nurse Practitioner,99453,"Remote monitoring of physiologic parameters, initial set-up and patient education on use of equipment",O,60,60.0,60,45.0,16.31,12.99,12.980666667
1912469701,Abdulla,Bilal,Dearborn,MI,48126,1,Nurse Practitioner,99454,"Remote monitoring of physiologic parameters, initial supply of devices with daily recordings or programmed alerts transmission, each 30 days",O,27,59.0,59,135.0,53.28,42.45,42.735084746
1912469701,Abdulla,Bilal,Dearborn,MI,48126,1,Nurse Practitioner,99457,"Remote monitoring of physiologic parameters management services, 20 minutes or more of qualified health care professional time per calendar month",O,59,103.0,103,110.0,43.68,34.8,34.482912621
1912914151,Hinton,Carrie,Clarksville,TX,75426,7,Nurse Practitioner,Q3014,Telehealth originating site facility fee,O,13,17.0,17,30.0,25.804117647,16.882352941,16.882352941
1912918129,Ryan,David,Kennewick,WA,99336,1,Family Practice,Q3014,Telehealth originating site facility fee,O,13,17.0,17,50.0,25.754705882,19.294117647,19.294117647
1912920380,Sahni,Rakesh,Greenbelt,MD,20770,1,Cardiology,99453,"Remote monitoring of physiologic parameters, initial set-up and patient education on use of equipment",O,352,366.0,366,70.0,22.36,17.67,15.273169399
1912920380,Sahni,Rakesh,Greenbelt,MD,20770,1,Cardiology,99454,"Remote monitoring of physiologic parameters, initial supply of devices with daily recordings or programmed alerts transmission, each 30 days",O,344,968.0,968,230.0,73.616838843,58.108904959,50.247933884
1912920380,Sahni,Rakesh,Greenbelt,MD,20770,1,Cardiology,99457,"Remote monitoring of physiologic parameters management services, 20 minutes or more of qualified health care professional time per calendar month",O,358,1009.0,1009,180.0,55.881050545,44.133310208,40.419791873
1912938234,Vance,Jason,Chico,CA,95926,1,Family Practice,99453,"Remote monitoring of physiologic parameters, initial set-up and patient education on use of equipment",O,303,303.0,303,21.0,20.433993399,15.521023102,14.548151815
1912938234,Vance,Jason,Chico,CA,95926,1,Family Practice,99454,"Remote monitoring of physiologic parameters, initial supply of devices with daily recordings or programmed alerts transmission, each 30 days",O,311,1796.0,1796,69.0,67.731135857,53.371330735,49.714526726
1912940693,Simmons,Garrick,Missoula,MT,59808,1,Urology,99453,"Remote monitoring of physiologic parameters, initial set-up and patient education on use of equipment",O,43,43.0,43,40.0,19.67,15.73,15.533255814
1912940693,Simmons,Garrick,Missoula,MT,59808,1,Urology,99457,"Remote monitoring of physiologic parameters management services, 20 minutes or more of qualified health care professional time per calendar month",O,12,15.0,15,82.933333333,52.389333333,36.304666667,35.212
1912945478,Drayton,Mary,Brooklyn,NY,11220,1,Nurse Practitioner,99453,"Remote monitoring of physiologic parameters, initial set-up and patient education on use of equipment",O,17,17.0,17,25.99,19.9,15.86,12.97
1912945478,Drayton,Mary,Brooklyn,NY,11220,1,Nurse Practitioner,99454,"Remote monitoring of physiologic parameters, initial supply of devices with daily recordings or programmed alerts transmission, each 30 days",O,16,48.0,48,80.99,64.93,51.73,42.74
1912965831,Pugh,Kimberly,Summerville,SC,29483,1,Internal Medicine,Q3014,Telehealth originating site facility fee,O,12,13.0,13,25.0,24.743076923,12.605384615,12.605384615
1912971094,Richardson,Michael,Pierre,SD,57501,4,Family Practice,Q3014,Telehealth originating site facility fee,O,12,13.0,13,36.0,25.762307692,18.923076923,18.923076923
1912971425,Adams,Sherry,Cedar Rapids,IA,52405,1,Nurse Practitioner,Q3014,Telehealth originating site facility fee,O,33,83.0,83,72.325301205,25.749518072,17.021927711,17.022771084
1912973520,Zheng,Dawei,Sacramento,CA,95823,1,Family Practice,99453,"Remote monitoring of physiologic parameters, initial set-up and patient education on use of equipment",O,266,269.0,269,49.405204461,21.040185874,16.639182156,15.082118959
1912973520,Zheng,Dawei,Sacramento,CA,95823,1,Family Practice,99454,"Remote monitoring of physiologic parameters, initial supply of devices with daily recordings or programmed alerts transmission, each 30 days",O,222,635.0,635,89.881889764,69.770125984,55.721370079,50.228724409
1922000694,Tagdiri,Keven,Encinitas,CA,92024,1,Internal Medicine,99453,"Remote monitoring of physiologic parameters, initial set-up and patient education on use of equipment",O,126,128.0,128,16.0,15.95,12.75,15.26
1922000694,Tagdiri,Keven,Encinitas,CA,92024,1,Internal Medicine,99454,"Remote monitoring of physiologic parameters, initial supply of devices with daily recordings or programmed alerts transmission, each 30 days",O,206,411.0,411,71.02919708,70.793114355,56.525450122,50.224257908
1922000694,Tagdiri,Keven,Encinitas,CA,92024,1,Internal Medicine,99457,"Remote monitoring of physiologic parameters management services, 20 minutes or more of qualified health care professional time per calendar month",O,206,647.0,647,55.0,54.520247295,43.512642968,40.33755796
1922071471,Erpenbach,John,Sioux Falls,SD,57108,1,Nurse Practitioner,Q3014,Telehealth originating site facility fee,O,41,154.0,154,36.0,25.820909091,16.063571429,16.063571429
1922072503,Parikh,Rakesh,Homewood,IL,60430,1,Family Practice,99453,"Remote monitoring of physiologic parameters, initial set-up and patient education on use of equipment",O,13,20.0,20,52.0,17.59,14.05,15.26
1922073014,Chatman,Ira,Mountain Home,AR,72653,4,Anesthesiology,Q3014,Telehealth originating site facility fee,O,32,33.0,33,15.0,14.76,11.76,11.76
1922081223,Murphy,Sean,Winston Salem,NC,27103,1,Pulmonary Disease,99457,"Remote monitoring of physiologic parameters management services, 20 minutes or more of qualified health care professional time per calendar month",O,20,22.0,22,55.0,48.921363636,37.303636364,38.669545455
1922100585,Brown,Glenda,Wilmington,NC,28403,1,Licensed Clinical Social Worker,Q3014,Telehealth originating site facility fee,O,51,135.0,135,28.0,25.73,20.5,20.5
1922111657,Anthony,Clint,Phoenix,AZ,85012,1,Psychiatry,Q3014,Telehealth originating site facility fee,O,23,23.0,23,32.0,25.73,20.5,20.5
1922114628,Reid,India,Durham,NC,27705,1,Internal Medicine,Q3014,Telehealth originating site facility fee,O,35,176.0,176,42.0,25.75625,19.21875,19.21875
1922211465,Garwood,Elizabeth,Harrisonville,MO,64701,2,Psychiatry,Q3014,Telehealth originating site facility fee,O,34,90.0,90,50.733333333,25.818666667,16.172222222,16.172222222
1922237643,Chua,Meriam,Dover,DE,19904,1,Psychiatry,Q3014,Telehealth originating site facility fee,O,122,490.0,490,50.0,25.633959184,18.752673469,18.884510204
1922372077,Majmudar,Meeraben,Elgin,IL,60123,1,"Psychologist, Clinical",Q3014,Telehealth originating site facility fee,O,121,1189.0,1189,30.0,25.730706476,20.465517241,20.465517241
1922407956,Mosher,Raelyn,Kinston,NC,28501,4,Licensed Clinical Social Worker,Q3014,Telehealth originating site facility fee,O,11,23.0,23,50.0,25.73,20.5,20.5
1922505908,Iheonunekwu,Munachiso,Phoenix,AZ,85004,1,Nurse Practitioner,Q3014,Telehealth originating site facility fee,O,13,14.0,14,25.76,25.35,20.2,20.2
1932113735,Mitchell,Baker,Panama City Beach,FL,32407,1,Pain Management,99453,"Remote monitoring of physiologic parameters, initial set-up and patient education on use of equipment",O,115,115.0,115,56.004782609,18.650173913,14.79026087,15.134086957
1932113735,Mitchell,Baker,Panama City Beach,FL,32407,1,Pain Management,99454,"Remote monitoring of physiologic parameters, initial supply of devices with daily recordings or programmed alerts transmission, each 30 days",O,124,551.0,551,183.91176044,61.13,48.89,50.29
1932113735,Mitchell,Baker,Panama City Beach,FL,32407,1,Pain Management,99457,"Remote monitoring of physiologic parameters management services, 20 minutes or more of qualified health care professional time per calendar month",O,124,556.0,556,152.02661871,50.62,40.48,40.4
1932201423,Lyons,Alfred,Jackson,MS,39216,1,Interventional Pain Management,Q3014,Telehealth originating site facility fee,O,15,16.0,16,18.0,17.71,14.11,14.11
1932202074,Sharma,Satyavathi,Mount Vernon,NY,10550,1,Internal Medicine,G2012,"Brief communication technology-based service, e.g. virtual check-in, by a physician or other qualified health care professional who can report evaluation and management services, provided to an established patient, not originating from a related e/m servic",O,12,14.0,14,28.0,16.476428571,11.207142857,9.9342857143
1932213006,Ogwu,Austin,Lancaster,TX,75146,1,Internal Medicine,99453,"Remote monitoring of physiologic parameters, initial set-up and patient education on use of equipment",O,99,99.0,99,40.0,19.211111111,15.311515152,15.257171717
1932213006,Ogwu,Austin,Lancaster,TX,75146,1,Internal Medicine,99454,"Remote monitoring of physiologic parameters, initial supply of devices with daily recordings or programmed alerts transmission, each 30 days",O,99,111.0,111,85.0,63.488468468,50.606576577,50.289099099
1932213006,Ogwu,Austin,Lancaster,TX,75146,1,Internal Medicine,99457,"Remote monitoring of physiologic parameters management services, 20 minutes or more of qualified health care professional time per calendar month",O,99,111.0,111,75.0,50.850900901,40.533333333,40.398648649
1932230307,Goldstein,Linda,Littleton,NH,3561,7,Licensed Clinical Social Worker,Q3014,Telehealth originating site facility fee,O,15,15.0,15,25.026666667,24.654666667,18.310666667,18.310666667
1932254026,Titus,Jenny,Worland,WY,82401,7,Nurse Practitioner,Q3014,Telehealth originating site facility fee,O,19,58.0,58,33.0,25.737241379,20.146551724,20.146551724
1932262698,Ruiz,Andres,Delray Beach,FL,33446,1,Cardiology,99091,"Collection and interpretation of physical parameters stored in computers and/or transmitted by the patient and/or caregiver to qualified health care professional, requiring 30 minutes or more, per 30 days",O,34,34.0,34,90.89,60.416470588,39.905882353,37.750882353
1932262698,Ruiz,Andres,Delray Beach,FL,33446,1,Cardiology,99453,"Remote monitoring of physiologic parameters, initial set-up and patient education on use of equipment",O,55,55.0,55,29.97,19.782727273,15.810363636,15.250181818
1932262698,Ruiz,Andres,Delray Beach,FL,33446,1,Cardiology,99454,"Remote monitoring of physiologic parameters, initial supply of devices with daily recordings or programmed alerts transmission, each 30 days",O,109,766.0,766,97.8,62.447597911,49.913916449,48.340339426
1932262698,Ruiz,Andres,Delray Beach,FL,33446,1,Cardiology,99457,"Remote monitoring of physiologic parameters management services, 20 minutes or more of qualified health care professional time per calendar month",O,109,755.0,755,79.53,52.840463576,42.130754967,40.30402649
1932291986,Alvarez,Maria,Minocqua,WI,54548,10,Family Practice,Q3014,Telehealth originating site facility fee,O,50,55.0,55,40.0,25.289272727,18.810181818,19.285636364
1932336054,Haynes,Annie,Monticello,AR,71655,7,Licensed Clinical Social Worker,Q3014,Telehealth originating site facility fee,O,13,15.0,15,2.54,2.5026666667,1.8573333333,1.8573333333
1932399698,Mast,Nicholas,San Francisco,CA,94117,1,Orthopedic Surgery,99454,"Remote monitoring of physiologic parameters, initial supply of devices with daily recordings or programmed alerts transmission, each 30 days",O,26,46.0,46,169.34,83.32,66.39,50.29
1932412954,Camel,Clacy,Pearland,TX,77584,1,Psychiatry,Q3014,Telehealth originating site facility fee,O,38,63.0,63,29.0,25.907142857,11.85031746,11.85047619
1932420239,Blandamer,Mildred,Talladega,AL,35160,6,Nurse Practitioner,Q3014,Telehealth originating site facility fee,O,54,108.0,108,50.0,25.825833333,15.826018519,15.826018519
1932503281,Dupre,Mary,Manchester,NH,3104,1,Nurse Practitioner,Q3014,Telehealth originating site facility fee,O,32,78.0,78,30.0,25.811794872,16.507179487,16.507179487
1932537511,Tanner,Susan,Nellis Afb,NV,89191,1,Nurse Practitioner,Q3014,Telehealth originating site facility fee,O,44,44.0,44,28.0,25.802727273,16.956363636,16.956363636
1932548633,Ayub,Gisela,El Paso,TX,79936,1,Nurse Practitioner,Q3014,Telehealth originating site facility fee,O,31,69.0,69,39.472753623,25.798550725,17.157246377,17.157246377
1932557238,Beck,Rhonda,Danville,KY,40422,4,"Psychologist, Clinical",Q3014,Telehealth originating site facility fee,O,125,837.0,837,30.131421744,25.755400239,19.260633214,19.260633214
1932690955,Cooper,Lisa,Plymouth,IN,46563,4,Licensed Clinical Social Worker,Q3014,Telehealth originating site facility fee,O,26,88.0,88,40.0,25.734772727,20.267045455,20.267045455
1942203690,Rosenzweig,Andrew,Providence,RI,2906,1,Psychiatry,Q3014,Telehealth originating site facility fee,O,783,3323.0,3317,31.38,25.732205838,20.392278062,20.392278062
1942229539,Lester,Ronald,Grapevine,TX,76051,1.1,Internal Medicine,99453,"Remote monitoring of physiologic parameters, initial set-up and patient education on use of equipment",O,11,11.0,11,29.0,19.004545455,15.140909091,15.272727273
1942229539,Lester,Ronald,Grapevine,TX,76051,1.1,Internal Medicine,99457,"Remote monitoring of physiologic parameters management services, 20 minutes or more of qualified health care professional time per calendar month",O,113,171.0,171,100.40350877,50.296608187,39.982923977,40.313391813
1942232038,Gasso,Julius,Johnson City,TN,37604,1,Interventional Cardiology,99454,"Remote monitoring of physiologic parameters, initial supply of devices with daily recordings or programmed alerts transmission, each 30 days",O,18,65.0,65,173.0,57.552923077,44.799538462,49.092769231
1942232038,Gasso,Julius,Johnson City,TN,37604,1,Interventional Cardiology,99457,"Remote monitoring of physiologic parameters management services, 20 minutes or more of qualified health care professional time per calendar month",O,18,48.0,48,145.0,47.983333333,36.972916667,39.0375
1942257209,Williams,Delwin,Fort Worth,TX,76107,1,Psychiatry,Q3014,Telehealth originating site facility fee,O,23,51.0,51,23.72,23.481568627,11.670588235,11.670588235
1942267703,Martin,Mildred,Conroy,SC,29526,1,Nurse Practitioner,Q3014,Telehealth originating site facility fee,O,44,107.0,107,50.0,25.737850467,20.11682243,20.11682243
1942281852,Grove,James,Grand Rapids,MI,49525,1,Cardiology,Q3014,Telehealth originating site facility fee,O,27,28.0,28,43.857142857,25.805,16.839285714,16.839285714
1942284468,Nayudu,Sasi,Albany,GA,31701,1,Psychiatry,Q3014,Telehealth originating site facility fee,O,165,656.0,656,40.198170732,25.775868902,18.265564024,18.265564024
1942288212,Levinson,Nat,Scranton,PA,18508,1,Pulmonary Disease,99091,"Collection and interpretation of physical parameters stored in computers and/or transmitted by the patient and/or caregiver to qualified health care professional, requiring 30 minutes or more, per 30 days",O,22,30.0,30,60.0,56.656333333,41.534,42.222333333
1942301726,Mroz,Jolanta,Minocqua,WI,54548,10,Internal Medicine,Q3014,Telehealth originating site facility fee,O,41,47.0,47,40.0,25.774680851,18.319148936,18.319148936
1942310958,Beshay,Hany,Hazard,KY,41701,7,Psychiatry,Q3014,Telehealth originating site facility fee,F,110,278.0,278,35.0,25.81442446,16.379676259,16.379676259
1942350780,Hertz,Howard,Babylon,NY,11702,1,Internal Medicine,G2012,"Brief communication technology-based service, e.g. virtual check-in, by a physician or other qualified health care professional who can report evaluation and management services, provided to an established patient, not originating from a related e/m servic",O,12,15.0,15,100.0,16.74,13.34,11.59
1942388335,Forster-Fueredi,Cindy,Lake Geneva,WI,53147,4,"Psychologist, Clinical",Q3014,Telehealth originating site facility fee,O,20,44.0,44,31.38,25.73,20.5,20.5
1942395108,Ibrahim,Ehab,Hackensack,NJ,07601,1,Internal Medicine,99453,"Remote monitoring of physiologic parameters, initial set-up and patient education on use of equipment",O,11,11.0,11,30.0,22.65,18.07,15.25
1942436209,Kline,William,Bartlesville,OK,74006,4,Nurse Practitioner,99453,"Remote monitoring of physiologic parameters, initial set-up and patient education on use of equipment",O,12,12.0,12,42.0,14.24,11.38,12.97
1942436209,Kline,William,Bartlesville,OK,74006,4,Nurse Practitioner,99454,"Remote monitoring of physiologic parameters, initial supply of devices with daily recordings or programmed alerts transmission, each 30 days",O,22,22.0,22,139.0,46.87,37.45,42.74
1942436209,Kline,William,Bartlesville,OK,74006,4,Nurse Practitioner,99457,"Remote monitoring of physiologic parameters management services, 20 minutes or more of qualified health care professional time per calendar month",O,32,32.0,32,119.0,40.32,32.22,34.34
1942486550,Manning,Nina,Lafayette,LA,70501,1,Nurse Practitioner,99091,"Collection and interpretation of physical parameters stored in computers and/or transmitted by the patient and/or caregiver to qualified health care professional, requiring 30 minutes or more, per 30 days",O,40,72.0,72,70.0,47.720833333,37.482083333,38.375138889
1942506589,Malagon,Brittany,Tampa,FL,33614,1,Emergency Medicine,99453,"Remote monitoring of physiologic parameters, initial set-up and patient education on use of equipment",F,15,15.0,15,47.58,22.153333333,17.65,15.26
1942506589,Malagon,Brittany,Tampa,FL,33614,1,Emergency Medicine,99457,"Remote monitoring of physiologic parameters management services, 20 minutes or more of qualified health care professional time per calendar month",F,14,14.0,14,73.68,35.277142857,28.105714286,25.430714286
1942511506,Frawley,Stacy,Sacramento,CA,95835,1,Nurse Practitioner,99457,"Remote monitoring of physiologic parameters management services, 20 minutes or more of qualified health care professional time per calendar month",O,16,58.0,58,155.0,45.23,36.04,34.34
1942543533,Walker-Mccarter,Fairen,Daphne,AL,36526,1.1,Pain Management,99453,"Remote monitoring of physiologic parameters, initial set-up and patient education on use of equipment",O,89,89.0,89,56.00258427,17.008426966,13.548876404,15.250674157
1942543533,Walker-Mccarter,Fairen,Daphne,AL,36526,1.1,Pain Management,99454,"Remote monitoring of physiologic parameters, initial supply of devices with daily recordings or programmed alerts transmission, each 30 days",O,78,233.0,233,183.97081545,56.20223176,44.779399142,50.29
1942543533,Walker-Mccarter,Fairen,Daphne,AL,36526,1.1,Pain Management,99457,"Remote monitoring of physiologic parameters management services, 20 minutes or more of qualified health care professional time per calendar month",O,77,231.0,231,152.00865801,47.051818182,37.491038961,40.387056277
1942626098,Diebold,Chandra,Butler,PA,16001,4,Nurse Practitioner,Q3014,Telehealth originating site facility fee,O,123,272.0,272,29.338235294,25.734227941,20.293014706,20.293014706
1942684618,Hardeman,Joseph,San Francisco,CA,94115,1,Audiologist,G2010,"Remote evaluation of recorded video and/or images submitted by an established patient (e.g., store and forward), including interpretation with follow-up with the patient within 24 business hours, not originating from a related e/m service provided within t",O,116,116.0,116,15.0,13.366206897,10.650517241,9.9147413793
1942693346,Murray-Taylor,Faith,Grand Forks,ND,58201,1,Nurse Practitioner,Q3014,Telehealth originating site facility fee,O,26,49.0,49,51.0,25.73,20.5,20.5
1942753322,Akers,Mary,Uniontown,OH,44685,1,Nurse Practitioner,G2012,"Brief communication technology-based service, e.g. virtual check-in, by a physician or other qualified health care professional who can report evaluation and management services, provided to an established patient, not originating from a related e/m servic",O,11,14.0,14,30.0,12.126428571,8.9885714286,9.1707142857
1942774500,Webb,Angela,Farmington,MO,63640,4,"Psychologist, Clinical",Q3014,Telehealth originating site facility fee,O,57,153.0,153,39.346405229,25.73,20.5,20.5
1952306011,Erdman,Rick,Tomah,WI,54660,7,Internal Medicine,Q3014,Telehealth originating site facility fee,O,11,13.0,13,39.0,25.794615385,17.346153846,17.346153846
1952308538,Berger,Paul,Commack,NY,11725,1,Internal Medicine,G2012,"Brief communication technology-based service, e.g. virtual check-in, by a physician or other qualified health care professional who can report evaluation and management services, provided to an established patient, not originating from a related e/m servic",O,33,43.0,43,29.418604651,15.090465116,11.926511628,11.59
1952310799,Baravarian,Babak,Santa Monica,CA,90403,1,Podiatry,99453,"Remote monitoring of physiologic parameters, initial set-up and patient education on use of equipment",O,26,26.0,26,100.0,22.69,18.14,15.25
1952341968,Gupta,Lalit,Decorah,IA,52101,7,Psychiatry,Q3014,Telehealth originating site facility fee,O,16,30.0,30,75.0,25.73,20.5,20.5
1952343501,Pasha,Raza,Houston,TX,77082,1,Otolaryngology,99091,"Collection and interpretation of physical parameters stored in computers and/or transmitted by the patient and/or caregiver to qualified health care professional, requiring 30 minutes or more, per 30 days",O,49,226.0,226,200.0,56.864557522,45.507477876,46.245309735
1952364267,White,Stephanie,Gladstone,MO,64118,1,Licensed Clinical Social Worker,Q3014,Telehealth originating site facility fee,O,79,325.0,325,30.430769231,25.751661538,19.444861538,19.444861538
1952399313,Grebennikov,Vladimir,Richardson,TX,75080,1,Internal Medicine,99453,"Remote monitoring of physiologic parameters, initial set-up and patient education on use of equipment",O,18,18.0,18,25.0,19.33,15.4,15.26
1952399784,Chodri,Tanvir,Asheboro,NC,27203,4,Pulmonary Disease,99091,"Collection and interpretation of physical parameters stored in computers and/or transmitted by the patient and/or caregiver to qualified health care professional, requiring 30 minutes or more, per 30 days",O,154,208.0,208,75.0,55.247788462,43.839182692,45.668990385
1952415697,Ostrander,Patricia,Sacramento,CA,95816,1,Endocrinology,99091,"Collection and interpretation of physical parameters stored in computers and/or transmitted by the patient and/or caregiver to qualified health care professional, requiring 30 minutes or more, per 30 days",O,53,72.0,72,218.75,59.594027778,45.036527778,43.281805556
1952417248,Wientzen,Daniel,Decorah,IA,52101,7,Family Practice,Q3014,Telehealth originating site facility fee,O,19,19.0,19,39.0,25.918421053,11.296315789,11.296315789
1952521007,Hall,Stephanie,Louisville,KY,40218,1,Psychiatry,Q3014,Telehealth originating site facility fee,O,14,14.0,14,30.0,26.0,7.3214285714,7.3214285714
1952545915,Chang,Dennis,North Las Vegas,NV,89086,1,Psychiatry,Q3014,Telehealth originating site facility fee,O,27,98.0,98,109.4555102,25.791836735,17.491836735,17.491836735
1952616187,Riaz,Ahsan,Richardson,TX,75080,1,General Practice,99457,"Remote monitoring of physiologic parameters management services, 20 minutes or more of qualified health care professional time per calendar month",O,86,100.0,100,135.0,51.0649,39.4312,39.1644
1952670291,Uwazie,Nkeiru,Athens,GA,30606,1,Nurse Practitioner,Q3014,Telehealth originating site facility fee,O,65,89.0,89,28.0,25.73,20.5,20.5
1952689523,Rinehart,Christel,Le Mars,IA,51031,7,Nurse Practitioner,Q3014,Telehealth originating site facility fee,O,50,159.0,159,95.0,25.754465409,19.306352201,19.306352201
1952696643,Mohan,Michael,Mesa,AZ,85206,1,Sleep Medicine,99453,"Remote monitoring of physiologic parameters, initial set-up and patient education on use of equipment",O,84,91.0,91,20.0,18.553296703,14.617582418,15.098901099
1952707465,Brion,John,Chapel Hill,NC,27516,1,Nurse Practitioner,Q3014,Telehealth originating site facility fee,O,23,54.0,54,21.25,20.966666667,13.883333333,13.883333333
1962408435,Robinson,Lonnie,Mountain Home,AR,72653,4,Family Practice,99091,"Collection and interpretation of physical parameters stored in computers and/or transmitted by the patient and/or caregiver to qualified health care professional, requiring 30 minutes or more, per 30 days",O,11,11.0,11,58.4,52.907272727,42.861818182,46.810909091
1962430413,Levine,Msonthi,Beaumont,TX,77701,1,Internal Medicine,99091,"Collection and interpretation of physical parameters stored in computers and/or transmitted by the patient and/or caregiver to qualified health care professional, requiring 30 minutes or more, per 30 days",O,57,67.0,67,110.0,56.681940299,37.356268657,37.997164179
1962463877,Sutter,Reuben,Albuquerque,NM,87109,1,Psychiatry,Q3014,Telehealth originating site facility fee,O,134,408.0,408,30.735294118,25.812916667,16.452867647,16.452867647
1962487462,Nelson,Roscoe,Glendale,AZ,85308,1,Urology,99457,"Remote monitoring of physiologic parameters management services, 20 minutes or more of qualified health care professional time per calendar month",O,11,11.0,11,65.0,49.89,39.79,40.4
1962500413,Chung,Andrew,Dallas,TX,75246,1,Internal Medicine,99453,"Remote monitoring of physiologic parameters, initial set-up and patient education on use of equipment",O,20,21.0,21,30.0,19.61,15.68,15.26
1962512475,Thacker,Seema,Houston,TX,77074,1,Psychiatry,Q3014,Telehealth originating site facility fee,O,17,26.0,26,29.0,25.746153846,19.711538462,19.711538462
1962558171,Donepudi,Ramesh,Lowell,MA,1852,1,Internal Medicine,99454,"Remote monitoring of physiologic parameters, initial supply of devices with daily recordings or programmed alerts transmission, each 30 days",O,31,31.0,31,91.129032258,74.284193548,59.206774194,50.29
1962558957,Okine,Albert,Sioux City,IA,51106,1,Physician Assistant,Q3014,Telehealth originating site facility fee,O,15,20.0,20,50.0,25.73,20.5,20.5
1962592089,Pelogitis,Peter,Austin,TX,78731,1,Psychiatry,Q3014,Telehealth originating site facility fee,O,48,117.0,117,25.0,24.697350427,14.835470085,14.835470085
1962646638,Scroggins,Carol,Cordova,TN,38018,1,Nurse Practitioner,99091,"Collection and interpretation of physical parameters stored in computers and/or transmitted by the patient and/or caregiver to qualified health care professional, requiring 30 minutes or more, per 30 days",O,186,300.0,300,114.81666667,46.840366667,37.484866667,38.9973
1962660589,Boghara,Hareshkumar,Dallas,TX,75217,1,Family Practice,99453,"Remote monitoring of physiologic parameters, initial set-up and patient education on use of equipment",O,16,16.0,16,57.5,19.42,15.49,15.26
1962664623,Seabolt,Wesley,Swainsboro,GA,30401,7,Psychiatry,Q3014,Telehealth originating site facility fee,O,89,164.0,164,20.52,20.227195122,14.278780488,14.278780488
1962667691,Horner,Gretchen,Portsmouth,OH,45662,4,Nurse Practitioner,Q3014,Telehealth originating site facility fee,O,57,161.0,161,27.822360248,25.712981366,18.826397516,18.826397516
1962714204,Ngona,Ketty,Baltimore,MD,21202,1,Nurse Practitioner,Q3014,Telehealth originating site facility fee,O,21,27.0,27,50.0,25.73,20.5,20.5
1962727453,Shah,Gaurav,Brooksville,FL,34601,1.1,Critical Care (Intensivists),99457,"Remote monitoring of physiologic parameters management services, 20 minutes or more of qualified health care professional time per calendar month",O,77,107.0,107,65.420560748,50.61,40.47,40.4
1962747238,Leighton,Linzi,Houston,TX,77007,1,Nurse Practitioner,Q3014,Telehealth originating site facility fee,O,32,105.0,105,45.0,25.552,17.428285714,17.669238095
1962768580,Burns,Kenneth,Winston Salem,NC,27103,1,Critical Care (Intensivists),99457,"Remote monitoring of physiologic parameters management services, 20 minutes or more of qualified health care professional time per calendar month",O,16,16.0,16,55.0,48.37,38.54,40.4
1962983627,Borja,Katerina,Irvine,CA,92614,1,Nurse Practitioner,G2012,"Brief communication technology-based service, e.g. virtual check-in, by a physician or other qualified health care professional who can report evaluation and management services, provided to an established patient, not originating from a related e/m servic",O,27,29.0,29,30.0,13.26,10.56,9.84
1972005809,Varnado,Lisa,Michigan City,IN,46360,1,Nurse Practitioner,99453,"Remote monitoring of physiologic parameters, initial set-up and patient education on use of equipment",O,62,64.0,64,34.4884375,14.8,11.79,12.97
1972005809,Varnado,Lisa,Michigan City,IN,46360,1,Nurse Practitioner,99454,"Remote monitoring of physiologic parameters, initial supply of devices with daily recordings or programmed alerts transmission, each 30 days",O,127,170.0,170,114.45147059,49.15,39.16,42.74
1972005809,Varnado,Lisa,Michigan City,IN,46360,1,Nurse Practitioner,99457,"Remote monitoring of physiologic parameters management services, 20 minutes or more of qualified health care professional time per calendar month",O,124,164.0,164,94.266585366,40.45,32.23,34.34
1972084978,Robinson,Nicole,Grand Forks,ND,58201,1,Nurse Practitioner,Q3014,Telehealth originating site facility fee,O,11,36.0,36,50.0,25.73,20.5,20.5
1972500510,Kanaan,Ann,San Benito,TX,78586,1,Family Practice,99091,"Collection and interpretation of physical parameters stored in computers and/or transmitted by the patient and/or caregiver to qualified health care professional, requiring 30 minutes or more, per 30 days",O,14,103.0,103,80.0,56.240970874,44.805242718,45.715533981
1972507895,Ryan,Janet,Decorah,IA,52101,7,Family Practice,Q3014,Telehealth originating site facility fee,O,13,13.0,13,39.0,25.736923077,20.185384615,20.185384615
1972508232,Lang,Mark,Broadview Hts,OH,44147,1,Family Practice,G2012,"Brief communication technology-based service, e.g. virtual check-in, by a physician or other qualified health care professional who can report evaluation and management services, provided to an established patient, not originating from a related e/m servic",O,11,12.0,12,15.0,14.345,8.6025,8.795
1972509222,Kline,Robb,La Crosse,WI,54601,1,Family Practice,Q3014,Telehealth originating site facility fee,O,19,30.0,30,39.0,25.758,19.133333333,19.133333333
1972529709,Antony,Kristin,Ottawa,KS,66067,4,Nurse Practitioner,Q3014,Telehealth originating site facility fee,O,51,125.0,125,40.0,25.86208,14.05632,14.05632
1972530780,Polk,Gary,Amarillo,TX,79106,1,Pulmonary Disease,99091,"Collection and interpretation of physical parameters stored in computers and/or transmitted by the patient and/or caregiver to qualified health care professional, requiring 30 minutes or more, per 30 days",O,62,67.0,67,124.83,56.04119403,40.755970149,41.964776119
1972537090,Abraham,Ladly,Little Rock,AR,72204,1,Pulmonary Disease,99091,"Collection and interpretation of physical parameters stored in computers and/or transmitted by the patient and/or caregiver to qualified health care professional, requiring 30 minutes or more, per 30 days",O,98,174.0,174,94.0,55.115747126,39.090689655,40.961724138
1972565174,Sampson,Leesa,Boone,NC,28607,4,Nurse Practitioner,Q3014,Telehealth originating site facility fee,O,69,195.0,195,25.0,24.654102564,16.949230769,16.949230769
1972573392,Tayi,Sudha,Kingwood,TX,77339,1,Psychiatry,Q3014,Telehealth originating site facility fee,O,31,34.0,34,40.0,25.804117647,16.882352941,16.882352941
1972578672,Wickern,Gregory,Twin Falls,ID,83301,4,Allergy/ Immunology,Q3014,Telehealth originating site facility fee,O,33,46.0,44,25.1,24.769565217,16.257391304,16.257391304
1972605434,Monge,Fabrizio,Punta Gorda,FL,33950,1,Pulmonary Disease,99453,"Remote monitoring of physiologic parameters, initial set-up and patient education on use of equipment",O,52,52.0,52,26.25,18.64,14.91,15.26
1972605434,Monge,Fabrizio,Punta Gorda,FL,33950,1,Pulmonary Disease,99454,"Remote monitoring of physiologic parameters, initial supply of devices with daily recordings or programmed alerts transmission, each 30 days",O,52,169.0,169,86.0,61.09,48.85,50.29
1972640225,Hopkin,Justin,Rochester,NY,14642,1,Internal Medicine,Q3014,Telehealth originating site facility fee,O,31,50.0,50,40.0,25.3956,19.1002,19.4632
1972647931,Sheikh,Shabnum,Ann Arbor,MI,48104,1,Psychiatry,Q3014,Telehealth originating site facility fee,O,81,153.0,153,26.15,25.810130719,16.588235294,16.588235294
1972656908,Baird,Clinton,Tulsa,OK,74137,1,Neurosurgery,99453,"Remote monitoring of physiologic parameters, initial set-up and patient education on use of equipment",O,121,143.0,143,34.401398601,17.101818182,13.534685315,15.156293706
1972656908,Baird,Clinton,Tulsa,OK,74137,1,Neurosurgery,99454,"Remote monitoring of physiologic parameters, initial supply of devices with daily recordings or programmed alerts transmission, each 30 days",O,116,135.0,135,113.45311111,56.336296296,44.557481481,49.928074074
1972656908,Baird,Clinton,Tulsa,OK,74137,1,Neurosurgery,99457,"Remote monitoring of physiologic parameters management services, 20 minutes or more of qualified health care professional time per calendar month",O,114,131.0,131,96.5,47.695496183,37.719847328,40.114961832
1972691368,Roberts,Michael,Niceville,FL,32578,1,Internal Medicine,99453,"Remote monitoring of physiologic parameters, initial set-up and patient education on use of equipment",O,50,52.0,52,50.0,18.57,14.84,15.26
1972691368,Roberts,Michael,Niceville,FL,32578,1,Internal Medicine,99454,"Remote monitoring of physiologic parameters, initial supply of devices with daily recordings or programmed alerts transmission, each 30 days",O,34,54.0,54,100.0,60.9,48.66,50.29
1972691368,Roberts,Michael,Niceville,FL,32578,1,Internal Medicine,99457,"Remote monitoring of physiologic parameters management services, 20 minutes or more of qualified health care professional time per calendar month",O,40,58.0,58,75.0,50.43,40.29,40.4
1972701712,France,Wanda,London,KY,40744,4,Nurse Practitioner,Q3014,Telehealth originating site facility fee,O,46,204.0,204,30.705882353,25.755196078,19.27127451,19.27127451
1972762912,Sharma,Madan,Beverly Hills,CA,90210,1,Cardiology,99091,"Collection and interpretation of physical parameters stored in computers and/or transmitted by the patient and/or caregiver to qualified health care professional, requiring 30 minutes or more, per 30 days",O,30,153.0,153,126.0,61.571568627,48.632875817,45.325947712
1972762912,Sharma,Madan,Beverly Hills,CA,90210,1,Cardiology,99453,"Remote monitoring of physiologic parameters, initial set-up and patient education on use of equipment",O,23,24.0,24,46.0,20.896666667,16.725833333,15.568333333
1972777902,Peters,Claudia,Waynesville,NC,28786,1,Family Practice,Q3014,Telehealth originating site facility fee,O,17,46.0,46,21.25,20.932173913,15.573478261,15.573478261
1972900272,Spaeth,Stacy,Fergus Falls,MN,56537,4,Nurse Practitioner,Q3014,Telehealth originating site facility fee,O,19,21.0,21,51.0,24.675238095,17.733333333,18.844761905
1972934313,Sparkman,Kelly,Beaumont,TX,77701,1,Nurse Practitioner,Q3014,Telehealth originating site facility fee,O,25,31.0,31,25.44516129,25.127741935,15.522580645,15.522580645
1972937316,Green,Tricia,Longview,TX,75604,1,Nurse Practitioner,Q3014,Telehealth originating site facility fee,O,35,147.0,147,45.0,25.786190476,17.757210884,17.757210884
1972939981,Walker,Jerusalem,Copper Hill,VA,24079,10,Nurse Practitioner,Q3014,Telehealth originating site facility fee,O,21,58.0,58,26.15,25.73,20.5,20.5
1972989721,Gesulga,Jayson,Des Moines,IA,50309,1,Physician Assistant,Q3014,Telehealth originating site facility fee,O,65,120.0,120,31.5,25.7405,19.9875,19.9875
1982015590,Smith,Justin,Rome,GA,30165,1,Family Practice,Q3014,Telehealth originating site facility fee,O,13,20.0,20,36.7,25.73,20.5,20.5
1982083879,Jordan,Karina,Washington,DC,20037,1,Internal Medicine,99457,"Remote monitoring of physiologic parameters management services, 20 minutes or more of qualified health care professional time per calendar month",O,11,11.0,11,180.0,57.72,45.99,45.99
1982091831,Puckett,Sonya,Charleston,SC,29407,1,Nurse Practitioner,G2012,"Brief communication technology-based service, e.g. virtual check-in, by a physician or other qualified health care professional who can report evaluation and management services, provided to an established patient, not originating from a related e/m servic",F,14,16.0,16,15.915625,10.74,8.58,8.88
1982617262,Hignite,Barbara,Framingham,MA,1702,1,Nurse Practitioner,Q3014,Telehealth originating site facility fee,O,134,772.0,772,30.598445596,25.759106218,19.080181347,19.080181347
1982632006,Czarnota-Dolliver,Lucyna,Dartmouth,MA,2747,1,Psychiatry,G2012,"Brief communication technology-based service, e.g. virtual check-in, by a physician or other qualified health care professional who can report evaluation and management services, provided to an established patient, not originating from a related e/m servic",O,86,211.0,211,50.0,15.091184834,11.963033175,11.525118483
1982634168,Doney,Sherry,Saint Louis,MO,63109,1,Certified Clinical Nurse Specialist,Q3014,Telehealth originating site facility fee,O,28,67.0,67,24.0,23.689552239,15.368955224,15.368955224
1982643565,Forsythe,William,Kennewick,WA,99336,1,Emergency Medicine,Q3014,Telehealth originating site facility fee,O,24,53.0,53,50.0,25.745849057,19.726415094,19.726415094
1982673976,Zandi,Dariush,San Leandro,CA,94578,1,Family Practice,99453,"Remote monitoring of physiologic parameters, initial set-up and patient education on use of equipment",O,165,165.0,165,30.0,24.274545455,18.937636364,15.075030303
1982673976,Zandi,Dariush,San Leandro,CA,94578,1,Family Practice,99454,"Remote monitoring of physiologic parameters, initial supply of devices with daily recordings or programmed alerts transmission, each 30 days",O,180,824.0,824,75.0,71.450424757,56.443203883,50.290400485
1982673976,Zandi,Dariush,San Leandro,CA,94578,1,Family Practice,99457,"Remote monitoring of physiologic parameters management services, 20 minutes or more of qualified health care professional time per calendar month",O,25,72.0,72,60.0,57.16,45.16,40.4
1982683041,Fafalak,Robert,New York,NY,10010,1,Rheumatology,G2010,"Remote evaluation of recorded video and/or images submitted by an established patient (e.g., store and forward), including interpretation with follow-up with the patient within 24 business hours, not originating from a related e/m service provided within t",O,28,38.0,38,28.0,14.19,11.35,9.89
1982689006,Mike,Margaret,Carrollton,TX,75010,1,Sleep Medicine,99091,"Collection and interpretation of physical parameters stored in computers and/or transmitted by the patient and/or caregiver to qualified health care professional, requiring 30 minutes or more, per 30 days",O,105,161.0,161,140.0,55.172049689,43.73136646,45.718074534
1982711776,Hughes,Doris,Binghamton,NY,13905,1,Nurse Practitioner,Q3014,Telehealth originating site facility fee,O,11,14.0,14,67.454285714,25.85,14.642857143,14.642857143
1982714424,Terry,Wanda,Houston,TX,77002,1,Psychiatry,Q3014,Telehealth originating site facility fee,O,15,17.0,17,32.841176471,24.548235294,17.325882353,17.325882353
1982729802,Fluture,Adrian,Casper,WY,82601,1,Interventional Cardiology,Q3014,Telehealth originating site facility fee,O,27,28.0,28,36.642857143,25.79,17.571428571,17.571428571
1982760526,Zacks,Eran,Eatontown,NJ,7724,1,Clinical Cardiac Electrophysiology,99453,"Remote monitoring of physiologic parameters, initial set-up and patient education on use of equipment",O,32,32.0,32,36.375,21.44,17.08,15.26
1982766291,Raber,Eugene,Glen Cove,NY,11542,1,Internal Medicine,G2012,"Brief communication technology-based service, e.g. virtual check-in, by a physician or other qualified health care professional who can report evaluation and management services, provided to an established patient, not originating from a related e/m servic",O,58,68.0,68,100.0,16.901617647,13.301470588,11.419558824
1982835567,Kumar,Anupam,Grand Rapids,MI,49546,1,Internal Medicine,Q3014,Telehealth originating site facility fee,O,17,17.0,17,43.941176471,25.73,20.5,20.5
1982869467,Kelly,Peter,Moorestown,NJ,8057,1,Family Practice,99091,"Collection and interpretation of physical parameters stored in computers and/or transmitted by the patient and/or caregiver to qualified health care professional, requiring 30 minutes or more, per 30 days",O,12,20.0,20,89.0,60.98,48.75,45.78
1982933735,Miller,Michael,Albuquerque,NM,87111,1,Nurse Practitioner,Q3014,Telehealth originating site facility fee,O,21,42.0,42,23.0,22.682857143,15.454285714,15.454285714
1992100903,Chukwura,Damaris,Dallas,TX,75247,1,Nurse Practitioner,Q3014,Telehealth originating site facility fee,O,27,40.0,40,50.71375,25.672,17.403,17.403
1992128383,Wilhite,Savannah,Springfield,MA,1103,1,Nurse Practitioner,Q3014,Telehealth originating site facility fee,O,50,179.0,179,75.0,25.74273743,19.877821229,19.877821229
1992191159,Acosta,Leslie,Lexington,KY,40509,1,Nurse Practitioner,Q3014,Telehealth originating site facility fee,O,167,2034.0,2034,30.800393314,25.74306293,19.862428712,19.862428712
1992247456,Burke,Lacey,Greenville,SC,29601,1,Nurse Practitioner,99091,"Collection and interpretation of physical parameters stored in computers and/or transmitted by the patient and/or caregiver to qualified health care professional, requiring 30 minutes or more, per 30 days",O,307,466.0,466,125.0,46.789806867,32.812596567,34.559463519
1992292874,Burton,Yotta,Waycross,GA,31501,4,Nurse Practitioner,Q3014,Telehealth originating site facility fee,O,14,22.0,22,26.0,25.675454545,15.748181818,15.748181818
1992706717,Barnard,Paul,Gilbert,AZ,85234,1,Pulmonary Disease,99091,"Collection and interpretation of physical parameters stored in computers and/or transmitted by the patient and/or caregiver to qualified health care professional, requiring 30 minutes or more, per 30 days",O,54,58.0,58,110.0,56.957758621,41.673965517,42.074310345
1992724264,Ring,Marcia,Britt,IA,50423,10,Nurse Practitioner,Q3014,Telehealth originating site facility fee,O,107,433.0,433,79.120092379,25.820669746,16.0747806,16.076535797
1992740252,Razdan,Amit,Tampa,FL,33613,1,Psychiatry,Q3014,Telehealth originating site facility fee,O,30,109.0,109,6.2849541284,6.1597247706,4.3617431193,4.3973394495
1992741789,Schendel,Kevin,Baltimore,MD,21237,1,Internal Medicine,G2012,"Brief communication technology-based service, e.g. virtual check-in, by a physician or other qualified health care professional who can report evaluation and management services, provided to an established patient, not originating from a related e/m servic",O,40,46.0,46,25.0,15.655869565,10.062391304,9.3143478261
1992759476,Szewc,Robert,San Antonio,TX,78207,1,Internal Medicine,99453,"Remote monitoring of physiologic parameters, initial set-up and patient education on use of equipment",O,39,41.0,41,25.487804878,18.15,14.485853659,15.236341463
1992759476,Szewc,Robert,San Antonio,TX,78207,1,Internal Medicine,99454,"Remote monitoring of physiologic parameters, initial supply of devices with daily recordings or programmed alerts transmission, each 30 days",O,25,29.0,29,75.0,59.95,47.93,50.29
1992812168,Cantor,John,Grand Rapids,MI,49546,1,Pulmonary Disease,Q3014,Telehealth originating site facility fee,O,44,47.0,47,43.936170213,25.756808511,19.191489362,19.191489362
1992816706,Polsky,Michael,Richmond,VA,23225,1,Sleep Medicine,99453,"Remote monitoring of physiologic parameters, initial set-up and patient education on use of equipment",O,14,14.0,14,30.0,19.14,15.31,15.26
1992816706,Polsky,Michael,Richmond,VA,23225,1,Sleep Medicine,99454,"Remote monitoring of physiologic parameters, initial supply of devices with daily recordings or programmed alerts transmission, each 30 days",O,23,88.0,88,120.0,63.14,50.5,50.29
1992816706,Polsky,Michael,Richmond,VA,23225,1,Sleep Medicine,99457,"Remote monitoring of physiologic parameters management services, 20 minutes or more of qualified health care professional time per calendar month",O,19,34.0,34,95.0,50.95,40.75,40.4
1992844906,Chase,Duane,Gallup,NM,87301,4,Psychiatry,Q3014,Telehealth originating site facility fee,O,18,49.0,49,41.081632653,24.652244898,13.800816327,13.800816327
1992847669,Baliga,Bantwal,Opelika,AL,36801,1,Endocrinology,99453,"Remote monitoring of physiologic parameters, initial set-up and patient education on use of equipment",O,149,158.0,158,34.0,17.126455696,13.646582278,15.255696203
1992847669,Baliga,Bantwal,Opelika,AL,36801,1,Endocrinology,99454,"Remote monitoring of physiologic parameters, initial supply of devices with daily recordings or programmed alerts transmission, each 30 days",O,144,480.0,480,76.241666667,55.792666667,44.462375,50.44725
1992847669,Baliga,Bantwal,Opelika,AL,36801,1,Endocrinology,99457,"Remote monitoring of physiologic parameters management services, 20 minutes or more of qualified health care professional time per calendar month",O,152,510.0,510,95.937254902,47.390019608,37.604019608,40.283254902
1992880322,Rose,Jonathan,Brooklyn,NY,11219,1,Emergency Medicine,99453,"Remote monitoring of physiologic parameters, initial set-up and patient education on use of equipment",F,85,87.0,87,47.033103448,21.888045977,16.567701149,14.558390805
1992880322,Rose,Jonathan,Brooklyn,NY,11219,1,Emergency Medicine,99457,"Remote monitoring of physiologic parameters management services, 20 minutes or more of qualified health care professional time per calendar month",F,74,75.0,75,72.6976,34.609733333,27.040933333,24.951866667
1992889505,Sogade,Felix,Macon,GA,31201,1,Clinical Cardiac Electrophysiology,99457,"Remote monitoring of physiologic parameters management services, 20 minutes or more of qualified health care professional time per calendar month",O,22,91.0,91,500.0,39.48967033,30.833736264,39.788791209
1992914659,Truog,Laurie,Jacksonville,FL,32207,1,Psychiatry,Q3014,Telehealth originating site facility fee,O,18,58.0,58,24.0,23.633103448,18.171034483,18.171034483
1992943658,Mukkavilli,Venkata,Dallas,TX,75235,1,Psychiatry,Q3014,Telehealth originating site facility fee,O,19,21.0,21,25.0,24.676190476,15.866666667,15.866666667
1992973648,Faust,Harry,Big Spring,TX,79720,4,Psychiatry,Q3014,Telehealth originating site facility fee,O,97,395.0,395,25.0,24.662278481,16.549443038,16.549443038
1992975841,Rush,James,Amarillo,TX,79106,1,Psychiatry,Q3014,Telehealth originating site facility fee,O,655,3852.0,3850,31.410425753,25.725931983,20.355449117,20.357048287
1992996458,Mataverde,Philip,Portage,MI,49024,1,Sleep Medicine,99091,"Collection and interpretation of physical parameters stored in computers and/or transmitted by the patient and/or caregiver to qualified health care professional, requiring 30 minutes or more, per 30 days",O,42,42.0,42,75.0,55.742619048,40.152380952,41.539047619
